time,1day_active_users
2015-03-23,19317.427086732725
2015-03-24,19906.733726393366
2015-03-25,19698.61851082743
2015-03-26,19497.328633251007
2015-03-27,18780.589961483678
2015-03-28,15425.704539883698
2015-03-29,16606.14081841676
2015-03-30,20748.973003831274
2015-03-31,21179.332073797894
2015-04-01,20801.528456127835
2015-04-02,20423.40277773067
2015-04-03,19528.082946135957
2015-04-04,16000.337107586309
2015-04-05,17007.69911472468
2015-04-06,20983.19526536803
2015-04-07,21264.57834895998
2015-04-08,20754.694720394407
2015-04-09,20262.21817838946
2015-04-10,19272.286213700492
2015-04-11,15673.226788987608
2015-04-12,16622.350719083428
2015-04-13,20554.106633711617
2015-04-14,20814.243678830335
2015-04-15,20299.568922589937
2015-04-16,19815.206182910722
2015-04-17,18844.24488354297
2015-04-18,15274.96175603649
2015-04-19,16251.385344777322
2015-04-20,20206.96548920713
2015-04-21,20493.72963588486
2015-04-22,20001.472443485734
2015-04-23,19531.557309883934
2015-04-24,18565.571188255017
2015-04-25,14993.010633473916
2015-04-26,15946.56512201372
2015-04-27,19861.226896344146
2015-04-28,20098.34839354266
2015-04-29,19544.15627299178
2015-04-30,18999.976086329338
2015-05-01,17949.765556911527
2015-05-02,14288.133591760068
2015-05-03,15140.211306225703
2015-05-04,18946.07550588626
2015-05-05,19079.58884828922
2015-05-06,18426.13192676821
2015-05-07,17789.16001741533
2015-05-08,16656.54185019891
2015-05-09,12928.858928954296
2015-05-10,13723.833498432166
2015-05-11,17486.057692554736
2015-05-12,17600.631436483378
2015-05-13,16950.150046340725
2015-05-14,16337.651687236308
2015-05-15,15251.839877280901
2015-05-16,11595.757897731643
2015-05-17,12475.882497002465
2015-05-18,16337.278225723916
2015-05-19,16572.15929832467
2015-05-20,16056.261419679797
2015-05-21,15588.30806718995
2015-05-22,14654.239066571196
2015-05-23,11156.374221391283
2015-05-24,12187.273775966145
2015-05-25,16190.403925564147
2015-05-26,16563.689889621164
2015-05-27,16175.318931317304
2015-05-28,15819.75075743506
2015-05-29,14980.954905214438
2015-05-30,11562.043238181981
2015-05-31,12643.854917142684
2015-06-01,16671.069883066444
2015-06-02,17050.670958397586
2015-06-03,16647.079382001953
2015-06-04,16254.597146867336
2015-06-05,15359.530920016454
2015-06-06,11870.16474244367
2015-06-07,12859.938371697925
2015-06-08,16778.879113844057
2015-06-09,17046.848784939782
2015-06-10,16527.896828832258
2015-06-11,16019.032395632676
2015-06-12,15011.148449178061
2015-06-13,11419.26681316298
2015-06-14,12310.26259190942
2015-06-15,16139.589076633307
2015-06-16,16339.307098817426
2015-06-17,15771.67616576927
2015-06-18,15234.299021461806
2015-06-19,14219.909717076702
2015-06-20,10646.973902745798
2015-06-21,11572.058859693987
2015-06-22,15451.964653016801
2015-06-23,15726.65927882209
2015-06-24,15252.237728166798
2015-06-25,14822.571529525241
2015-06-26,13928.091869050191
2015-06-27,10486.870840605723
2015-06-28,11541.753625884623
2015-06-29,15547.999726304593
2015-06-30,15951.211885160006
2015-07-01,15599.732538324797
2015-07-02,15282.847158777942
2015-07-03,14488.589121001596
2015-07-04,11135.305612922395
2015-07-05,12253.532623652862
2015-07-06,16299.104322488303
2015-07-07,16726.012527446746
2015-07-08,16378.157929236648
2015-07-09,16044.007622322899
2015-07-10,15213.308117014549
2015-07-11,11809.011793344971
2015-07-12,12853.763657186877
2015-07-13,16808.34488734108
2015-07-14,17139.330019478588
2015-07-15,16690.06519434948
2015-07-16,16251.661016810385
2015-07-17,15318.50739745657
2015-07-18,11820.46991335725
2015-07-19,12773.916188784173
2015-07-20,16645.442074718765
2015-07-21,16914.297224842354
2015-07-22,16422.584154192697
2015-07-23,15962.603535380324
2015-07-24,15031.210816677374
2015-07-25,11562.344105636965
2015-07-26,12562.671641656047
2015-07-27,16500.699514535445
2015-07-28,16864.079043434267
2015-07-29,16489.15119277543
2015-07-30,16164.776285323449
2015-07-31,15385.66788434464
2015-08-01,12085.387165342361
2015-08-02,13256.741909060718
2015-08-03,17366.39777223654
2015-08-04,17907.17744149874
2015-08-05,17707.045071481956
2015-08-06,17549.49696606506
2015-08-07,16925.92889803009
2015-08-08,13769.13111043207
2015-08-09,15058.449945202321
2015-08-10,19259.89044987739
2015-08-11,19873.37215138177
2015-08-12,19721.09650103347
2015-08-13,19584.421380112966
2015-08-14,18955.166916656373
2015-08-15,15769.501242169998
2015-08-16,16997.743253749934
2015-08-17,21109.82707738224
2015-08-18,21617.380888985495
2015-08-19,21341.34370227249
2015-08-20,21065.19394036729
2015-08-21,20285.071771371633
2015-08-22,16943.945054602293
2015-08-23,18007.13982091875
2015-08-24,21950.059125593016
2015-08-25,22296.828877934226
2015-08-26,21867.911928861387
2015-08-27,21449.008362628778
2015-08-28,20539.62950493326
2015-08-29,17087.02987751048
2015-08-30,18050.197438646177
2015-08-31,21908.57381310249
2015-09-01,22193.284199581347
2015-09-02,21721.950969798247
2015-09-03,21278.84148429066
2015-09-04,20362.735011788784
2015-09-05,16921.17146414158
2015-09-06,17904.02819525815
2015-09-07,21789.67470171104
2015-09-08,22112.79669253966
2015-09-09,21685.183588087493
2015-09-10,21287.21530455895
2015-09-11,20415.096194719543
2015-09-12,17015.47505478296
2015-09-13,18028.641675788076
2015-09-14,21932.126889068444
2015-09-15,22265.109019857897
2015-09-16,21835.141222562324
2015-09-17,21420.92194446756
2015-09-18,20518.821090393954
2015-09-19,17077.77932305667
2015-09-20,18032.01807264978
2015-09-21,21861.967634027933
2015-09-22,22115.131380443065
2015-09-23,21598.624888447168
2015-09-24,21093.10263839508
2015-09-25,20098.45358906648
2015-09-26,16568.865482458215
2015-09-27,17434.9461960047
2015-09-28,21181.89323695538
2015-09-29,21366.74734592995
2015-09-30,20796.695595308825
2015-10-01,20254.128709025652
2015-10-02,19241.503592326728
2015-10-03,15716.59360024901
2015-10-04,16604.06513170661
2015-10-05,20390.954171649813
2015-10-06,20640.394814229807
2015-10-07,20155.789242684994
2015-10-08,19717.112894939066
2015-10-09,18825.071967550375
2015-10-10,15436.67456972189
2015-10-11,16466.400248365804
2015-10-12,20399.1197762326
2015-10-13,20813.87458312205
2015-10-14,20493.27009032764
2015-10-15,20212.404867690933
2015-10-16,19467.161381989274
2015-10-17,16205.180201246761
2015-10-18,17352.39481065725
2015-10-19,21393.724079678832
2015-10-20,21870.904623341263
2015-10-21,21585.02009078645
2015-10-22,21312.578214312558
2015-10-23,20547.112540448754
2015-10-24,17229.25194223402
2015-10-25,18310.278962876582
2015-10-26,22271.524656462156
2015-10-27,22634.518307315026
2015-10-28,22213.34664268243
2015-10-29,21790.97911153021
2015-10-30,20863.38423257841
2015-10-31,17368.54451139546
2015-11-01,18286.89852009489
2015-11-02,22099.312790342978
2015-11-03,22309.44202506221
2015-11-04,21745.833313236613
2015-11-05,21198.439542002285
2015-11-06,20165.21727332808
2015-11-07,16580.082396155158
2015-11-08,17450.260278001617
2015-11-09,21252.8877889518
2015-11-10,21469.664711172434
2015-11-11,20938.809342241977
2015-11-12,20451.88937926349
2015-11-13,19503.05017436307
2015-11-14,16016.075423126533
2015-11-15,17018.820571778
2015-11-16,20978.62608861137
2015-11-17,21349.441930205347
2015-11-18,20973.811851231098
2015-11-19,20640.189314411622
2015-11-20,19834.94890310543
2015-11-21,16468.68539725678
2015-11-22,17587.84020703947
2015-11-23,21649.008553296615
2015-11-24,22078.589745902074
2015-11-25,21724.82107501522
2015-11-26,21375.56665303869
2015-11-27,20513.066762599683
2015-11-28,17039.397753465528
2015-11-29,18025.183305178252
2015-11-30,21922.659292681303
2015-12-01,22137.689058335214
2015-12-02,21531.665752730434
2015-12-03,20899.57688322715
2015-12-04,19727.28472263558
2015-12-05,15915.934949464448
2015-12-06,16567.542194743717
2015-12-07,20136.60848617604
2015-12-08,20014.312369945827
2015-12-09,19080.107078385616
2015-12-10,18139.91146691039
2015-12-11,16685.7986123562
2015-12-12,12619.262509772185
2015-12-13,13073.621161212815
2015-12-14,16504.167332406163
2015-12-15,16284.547728423042
2015-12-16,15308.109967765771
2015-12-17,14386.307985346148
2015-12-18,13010.921423812079
2015-12-19,9076.333124883968
2015-12-20,9738.929367134408
2015-12-21,13445.984649931019
2015-12-22,13544.449465620168
2015-12-23,12932.275678530117
2015-12-24,12417.270942741618
2015-12-25,11482.082112953292
2015-12-26,8005.709169075138
2015-12-27,9160.114567992245
2015-12-28,13378.03460934925
2015-12-29,13974.343720291392
2015-12-30,13847.49694375434
2015-12-31,13798.939073784217
2016-01-01,13300.921886890726
2016-01-02,10217.286470925636
2016-01-03,11737.274930835176
2016-01-04,16282.22299807399
2016-01-05,17139.418115144166
2016-01-06,17213.541168765496
2016-01-07,17306.480507819273
2016-01-08,16887.805242138955
2016-01-09,13814.615116284971
2016-01-10,15302.336041899136
2016-01-11,19770.063669772026
2016-01-12,20486.679466236914
2016-01-13,20372.056722777386
2016-01-14,20237.05165769871
2016-01-15,19556.418271305392
2016-01-16,16187.5302789018
2016-01-17,17377.989207909635
2016-01-18,21549.476410523905
2016-01-19,21956.017060085334
2016-01-20,21534.875618365782
2016-01-21,21106.686275963377
2016-01-22,20150.809466539195
2016-01-23,16522.963637997993
2016-01-24,17499.719874325783
2016-01-25,21500.970430959285
2016-01-26,21760.479500356698
2016-01-27,21226.633634070793
2016-01-28,20722.89903370612
2016-01-29,19725.82381169683
2016-01-30,16081.794318296781
2016-01-31,17088.63587231001
2016-02-01,21156.91593370769
2016-02-02,21492.992125905435
2016-02-03,21049.81474028262
2016-02-04,20647.8892887651
2016-02-05,19756.079213761648
2016-02-06,16207.613741855883
2016-02-07,17318.89044024589
2016-02-08,21489.6752105043
2016-02-09,21898.674650241104
2016-02-10,21504.3821578734
2016-02-11,21126.50223002464
2016-02-12,20229.476588297777
2016-02-13,16637.635472042493
2016-02-14,17691.06620301281
2016-02-15,21784.550544905753
2016-02-16,22075.483047568105
2016-02-17,21534.56873700445
2016-02-18,20987.509081664604
2016-02-19,19901.049188426186
2016-02-20,16097.073730512764
2016-02-21,16945.351934802184
2016-02-22,20841.037313058598
2016-02-23,20924.776505209924
2016-02-24,20183.126909544484
2016-02-25,19450.400126882545
2016-02-26,18197.156293225165
2016-02-27,14243.202886778716
2016-02-28,14987.207540509808
2016-02-29,18822.784729973493
2016-03-01,18870.85195419703
2016-03-02,18129.85454943581
2016-03-03,17437.881549928796
2016-03-04,16263.746304952241
2016-03-05,12419.047363619256
2016-03-06,13324.823657063578
2016-03-07,17366.41292001946
2016-03-08,17638.244848582315
2016-03-09,17144.06212757871
2016-03-10,16719.49171533784
2016-03-11,15825.88353073212
2016-03-12,12261.589143131592
2016-03-13,13452.189042463353
2016-03-14,17776.284492967217
2016-03-15,18311.023624024943
2016-03-16,18063.556211802974
2016-03-17,17865.079355488313
2016-03-18,17173.573505627708
2016-03-19,13793.235208045411
2016-03-20,15132.415982247052
2016-03-21,19557.65293045725
2016-03-22,20171.086452230862
2016-03-23,19968.021471027027
2016-03-24,19776.99756577714
2016-03-25,19059.44967512088
2016-03-26,15630.164809129918
2016-03-27,16872.178740118798
2016-03-28,21161.824122503374
2016-03-29,21631.68886643885
2016-03-30,21270.144372239978
2016-03-31,20907.3136351778
2016-04-01,20011.55171905612
2016-04-02,16410.845870972647
2016-04-03,17464.61581755625
2016-04-04,21559.752760949446
2016-04-05,21859.119733573312
2016-04-06,21343.075671472
2016-04-07,20841.39657436996
2016-04-08,19826.655057822343
2016-04-09,16136.664687424363
2016-04-10,17103.302874734094
2016-04-11,21119.674088756572
2016-04-12,21374.29565941018
2016-04-13,20834.766815171843
2016-04-14,20325.793092304182
2016-04-15,19319.6116610232
2016-04-16,15659.618665987222
2016-04-17,16646.341479561594
2016-04-18,20675.837146512113
2016-04-19,20959.65572179626
2016-04-20,20450.724843200303
2016-04-21,19967.524545430366
2016-04-22,18981.580934157322
2016-04-23,15342.274120858669
2016-04-24,16319.932799783252
2016-04-25,20315.417385696015
2016-04-26,20565.788664808268
2016-04-27,20012.316475426687
2016-04-28,19470.69733843227
2016-04-29,18415.49624519131
2016-04-30,14706.0061846896
2016-05-01,15586.331391535432
2016-05-02,19466.02109259131
2016-05-03,19611.31322446364
2016-05-04,18955.144769812974
2016-05-05,18313.301448770235
2016-05-06,17165.71193161525
2016-05-07,13383.281266912925
2016-05-08,14184.90541455327
2016-05-09,17989.120395106213
2016-05-10,18090.908806686326
2016-05-11,17413.72298232623
2016-05-12,16771.600898392608
2016-05-13,15647.368747311439
2016-05-14,11920.524216612792
2016-05-15,12781.275848332116
2016-05-16,16653.315778770502
2016-05-17,16856.308486839684
2016-05-18,16300.053670659974
2016-05-19,15792.698840775145
2016-05-20,14815.980192056126
2016-05-21,11254.281116963992
2016-05-22,12265.813331120187
2016-05-23,16276.618078889907
2016-05-24,16628.826680036556
2016-05-25,16217.034614953167
2016-05-26,15842.66200488518
2016-05-27,14986.262113403818
2016-05-28,11537.761640728193
2016-05-29,12624.76716601926
2016-05-30,16677.75586544481
2016-05-31,17064.047579992068
2016-06-01,16666.310341049266
2016-06-02,16282.971904555994
2016-06-03,15397.484931401861
2016-06-04,11909.627370974038
2016-06-05,12920.805490308168
2016-06-06,16870.302252734604
2016-06-07,17154.82994382346
2016-06-08,16649.04104498543
2016-06-09,16151.87343391813
2016-06-10,15152.667128918985
2016-06-11,11563.435114255477
2016-06-12,12461.091501030194
2016-06-13,16294.706476095102
2016-06-14,16490.610314831643
2016-06-15,15914.903240427102
2016-06-16,15365.750935721486
2016-06-17,14336.392005451095
2016-06-18,10748.439726627394
2016-06-19,11651.115328025408
2016-06-20,15499.60658471256
2016-06-21,15745.834449396505
2016-06-22,15243.083925955169
2016-06-23,14784.379031086019
2016-06-24,13862.513323630901
2016-06-25,10404.514140640784
2016-06-26,11428.007795272812
2016-06-27,15390.800024272747
2016-06-28,15767.411283387337
2016-06-29,15395.919315155948
2016-06-30,15062.48613368799
2016-07-01,14258.463892112051
2016-07-02,10916.05199252181
2016-07-03,12021.801783015562
2016-07-04,16037.403394412826
2016-07-05,16461.951650640105
2016-07-07,15796.86452472412
2016-07-08,14983.300362688284
2016-07-09,11621.64917396014
2016-07-10,12671.657257228198
2016-07-11,16603.280289890343
2016-07-12,16944.54701408176
2016-07-13,16512.573828276185
2016-07-14,16090.109568108046
2016-07-15,15176.47951163054
2016-07-16,11725.298792983702
2016-07-17,12671.919644810718
2016-07-18,16496.297659567892
2016-07-19,16756.39869167901
2016-07-20,16261.200517303494
2016-07-21,15793.17258411695
2016-07-22,14856.092400968178
2016-07-23,11413.769077466117
2016-07-24,12374.473028084973
2016-07-25,16224.882031221177
2016-07-26,16549.1264271065
2016-07-27,16143.88772830887
2016-07-28,15786.93474979648
2016-07-29,14981.941706053236
2016-07-30,11698.355260011478
2016-07-31,12812.940162332923
2016-08-01,16814.934702380462
2016-08-02,17310.85606574379
2016-08-03,17081.80641308546
2016-08-04,16898.161288467312
2016-08-05,16261.467868758355
2016-08-06,13145.51420538134
2016-08-07,14395.02800576655
2016-08-08,18502.05613579293
2016-08-09,19096.521853476515
2016-08-10,18945.70742103347
2016-08-11,18815.042172121754
2016-08-12,18207.008225262736
2016-08-13,15111.305341327408
2016-08-14,16337.942560469115
2016-08-15,20390.561618490206
2016-08-16,20918.029545881847
2016-08-17,20680.03735837115
2016-08-18,20442.723037697706
2016-08-19,19711.900937314535
2016-08-20,16471.796688861163
2016-08-21,17542.9847699519
2016-08-22,21433.596497273345
2016-08-23,21799.18771268057
2016-08-24,21401.98023314866
2016-08-25,21011.341713112168
2016-08-26,20136.585965379458
2016-08-27,16765.733514514322
2016-08-28,17718.737121541093
2016-08-29,21506.29683461598
2016-08-30,21788.134203089914
2016-08-31,21325.960159038215
2016-09-01,20888.910756624766
2016-09-02,19986.029652098965
2016-09-03,16605.174350632118
2016-09-04,17561.654825966318
2016-09-05,21364.78199372989
2016-09-06,21674.67214669087
2016-09-07,21249.058474187284
2016-09-08,20853.789783559136
2016-09-09,19995.088840153723
2016-09-10,16658.6817141881
2016-09-11,17653.908218836405
2016-09-12,21488.04203366314
2016-09-13,21821.641911232517
2016-09-14,21409.20119498604
2016-09-15,21014.68186798914
2016-09-16,20143.499938639765
2016-09-17,16781.809427313387
2016-09-18,17735.998642427374
2016-09-19,21514.681127955995
2016-09-20,21782.481112182995
2016-09-21,21294.400307075037
2016-09-22,20816.2621606954
2016-09-23,19856.29868997376
2016-09-24,16404.466995022176
2016-09-25,17267.216617321454
2016-09-26,20957.04757028164
2016-09-27,21144.640637060536
2016-09-28,20586.869311329832
2016-09-29,20052.101749645673
2016-09-30,19051.357971640537
2016-10-01,15577.650378751168
2016-10-02,16436.03666602465
2016-10-03,20140.78213434968
2016-10-04,20365.89377725242
2016-10-05,19866.856388196757
2016-10-06,19410.889029125417
2016-10-07,18507.784339491925
2016-10-08,15149.396377255196
2016-10-09,16135.110240006039
2016-10-10,19976.74365013634
2016-10-11,20347.619490925117
2016-10-12,19998.156206420546
2016-10-13,19691.200306434843
2016-10-14,18932.656816645787
2016-10-15,15711.217470000194
2016-10-16,16819.320994316346
2016-10-17,20765.846347776005
2016-10-18,21223.75261164014
2016-10-19,20939.52794886862
2016-10-21,19930.59847837784
2016-10-22,16699.481206108594
2016-10-23,17769.667077369286
2016-10-24,21651.523737694504
2016-10-25,22022.42524912916
2016-10-26,21629.920036359345
2016-10-27,21237.025637340448
2016-10-28,20352.197822292277
2016-10-29,16969.248779450634
2016-10-30,17878.959139203635
2016-10-31,21596.995504682058
2016-11-01,21808.307130902867
2016-11-02,21263.906341558326
2016-11-03,20730.984840243542
2016-11-04,19722.414384309886
2016-11-05,16236.648428300514
2016-11-06,17064.57844988275
2016-11-07,20725.014924314324
2016-11-08,20907.448507276382
2016-11-09,20362.51804992004
2016-11-10,19857.048734036747
2016-11-11,18903.207114176457
2016-11-12,15498.528301458491
2016-11-13,16428.174055853106
2016-11-14,20208.14566447524
2016-11-15,20526.584319855097
2016-11-16,20128.102652130045
2016-11-17,19773.91673029183
2016-11-18,18970.818583268625
2016-11-19,15711.47824416073
2016-11-20,16772.234618192317
2016-11-21,20664.148915491372
2016-11-22,21072.927064605123
2016-11-23,20737.16910971812
2016-11-24,20413.61860557379
2016-11-25,19605.944934091305
2016-11-26,16305.280343575389
2016-11-27,17283.472789589647
2016-11-28,21051.879154862032
2016-11-29,21299.781900626193
2016-11-30,20766.404810432043
2016-12-01,20211.108359496116
2016-12-02,19141.794279187954
2016-12-03,15555.480244783372
2016-12-04,16226.812257123718
2016-12-05,19674.395463464767
2016-12-06,19597.509387196616
2016-12-07,18741.70599176237
2016-12-08,17873.783482127215
2016-12-09,16509.667807169244
2016-12-10,12654.905299946644
2016-12-11,13088.34445833548
2016-12-12,16335.946471981288
2016-12-13,16105.775277398889
2016-12-14,15147.189294641368
2016-12-15,14230.640121754672
2016-12-16,12875.111578215881
2016-12-17,9088.643130914936
2016-12-18,9647.323326048154
2016-12-19,13076.748058577861
2016-12-20,13085.474909407747
2016-12-21,12418.014458956835
2016-12-22,11839.670778266245
2016-12-23,10863.760143337684
2016-12-24,7492.386662726723
2016-12-25,8490.962119514914
2016-12-26,12377.514303190741
2016-12-27,12854.790049999066
2016-12-28,12657.207668837216
2016-12-29,12540.873504578862
2016-12-30,12010.683698309242
2016-12-31,9061.421686633668
2017-01-01,10447.838528710237
2017-01-02,14681.808857579332
2017-01-03,15463.043733548953
2017-01-04,15519.929908218144
2017-01-05,15604.614827268566
2017-01-06,15219.853378441012
2017-01-07,12360.262537194874
2017-01-08,13777.775265929418
2017-01-09,17986.440061188925
2017-01-10,18691.528018534416
2017-01-11,18624.03759041803
2017-01-12,18540.62691760133
2017-01-13,17951.146489631137
2017-01-14,14855.981817844138
2017-01-15,16011.781157010966
2017-01-16,19940.97917331857
2017-01-17,20357.61340872176
2017-01-18,19999.18351290102
2017-01-19,19629.305323994457
2017-01-20,18763.31670297102
2017-01-21,15408.884376967078
2017-01-22,16327.987195842692
2017-01-23,20047.52675539637
2017-01-24,20285.042379578168
2017-01-25,19780.489520721872
2017-01-26,19298.86191597365
2017-01-27,18355.787505882767
2017-01-28,14958.156867936417
2017-01-29,15866.149892017125
2017-01-30,19603.93842746636
2017-01-31,19885.50327041845
2017-02-01,19446.528865643057
2017-02-02,19047.178865793343
2017-02-03,18197.850572309704
2017-02-04,14899.971937589045
2017-02-05,15908.193244218737
2017-02-06,19741.274778072246
2017-02-07,20108.06788005124
2017-02-08,19739.555597355153
2017-02-09,19391.778340006
2017-02-10,18571.710979429547
2017-02-11,15278.161308986952
2017-02-12,16264.030560108788
2017-02-13,20047.263874764376
2017-02-14,20336.85084907488
2017-02-15,19864.849536630794
2017-02-16,19389.28638016552
2017-02-17,18419.97206146687
2017-02-18,14959.314760551257
2017-02-19,15764.465464345707
2017-02-20,19358.15506189056
2017-02-21,19454.551058579462
2017-02-22,18791.119046787793
2017-02-23,18131.372512235255
2017-02-24,16990.52792013761
2017-02-25,13376.160805843596
2017-02-26,14050.193309250826
2017-02-27,17539.60572200902
2017-02-28,17562.167713432384
2017-03-01,16858.185361328953
2017-03-02,16193.177069275953
2017-03-03,15083.469864950635
2017-03-04,11536.822913805601
2017-03-06,15941.517274940068
2017-03-07,16133.40964340951
2017-03-08,15627.043810201183
2017-03-09,15183.889766297392
2017-03-10,14315.62728015622
2017-03-11,11024.895398502918
2017-03-12,12067.39577325507
2017-03-14,16420.648131012767
2017-03-16,15974.009202755076
2017-03-19,13465.921205480106
2017-03-20,17509.511846497797
2017-03-21,18083.761018514677
2017-03-22,17918.561015107483
2017-03-23,17769.410210683935
2017-03-24,17143.251642574738
2017-03-25,14039.32086486181
2017-03-26,15211.29347152676
2017-03-27,19178.233993419188
2017-03-28,19650.49264628098
2017-03-29,19361.571735910147
2017-03-30,19070.977290267583
2017-03-31,18289.93326310829
2017-04-01,15022.100731581257
2017-04-02,16025.587646724793
2017-04-03,19823.78326490669
2017-04-04,20131.131395714547
2017-04-05,19684.875321936113
2017-04-06,19247.81975235705
2017-04-07,18333.96220629029
2017-04-08,14949.14806346057
2017-04-09,15853.027764145998
2017-04-10,19569.879881534456
2017-04-11,19814.37852772922
2017-04-12,19323.345265018135
2017-04-13,18858.556657377314
2017-04-14,17932.4307357136
2017-04-15,14548.754207657626
2017-04-16,15464.717699998368
2017-04-17,19201.848442320636
2017-04-18,19471.879601944485
2017-04-19,19008.600617009113
2017-04-20,18570.7828227766
2017-04-21,17667.972507256876
2017-04-22,14301.319470105685
2017-04-23,15225.696516055126
2017-04-24,18960.725026881984
2017-04-25,19216.707321558268
2017-04-26,18726.51575229838
2017-04-27,18248.55804290981
2017-04-28,17292.58247976379
2017-04-29,13858.965478362057
2017-04-30,14705.21516900294
2017-05-01,18351.807342323595
2017-05-02,18513.118935488055
2017-05-03,17924.237313763875
2017-05-04,17346.159385760042
2017-05-05,16292.032159634786
2017-05-06,12768.795567209943
2017-05-07,13529.765057064187
2017-05-08,17099.503027756724
2017-05-09,17199.973848842674
2017-05-10,16566.528199847275
2017-05-11,15961.552380784487
2017-05-12,14900.075560287532
2017-05-13,11391.55828690681
2017-05-14,12184.47359866948
2017-05-15,15804.339434121275
2017-05-16,15977.21277004222
2017-05-17,15434.957489762384
2017-05-18,14937.460668491105
2017-05-19,13997.7279612868
2017-05-20,10623.940140002262
2017-05-21,11556.152147252256
2017-05-22,15317.599295405695
2017-05-23,15635.633212656914
2017-05-24,15236.362627428876
2017-05-25,14875.50993434535
2017-05-26,14063.049666756848
2017-05-27,10805.567926727703
2017-05-28,11835.0930741888
2017-05-29,15673.667777527082
2017-05-30,16051.697417513102
2017-05-31,15691.913891051496
2017-06-01,15348.803512255505
2017-06-02,14532.70265518124
2017-06-03,11252.359793268113
2017-06-04,12235.786210065211
2017-06-05,16007.97434477396
2017-06-06,16306.534784929458
2017-06-07,15854.858672655953
2017-06-08,15409.995760113907
2017-06-09,14486.092965562624
2017-06-10,11097.055169528825
2017-06-11,11969.325664929493
2017-06-12,15632.676842831575
2017-06-13,15833.080409665745
2017-06-14,15295.033323638618
2017-06-15,14777.872310563042
2017-06-16,13798.56345786111
2017-06-17,10374.491489391572
2017-06-18,11228.220399185304
2017-06-19,14891.426135947124
2017-06-20,15115.086852545139
2017-06-21,14621.073681749082
2017-06-22,14167.014513877919
2017-06-23,13268.55550916264
2017-06-24,9942.404167137667
2017-06-25,10903.196092399938
2017-06-26,14680.69252575403
2017-06-27,15027.406551350594
2017-06-28,14659.564274485849
2017-06-29,14330.60987209421
2017-06-30,13553.014645847757
2017-07-01,10341.630838113131
2017-07-02,11402.701067831013
2017-07-03,15264.335710545905
2017-07-04,15681.568043681651
2017-07-05,15366.656959136919
2017-07-06,15071.1834319339
2017-07-07,14307.337733261778
2017-07-08,11091.497152064812
2017-07-09,12125.276390831483
2017-07-10,15939.171255069337
2017-07-11,16294.920767868069
2017-07-12,15905.024674924387
2017-07-13,15523.303618917906
2017-07-14,14665.539666438186
2017-07-15,11353.15970968113
2017-07-16,12286.218776123225
2017-07-17,16000.115418431002
2017-07-18,16265.182483214625
2017-07-19,15795.359758600678
2017-07-20,15347.178683802604
2017-07-21,14439.738700266696
2017-07-22,11098.50107822762
2017-07-23,12020.232007334083
2017-07-24,15742.837902042063
2017-07-25,16042.252973896368
2017-07-26,15630.353094214912
2017-07-27,15262.466486447567
2017-07-28,14456.799714905856
2017-07-29,11238.464735116859
2017-07-30,12296.509899874622
2017-07-31,16167.004839827072
2017-08-01,16627.352167091944
2017-08-02,16383.563762048592
2017-08-03,16186.408933209485
2017-08-04,15550.388490546504
2017-08-05,12498.077504643727
2017-08-06,13709.308305162751
2017-08-07,17717.548709968883
2017-08-08,18301.660042569987
2017-08-09,18162.535795181142
2017-08-10,18047.864989370584
2017-08-11,17470.610561260022
2017-08-12,14453.603856242762
2017-08-13,15670.797400962412
2017-08-14,19656.838472206127
2017-08-15,20196.162598481467
2017-08-17,19783.999362290644
2017-08-18,19097.339381659327
2017-08-19,15956.19125550712
2017-08-20,17032.548769603614
2017-08-21,20865.759565684555
2017-08-22,21248.854681827972
2017-08-23,20883.587302302618
2017-08-24,20522.10796561853
2017-08-25,19684.148618552314
2017-08-26,16401.842299157026
2017-08-27,17344.870069190278
2017-08-28,21056.219998900502
2017-08-29,21335.792572532937
2017-08-30,20884.657252538935
2017-08-31,20455.228396546092
2017-09-01,19567.87249558955
2017-09-02,16255.9341088142
2017-09-03,17182.943899990296
2017-09-04,20891.60115438461
2017-09-05,21184.77868830515
2017-09-06,20759.119157774385
2017-09-07,20363.82814535306
2017-09-08,19516.811983919262
2017-09-09,16250.004974045418
2017-09-10,17218.718255741394
2017-09-11,20963.90783062945
2017-09-12,21290.621279501855
2017-09-13,20890.95514567013
2017-09-14,20511.464890590185
2017-09-15,19668.81138194143
2017-09-16,16395.346532905503
2017-09-17,17340.5405392908
2017-09-18,21046.45526916126
2017-09-19,21323.537476004127
2017-09-20,20862.829740432295
2017-09-21,20411.8809322506
2017-09-22,19489.779797551728
2017-09-23,16132.876068612311
2017-09-24,16988.16560353722
2017-09-25,20601.85498095681
2017-09-26,20792.396980167734
2017-09-27,20251.864126874243
2017-09-28,19730.2849264546
2017-09-29,18752.994826218222
2017-09-30,15356.41628131088
2017-10-01,16186.530366932422
2017-10-02,19793.530016001187
2017-10-03,19998.364180820827
2017-10-04,19492.55423391797
2017-10-05,19026.039421481568
2017-10-06,18120.326016541272
2017-10-07,14813.170969365941
2017-10-08,15750.857965539153
2017-10-09,19480.683725603405
2017-10-10,19818.660555044957
2017-10-11,19453.837280019536
2017-10-12,19132.71994666923
2017-10-13,18372.758762988447
2017-10-14,15207.063179463117
2017-10-15,16280.08096986164
2017-10-16,20134.770461197408
2017-10-17,20581.518673997685
2017-10-18,20307.001497652196
2017-10-19,20055.190489862227
2017-10-20,19341.163970427042
2017-10-21,16195.815503049695
2017-10-22,17264.8744197107
2017-10-23,21090.680419055156
2017-10-24,21482.214005122234
2017-10-25,21128.37575711613
2017-10-26,20775.44565144209
2017-10-27,19941.075164742066
2017-10-28,16658.84065198672
2017-10-29,17580.45586244509
2017-10-30,21252.003005890903
2017-10-31,21484.937587416713
2017-11-01,20973.661130771197
2017-11-02,20469.323593314948
2017-11-03,19493.906775131254
2017-11-04,16084.555588576299
2017-11-05,16898.94059362371
2017-11-06,20485.93021229396
2017-11-07,20657.58214332145
2017-11-08,20111.04927337605
2017-11-09,19598.79170333197
2017-11-10,18642.8431998177
2017-11-11,15279.034981404537
2017-11-12,16165.642755455721
2017-11-13,19848.65076649798
2017-11-14,20134.89250497659
2017-11-15,19718.459968861498
2017-11-16,19347.498055687534
2017-11-17,18538.824408991873
2017-11-18,15322.208683725376
2017-11-19,16352.45482443241
2017-11-20,20169.390902187297
2017-11-21,20572.27220039809
2017-11-22,20250.782453152922
2017-11-23,19948.471863478102
2017-11-24,19177.762088786756
2017-11-25,15964.281874311275
2017-11-26,16962.35414761003
2017-11-27,20709.650294111314
2017-11-28,21002.764656138806
2017-11-29,20532.68937507494
2017-11-30,20044.753135324594
2017-12-01,19053.847609604167
2017-12-02,15588.639298875993
2017-12-03,16310.269630135004
2017-12-04,19761.475394858127
2017-12-05,19743.13540709561
2017-12-06,18954.02419802417
2017-12-07,18147.066712758835
2017-12-08,16844.61664386198
2017-12-09,13082.394959504161
2017-12-10,13531.27787750714
2017-12-11,16740.78642921737
2017-12-12,16516.539278921544
2017-12-13,15564.252427005094
2017-12-14,14642.311384203194
2017-12-15,13277.137559817445
2017-12-16,9506.923606974715
2017-12-17,10006.611744229134
2017-12-18,13325.88473816806
2017-12-19,13267.683643870907
2017-12-20,12536.634641306913
2017-12-21,11888.137438594942
2017-12-22,10844.030848794684
2017-12-23,7436.342859242301
2017-12-24,8335.678161685144
2017-12-25,12083.92449954918
2017-12-26,12474.0386037595
2017-12-27,12203.087280318514
2017-12-28,12018.017943793195
2017-12-29,11431.763571859976
2017-12-30,8467.118171121283
2017-12-31,9788.611663464277
2018-01-01,13929.975094396377
2018-01-02,14675.202423674342
2018-01-03,14716.17747558598
2018-01-04,14795.062936762375
2018-01-05,14420.74747573768
2018-01-06,11612.71848942012
2018-01-07,13036.268810013944
2018-01-08,17224.542045643644
2018-01-09,17960.673152201598
2018-01-10,17939.791193435223
2018-01-11,17907.809415793017
2018-01-12,17377.995727201975
2018-01-13,14374.628375367669
2018-01-14,15571.330327719219
2018-01-15,19507.5062988653
2018-01-16,19971.394331501244
2018-01-17,19666.301632646475
2018-01-18,19345.681892440254
2018-01-19,18529.746954523387
2018-01-20,15248.856998414936
2018-01-21,16184.968972459586
2018-01-22,19882.486625229045
2018-01-23,20132.278460269645
2018-01-24,19642.23432117742
2018-01-25,19168.747212616723
2018-01-26,18233.5095657836
2018-01-27,14866.8032770809
2018-01-28,15752.244734418962
2018-01-29,19432.24237037429
2018-01-30,19693.181976387757
2018-01-31,19240.505837730587
2018-02-01,18826.796037500404
2018-02-02,17968.94201644353
2018-02-03,14691.501752012475
2018-02-04,15674.894582809906
2018-02-05,19455.593343680535
2018-02-06,19812.576598462998
2018-02-07,19446.999826968
2018-02-08,19106.917967513677
2018-02-09,18304.829500560507
2018-02-10,15061.08161724721
2018-02-11,16055.452372401563
2018-02-12,19821.989554229873
2018-02-13,20136.615370784602
2018-02-14,19701.252101152284
2018-02-15,19265.027291789567
2018-02-16,18342.023416876607
2018-02-17,14954.546735615077
2018-02-18,15787.914356417732
2018-02-20,19508.597468479453
2018-02-21,18882.269214149925
2018-02-22,18255.45118824414
2018-02-23,17147.49600653302
2018-02-24,13585.456959190044
2018-02-25,14262.001465895237
2018-02-26,17719.127143960344
2018-02-27,17737.69790746044
2018-02-28,17030.158206269352
2018-03-01,16354.445127399142
2018-03-02,15231.959640952313
2018-03-03,11690.44708754354
2018-03-04,12425.154836208496
2018-03-05,15977.099521170087
2018-03-06,16123.711980415763
2018-03-07,15576.015179937656
2018-03-08,15089.08025296373
2018-03-09,14180.31462372818
2018-03-10,10872.363835124637
2018-03-11,11857.673364679611
2018-03-12,15671.454038822052
2018-03-13,16083.565897145427
2018-03-14,15800.269323252634
2018-03-15,15571.311016132842
2018-03-16,14908.589217824112
2018-03-17,11829.109911479742
2018-03-18,13022.957869035812
2018-03-19,17020.937531920637
2018-03-20,17587.646230983348
2018-03-21,17427.723798636747
2018-03-22,17289.47100846478
2018-03-23,16683.774757787654
2018-03-24,13626.985397624136
2018-03-25,14812.15171207559
2018-03-26,18771.184242879877
2018-03-27,19268.961639984434
2018-03-28,19013.923894691194
2018-03-29,18758.074232208655
2018-03-30,18016.025341114622
2018-03-31,14807.672955548851
2018-04-01,15832.58738284801
2018-04-02,19626.61230058549
2018-04-03,19956.939962551176
2018-04-04,19537.008063124227
2018-04-05,19122.870233153822
2018-04-06,18232.37370805937
2018-04-07,14887.664146901552
2018-04-08,15792.791913670017
2018-04-09,19484.825724859584
2018-04-10,19729.99460386005
2018-04-11,19243.001602519198
2018-04-12,18779.887852516476
2018-04-13,17857.474430074388
2018-04-14,14495.834862455331
2018-04-15,15399.25212426569
2018-04-16,19101.978484152085
2018-04-17,19365.56700064918
2018-04-18,18902.712694930735
2018-04-19,18466.705314044
2018-04-20,17571.21237339922
2018-04-21,14231.700693667488
2018-04-22,15152.865549495236
2018-04-23,18865.46865519914
2018-04-24,19128.30365811529
2018-04-25,18653.14935017798
2018-04-26,18192.321907094756
2018-04-27,17259.085255975002
2018-04-28,13870.705999266005
2018-04-29,14729.718264992269
2018-04-30,18368.342297735173
2018-05-01,18548.314473972725
2018-05-02,17982.951598731066
2018-05-03,17426.886824180343
2018-05-04,16396.24923026565
2018-05-05,12911.679951407597
2018-05-06,13677.395586164144
2018-05-07,17228.98531418114
2018-05-08,17332.436068256724
2018-05-09,16703.26269898172
2018-05-10,16098.403174364183
2018-05-11,15036.164503488042
2018-05-12,11539.218764598036
2018-05-13,12311.504713817329
2018-05-14,15889.462733756362
2018-05-15,16040.332254250288
2018-05-16,15478.440236626766
2018-05-17,14959.360568991386
2018-05-18,13999.740433751942
2018-05-19,10620.395968153223
2018-05-20,11521.173708104316
2018-05-21,15235.743129771245
2018-05-22,15529.280486641866
2018-05-23,15112.02064351848
2018-05-24,14735.773299687267
2018-05-25,13913.70715652834
2018-05-26,10663.604883464379
2018-05-27,11680.724522409322
2018-05-28,15496.16893660245
2018-05-29,15873.95394110091
2018-05-30,15521.79995762536
2018-05-31,15189.960817676169
2018-06-01,14390.90208423514
2018-06-02,11142.634194189824
2018-06-03,12139.477661935387
2018-06-04,15913.901152523043
2018-06-05,16232.856783916674
2018-06-06,15805.689197574713
2018-06-07,15385.152971135652
2018-06-08,14486.863328430247
2018-06-09,11132.591602506123
2018-06-10,12018.827821756564
2018-06-14,14857.121950029057
2018-06-15,13882.870630571708
2018-06-16,10469.023616782255
2018-06-17,11312.746795219795
2018-06-18,14952.27406588445
2018-06-19,15161.685023356238
2018-06-20,14653.010426652047
2018-06-21,14181.64323321134
2018-06-22,13265.404854508228
2018-06-23,9927.888345946343
2018-06-24,10862.787478240663
2018-06-25,14606.07480354592
2018-06-26,14930.156271375501
2018-06-27,14543.23362528672
2018-06-28,14197.06917963868
2018-06-29,13406.010217930767
2018-06-30,10190.495310541815
2018-07-01,11239.390564801477
2018-07-02,15085.75508773126
2018-07-03,15500.39331912508
2018-07-04,15188.473252260008
2018-07-05,14899.621966924993
2018-07-06,14146.863960618939
2018-07-07,10950.226461268378
2018-07-08,11997.00070163433
2018-07-09,15820.997049114903
2018-07-10,16195.384668871198
2018-07-11,15826.445825561923
2018-07-12,15465.8766610021
2018-07-13,14629.511942366207
2018-07-14,11340.903679260637
2018-07-15,12289.387335988875
2018-07-16,16012.715761240586
2018-07-17,16289.087875851876
2018-07-18,15827.956281539817
2018-07-19,15384.468547261602
2018-07-20,14477.933645549643
2018-07-21,11135.350523311703
2018-07-26,15212.230855272444
2018-07-27,14380.26928880296
2018-08-04,12195.086028497888
2018-08-05,13387.634462403572
2018-08-06,17382.63304703164
2018-08-07,17956.989614071546
2018-08-08,17812.544913558035
2018-08-09,17697.431727398794
2018-08-10,17124.27114961732
2018-08-11,14114.049318385065
2018-08-12,15345.875469546681
2018-08-13,19353.656490451598
2018-08-14,19915.445561192733
2018-08-15,19733.04588532556
2018-08-16,19555.604294909244
2018-08-17,18897.619059595283
2018-08-18,15782.812958731623
2018-08-19,16891.71792587126
2018-08-20,20761.74289944464
2018-08-21,21175.72312365689
2018-08-22,20838.589905597102
2018-08-23,20503.105036841716
2018-08-24,19687.610099132646
2018-08-25,16419.84419393845
2018-08-26,17382.324713450285
2018-08-27,21115.798078912885
2018-08-28,21407.004061644308
2018-08-29,20962.44405899705
2018-08-30,20536.31235303562
2018-08-31,19648.05982029233
2018-09-01,16326.246028643785
2018-09-02,17251.819427435545
2018-09-03,20965.064646441162
2018-09-04,21252.702373222077
2018-09-05,20818.87982357249
2018-09-06,20415.421835032437
2018-09-07,19559.32750577592
2018-09-08,16276.767055537915
2018-09-09,17244.36029814851
2018-09-10,20999.70478071252
2018-09-11,21327.87831195102
2018-09-12,20929.699464558682
2018-09-13,20554.325604367
2018-09-14,19716.687983455082
2018-09-15,16441.61714119824
2018-09-16,17403.08218640121
2018-09-17,21138.242214469145
2018-09-18,21433.275619512548
2018-09-19,20988.818812889782
2018-09-20,20554.806281572768
2018-09-21,19647.72941052344
2018-09-22,16294.76946835212
2018-09-23,17170.874306911206
2018-09-24,20816.211111653258
2018-09-25,21021.20585520969
2018-09-26,20489.052599266284
2018-09-27,19972.70040336222
2018-09-28,18991.856226357017
2018-09-29,15577.063983404174
2018-09-30,16404.57734578033
2018-10-01,20017.194147434147
2018-10-02,20208.50872360789
2018-10-03,19682.517050390677
2018-10-04,19192.79766744794
2018-10-05,18259.326402189206
2018-10-06,14912.58795385078
2018-10-07,15826.347368649085
2018-10-08,19541.981737765993
2018-10-09,19852.070660614212
2018-10-10,19457.228282357144
2018-10-11,19107.61099540833
2018-10-12,18319.674474004943
2018-10-13,15120.441752562312
2018-10-14,16178.287063511392
2018-10-15,20030.864459188702
2018-10-16,20468.11883299791
2018-10-17,20186.40728121217
2018-10-18,19932.373825749935
2018-10-19,19219.66530233756
2018-10-20,16073.348024597566
2018-10-21,17158.67147945365
2018-10-22,21012.537485508357
2018-10-23,21425.852903972216
2018-10-24,21094.841084143853
2018-10-25,20767.166743549737
2018-10-26,19958.479537791376
2018-10-27,16696.83761669238
2018-10-28,17649.30311080501
2018-10-29,21356.80177750325
2018-10-30,21615.669874346328
2018-10-31,21126.0151646954
2018-11-01,20639.96276362658
2018-11-02,19677.912571970388
2018-11-03,16272.874914474252
2018-11-04,17094.825126542248
2018-11-05,20688.905608992787
2018-11-06,20856.14518863814
2018-11-07,20298.87544453541
2018-11-08,19771.130947977894
2018-11-09,18794.681074009986
2018-11-10,15403.363930390931
2018-11-11,16265.30978474597
2018-11-12,19924.61591589747
2018-11-13,20181.385971094704
2018-11-14,19734.36217104477
2018-11-15,19333.649044805934
2018-11-16,18496.692449687816
2018-11-17,15252.783369963623
2018-11-18,16263.315502823825
2018-11-19,20067.08707435792
2018-11-20,20459.79858303359
2018-11-21,20134.01926502159
2018-11-22,19834.328992563056
2018-11-23,19073.31239017859
2018-11-24,15876.271274551698
2018-11-25,16899.524525056928
2018-11-26,20679.313673453744
2018-11-27,21010.704741617697
2018-11-28,20584.804677774384
2018-11-29,20146.209101263965
2018-11-30,19208.873957289157
2018-12-01,15800.877332408752
2018-12-02,16580.584821365923
2018-12-03,20088.969303519738
2018-12-04,20127.71962340308
2018-12-05,19393.507484090835
2018-12-06,18637.544782237972
2018-12-07,17381.14528568659
2018-12-08,13660.362340186533
2018-12-09,14139.865227725797
2018-12-10,17368.542069362913
2018-12-11,17156.71158367898
2018-12-12,16207.36709476595
2018-12-13,15277.802845583767
2018-12-14,13894.859238344878
2018-12-15,10099.464612137444
2018-12-16,10558.284948180166
2018-12-17,13822.70502073103
2018-12-18,13705.268802005468
2018-12-19,12908.05342843441
2018-12-20,12186.540673262032
2018-12-21,11064.740667550184
2018-12-22,7579.846266840602
2018-12-23,8391.872688036534
2018-12-24,12046.23578145787
2018-12-25,12349.636379064916
2018-12-26,11995.770151671433
2018-12-27,11731.635257518816
2018-12-28,11072.705483501395
2018-12-29,8047.843436303553
2018-12-30,9307.047678044162
2018-12-31,13387.713828023669
2019-01-01,14090.014376470897
2019-01-02,14099.96036976882
2019-01-03,14158.125154868461
2019-01-04,13774.81139254289
2019-01-05,10975.133570711903
2019-01-06,12404.751620707108
2019-01-07,16599.66560872975
2019-01-08,17360.917613091144
2019-01-09,17374.812384661986
2019-01-10,17383.850117260372
2019-01-11,16901.671655581846
2019-01-12,13958.091876495397
2019-01-13,15202.604444566392
2019-01-14,19177.503651115316
2019-01-15,19691.716334260687
2019-01-16,19438.009022506736
2019-01-17,19165.98131817401
2019-01-18,18396.66883663299
2019-01-19,15167.43802660499
2019-01-20,16133.205886719106
2019-01-21,19842.86731423162
2019-01-22,20112.270301041845
2019-01-23,19638.457030887177
2019-01-24,19174.798007831352
2019-01-25,18245.36304991624
2019-01-26,14889.814771271742
2019-01-27,15762.503365319651
2019-01-28,19412.37782535759
2019-01-29,19655.295931931698
2019-01-30,19185.498537462005
2019-01-31,18753.085779577243
2019-02-01,17878.35394367653
2019-02-02,14596.876403585044
2019-02-03,15556.648050960963
2019-02-04,19301.635987387363
2019-02-05,19643.55672933466
2019-02-06,19270.689422368345
2019-02-07,18927.77046521998
2019-02-08,18130.34126884668
2019-02-09,14910.029401164891
2019-02-10,15909.72306233126
2019-02-11,19670.71015450987
2019-02-12,20003.84185497879
2019-02-13,19595.576723170983
2019-02-14,19190.161832052185
2019-02-15,18303.839626272682
2019-02-16,14970.162087735402
2019-02-17,15833.017598566386
2019-02-18,19437.175427111182
2019-02-19,19598.652686440644
2019-02-20,19007.811573070496
2019-02-21,18413.659517720498
2019-02-22,17337.762647932115
2019-02-23,13819.459727065607
2019-02-24,14506.63107551464
2019-02-25,17949.564046837393
2019-02-26,17970.46707027265
2019-02-27,17263.59324103176
2019-02-28,16581.66277220995
2019-03-01,15449.516078750376
2019-03-02,11909.28906475563
2019-03-03,12609.012248000117
2019-03-04,16099.909206624989
2019-03-05,16205.190123235945
2019-03-06,15617.35062364546
2019-03-07,15086.877506342975
2019-03-08,14135.80979224449
2019-03-09,10803.046188442931
2019-03-10,11730.94281216417
2019-03-11,15466.205768104033
2019-03-12,15828.113562883791
2019-03-13,15503.124593786039
2019-03-14,15235.979910305821
2019-03-15,14543.263256935465
2019-03-16,11458.906616085154
2019-03-17,12618.825660255121
2019-03-18,16565.41795335578
2019-03-19,17115.19804021262
2019-03-20,16950.670449014142
2019-03-21,16813.760929218806
2019-03-22,16219.283755796647
2019-03-23,13200.533338088251
2019-03-24,14391.82855977813
2019-03-25,18336.474846356603
2019-03-26,18853.66149980061
2019-03-27,18627.445568079478
2019-03-28,18402.357227776123
2019-03-29,17696.624808430224
2019-03-30,14547.712004140694
2019-03-31,15592.643692466709
2019-04-01,19379.321063822947
2019-04-02,19732.59002597161
2019-04-03,19340.266807032644
2019-04-04,18950.87212865203
2019-04-05,18086.59339087406
2019-04-06,14788.771992720309
2019-04-07,15696.039726898018
2019-04-08,19359.039459005595
2019-04-09,19605.73859773404
2019-04-10,19124.58943317716
2019-04-11,18664.50106448504
2019-04-12,17747.660184626468
2019-04-13,14415.09860077825
2019-04-14,15302.77490508211
2019-04-15,18959.835874776145
2019-04-16,19213.306541714872
2019-04-17,18748.509205169797
2019-04-18,18311.38577272718
2019-04-19,17421.27521583383
2019-04-20,14116.641941240316
2019-04-21,15029.163694763869
2019-04-22,18705.573292114954
2019-04-23,18971.742564014952
2019-04-24,18510.35469138066
2019-04-25,18065.54937995337
2019-04-26,17155.608257982683
2019-04-27,13818.775940445259
2019-04-28,14685.268880635444
2019-04-29,18302.597832489326
2019-04-30,18498.93499081918
2019-05-01,17957.921440447473
2019-05-02,17425.513188731646
2019-05-03,16422.452616986848
2019-05-04,12990.064264539338
2019-05-05,13760.074256689426
2019-05-06,17283.314159121877
2019-05-07,17392.286078659316
2019-05-08,16773.036717041276
2019-05-09,16174.154569566477
2019-05-10,15118.99805583356
2019-05-11,11651.457832016631
2019-05-12,12403.599992264237
2019-05-13,15927.785444041154
2019-05-14,16058.486925811258
2019-05-15,15481.301734516433
2019-05-16,14944.188000342978
2019-05-17,13969.550490728137
2019-05-18,10600.080372086682
2019-05-19,11464.33957464566
2019-05-20,15112.415893854619
2019-05-21,15377.111208741693
2019-05-22,14940.20754103223
2019-05-23,14546.048878898437
2019-05-24,13713.579636913646
2019-05-25,10482.342409696756
2019-05-26,11476.067097179963
2019-05-27,15241.90639939995
2019-05-28,15611.019570275936
2019-05-29,15262.095031124687
2019-05-30,14937.259721970904
2019-05-31,14154.031470410513
2019-06-01,10951.416417528551
2019-06-02,11951.4267638235
2019-06-03,15701.804995343224
2019-06-04,16035.898762131255
2019-06-05,15633.326051224638
2019-06-06,15238.091945442458
2019-06-07,14370.332304474474
2019-06-08,11072.389516619913
2019-06-09,11968.142461142672
2019-06-10,15609.11154867375
2019-06-11,15833.52858458347
2019-06-12,15324.06307398491
2019-06-13,14828.082164549427
2019-06-14,13869.140591318337
2019-06-15,10493.010272774254
2019-06-16,11324.819344245263
2019-06-17,14918.556326944125
2019-06-18,15115.374223389506
2019-06-19,14598.436973844768
2019-06-20,14115.399613339092
2019-06-21,13189.737214099447
2019-06-22,9866.833978055281
2019-06-23,10769.046733259072
2019-06-24,14448.729886666557
2019-06-25,14745.898000947504
2019-06-26,14340.315493824331
2019-06-27,13976.315222558218
2019-06-28,13174.07618148897
2019-06-29,9975.870066608826
2019-06-30,10999.132454635397
2019-07-01,14793.074470683812
2019-07-02,15195.750475453802
2019-07-03,14883.41689999653
2019-07-04,14597.693603197778
2019-07-05,13856.772960365764
2019-07-06,10701.785317796344
2019-07-07,11747.819185111142
2019-07-08,15544.042598503633
2019-07-09,15930.082839930981
2019-07-10,15582.548047563927
2019-07-11,15244.41488480462
2019-07-12,14436.045944418007
2019-07-13,11201.548093896668
2019-07-14,12157.616540962288
2019-07-15,15857.045372444669
2019-07-16,16144.307032960376
2019-07-17,15699.136069119982
2019-07-18,15268.057137550088
2019-07-19,14375.142022965565
2019-07-20,11068.31153055539
2019-07-21,11965.974947345123
2019-07-22,15623.92303112141
2019-07-23,15890.12250896394
2019-07-24,15445.398778130284
2019-07-25,15037.161568821726
2019-07-26,14189.97770144943
2019-07-27,10951.909213166433
2019-07-28,11939.054719728843
2019-07-29,15705.942017295683
2019-07-30,16099.661942260374
2019-07-31,15797.77785282533
2019-08-02,14860.579677207914
2019-08-03,11791.034672307456
2019-08-04,12946.461437912461
2019-08-05,16877.63510931197
2019-08-06,17428.932238728485
2019-08-07,17273.520950216825
2019-08-08,17151.770052551405
2019-08-09,16581.71145651441
2019-08-10,13605.671327949978
2019-08-11,14830.79164485736
2019-08-12,18806.54903459204
2019-08-13,19377.64123667416
2019-08-14,19216.368741475144
2019-08-15,19063.298740152062
2019-08-16,18437.56346229074
2019-08-17,15383.510190033576
2019-08-18,16509.070355029304
2019-08-19,20366.688308852128
2019-08-20,20805.42486818933
2019-08-21,20500.41454449189
2019-08-22,20195.679099469082
2019-08-23,19414.170361795106
2019-08-24,16204.364160568188
2019-08-25,17176.420726775064
2019-08-26,20886.48750638841
2019-08-27,21188.005262445735
2019-08-28,20758.248107406995
2019-08-29,20343.315324671814
2019-08-30,19467.967835274274
2019-08-31,16182.234170703226
2019-09-01,17095.44711244233
2019-09-02,20764.019649090013
2019-09-03,21042.063829665993
2019-09-04,20605.131474996848
2019-09-05,20197.506180961256
2019-09-06,19341.955626273877
2019-09-07,16086.468281219299
2019-09-08,17036.2778259614
2019-09-09,20745.213196391163
2019-09-10,21065.717423120335
2019-09-11,20669.85985396981
2019-09-12,20298.980581374923
2019-09-13,19473.390629126206
2019-09-14,16239.250238639801
2019-09-15,17198.57037401981
2019-09-16,20904.10495978001
2019-09-17,21208.717590047818
2019-09-18,20783.59454304354
2019-09-19,20370.15450534947
2019-09-20,19489.595812541025
2019-09-21,16189.804933328654
2019-09-22,17073.21660802002
2019-09-23,20695.126463581106
2019-09-24,20912.284248197993
2019-09-25,20398.19059403133
2019-09-26,19897.16301037787
2019-09-27,18933.63264831502
2019-09-28,15559.000093195787
2019-09-29,16377.288590989152
2019-09-30,19946.831018510245
2019-10-01,20128.06473030518
2019-10-02,19595.90920537504
2019-10-03,19096.007754576152
2019-10-04,18153.815134641245
2019-10-05,14821.462742672182
2019-10-06,15701.286028426468
2019-10-07,19350.983556054038
2019-10-08,19630.72493748045
2019-10-09,19212.731225722997
2019-10-10,18839.820888723243
2019-10-11,18034.41957616616
2019-10-12,14845.564711888643
2019-10-13,15870.431724302724
2019-10-14,19663.080538041562
2019-10-15,20080.97895569862
2019-10-16,19791.87186221264
2019-10-17,19534.698376603155
2019-10-18,18828.569231802412
2019-10-19,15719.933107048968
2019-10-20,16802.09992160765
2019-10-21,20627.54864984474
2019-10-22,21053.816177542052
2019-10-23,20747.582691087537
2019-10-24,20447.866645649316
2019-10-25,19674.8582286544
2019-10-26,16477.120882447696
2019-10-27,17448.973729572248
2019-10-28,21146.21542286946
2019-10-29,21431.230126181228
2019-10-30,20974.142115545677
2019-10-31,20518.14742026708
2019-11-01,19588.072387241125
2019-11-02,16237.493652862198
2019-11-03,17063.880906547343
2019-11-04,20627.65914706403
2019-11-05,20796.477949872227
2019-11-06,20243.40718650309
2019-11-07,19714.404200982823
2019-11-08,18736.623723944023
2019-11-09,15365.509553972583
2019-11-10,16197.776753904283
2019-11-11,19793.915288626315
2019-11-12,20021.746754402786
2019-11-13,19551.803254148406
2019-11-14,19127.086106112838
2019-11-15,18271.29270221545
2019-11-16,15036.050393880227
2019-11-17,16011.908617336614
2019-11-18,19754.44944915822
2019-11-19,20127.287494229317
2019-11-20,19794.773118243207
2019-11-21,19494.165100222748
2019-11-22,18743.87425135442
2019-11-23,15590.913524839672
2019-11-24,16619.945793732637
2019-11-25,20383.01703412265
2019-11-26,20741.98418840494
2019-11-27,20358.496671590015
2019-11-28,19968.50685731444
2019-11-29,19090.42605778071
2019-11-30,15772.660729711262
2019-12-01,16600.563366429436
2019-12-02,20129.61734820031
2019-12-03,20227.107949448673
2019-12-04,19559.188406170448
2019-12-05,18867.53093279342
2019-12-06,17677.199615790792
2019-12-07,14044.084570486852
2019-12-08,14559.580399638915
2019-12-09,17787.064753448598
2019-12-10,17602.676661972724
2019-12-11,16679.3574559479
2019-12-12,15765.561998954754
2019-12-13,14392.800064587596
2019-12-14,10622.953529598779
2019-12-15,11050.701716127138
2019-12-16,14243.346986985827
2019-12-17,14080.786574730348
2019-12-18,13236.645299006108
2019-12-19,12459.19179574385
2019-12-20,11278.717282869526
2019-12-21,7754.924420791015
2019-12-22,8477.302934275094
2019-12-23,12008.515014948529
2019-12-24,12223.777124772103
2019-12-25,11789.298899449583
2019-12-26,11445.610916224956
2019-12-27,10714.9739775931
2019-12-28,7649.014140685423
2019-12-29,8827.199771089568
2019-12-30,12803.910459316761
2019-12-31,13447.321704188873
2020-01-01,13415.20958334788
2020-01-02,13440.714698618116
2020-01-03,13039.771005919358
2020-01-04,10258.940731982122
2020-01-05,11671.91253061271
2020-01-06,15830.141724478462
2020-01-07,16601.096874725226
2020-01-08,16641.26425619666
2020-01-09,16684.161559860782
2020-01-10,16247.584451013889
2020-01-11,13381.429627966567
2020-01-12,14661.998135717511
2020-01-13,18645.992614265648
2020-01-14,19207.918826572317
2020-01-15,19010.09594339372
2020-01-16,18792.744108209412
2020-01-17,18080.89558100477
2020-01-18,14932.079554944226
2020-01-19,15928.334256247726
2020-01-20,19633.497254361773
2020-01-21,19929.73193837471
2020-01-22,19484.548102298013
2020-01-23,19043.001974640636
2020-01-24,18134.343331756398
2020-01-25,14819.664010166309
2020-01-26,15681.748223087068
2020-01-27,19285.80905173563
2020-01-28,19515.312241027586
2020-01-29,19036.193764899097
2020-01-30,18591.368000610324
2020-01-31,17707.30997028444
2020-02-01,14441.864605545112
2020-02-02,15372.124754070515
2020-02-03,19058.79051231214
2020-02-04,19381.44935671901
2020-02-05,19000.127760303712
2020-02-06,18652.218987790675
2020-02-07,17859.083443139596
2020-02-08,14674.071089229612
2020-02-09,15668.447773556094
2020-02-10,19399.365967253423
2020-02-11,19744.55835035784
2020-02-12,19361.150656548696
2020-02-13,18984.90866579414
2020-02-14,18136.73174138486
2020-02-15,14870.742773746528
2020-02-16,15758.10081845133
2020-02-17,19358.40962971677
2020-02-18,19553.64454757415
2020-02-19,19004.045089968153
2020-02-20,18449.503542567425
2020-02-21,17415.78302361689
2020-02-22,13962.519992003045
2020-02-23,14664.786274207767
2020-02-24,18087.820290566913
2020-02-25,18120.09709487237
2020-02-26,17426.23790896364
2020-02-27,16750.506438987213
2020-02-28,15622.747279481551
2020-02-29,12106.326369962431
2020-03-01,12777.496411037993
2020-03-02,16203.531628718816
2020-03-03,16275.046129277594
2020-03-04,15656.046650665772
2020-03-05,15089.680203898415
2020-03-06,14104.049485059688
2020-03-07,10760.256423321076
2020-03-08,11629.73980159437
2020-03-09,15275.98117895755
2020-03-10,15586.233193202837
2020-03-11,15218.866593771965
2020-03-12,14911.50547003648
2020-03-13,14186.837357010187
2020-03-14,11100.855781271495
2020-03-15,12218.241666556174
2020-03-16,16097.685847334089
2020-03-17,16623.0455554681
2020-03-18,16447.976521526438
2020-03-19,16306.419670430601
2020-03-20,15718.344212886652
2020-03-21,12738.103939022447
2020-03-22,13927.756326482368
2020-03-23,17845.878017846408
2020-03-24,18378.012084687118
2020-03-25,18178.4381388832
2020-03-26,17982.85815268127
2020-03-27,17313.91938433202
2020-03-28,14229.534912372248
2020-03-29,15293.998882720976
2020-03-30,19070.165351508345
2020-03-31,19449.07231961238
2020-04-01,19088.75456865131
2020-04-02,18729.054586515187
2020-04-03,17896.87446490869
2020-04-04,14654.434154731769
2020-04-05,15568.181128303935
2020-04-06,19204.355373052564
2020-04-07,19457.83648014444
2020-04-08,18988.067289116538
2020-04-09,18536.077473631718
2020-04-10,17629.56855212018
2020-04-11,14331.227242530422
2020-04-12,15205.556445662549
2020-04-13,18817.95886764939
2020-04-14,19062.94113193353
2020-04-15,18597.27960955948
2020-04-16,18159.381488138104
2020-04-17,17274.317440812687
2020-04-18,14002.290973381512
2020-04-19,14903.47504279421
2020-04-20,18540.679649263235
2020-04-21,18806.95754559146
2020-04-22,18356.034916810397
2020-04-23,17924.01022217775
2020-04-24,17034.312663458837
2020-04-25,13746.284418769572
2020-04-26,14617.960090594004
2020-04-27,18212.23790166444
2020-04-28,18423.79173948177
2020-04-29,17906.659629622958
2020-04-30,17398.16494681499
2020-05-01,16423.68060953801
2020-05-02,13045.203258814936
2020-05-03,13821.957529468496
2020-05-04,17319.95947034996
2020-05-05,17438.13363803434
2020-05-06,16832.97130806197
2020-05-07,16244.60194106297
2020-05-08,15201.309137996064
2020-05-09,11768.06258121227
2020-05-10,12504.933745008482
2020-05-11,15980.059323042295
2020-05-12,16094.992031860262
2020-05-13,15506.477163717354
2020-05-14,14954.741304909743
2020-05-15,13967.843326846632
2020-05-16,10610.261028243618
2020-05-17,11439.225855250177
2020-05-18,15021.201182022607
2020-05-19,15256.58536974742
2020-05-20,14798.72522044939
2020-05-21,14384.536838192002
2020-05-22,13538.799310927607
2020-05-23,10322.893131587869
2020-05-24,11289.137413830153
2020-05-25,15000.850324560455
2020-05-26,15356.45341216102
2020-05-27,15005.75115444264
2020-05-28,14682.892406709907
2020-05-29,13910.594177959076
2020-05-30,10748.998546369969
2020-05-31,11747.959384703741
2020-06-01,15470.613846250639
2020-06-02,15816.80089586159
2020-06-03,15436.506550139607
2020-06-04,15065.05521737256
2020-06-05,14227.145937782052
2020-06-06,10985.70680005751
2020-06-07,11892.010497043075
2020-06-08,15512.640171179108
2020-06-09,15752.112992112317
2020-06-10,15263.392797864202
2020-06-11,14785.226899930114
2020-06-12,13845.92680683434
2020-06-13,10512.170691665806
2020-06-14,11336.918383141223
2020-06-15,14889.763148478893
2020-06-16,15078.773151177398
2020-06-17,14558.105221762939
2020-06-18,14067.540757246885
2020-06-19,13136.082860421278
2020-06-20,9830.794940780035
2020-06-21,10702.616729284415
2020-06-22,14320.214037882986
2020-06-23,14591.15721310392
2020-06-24,14166.758636690387
2020-06-25,13783.930103662455
2020-06-26,12968.714847148685
2020-06-27,9785.273243962723
2020-06-28,10779.69996428057
2020-06-29,14517.457921192601
2020-06-30,14903.963414337586
2020-07-01,14586.698408792026
2020-07-02,14299.42022797298
2020-07-03,13565.638128942552
2020-07-04,10447.734284155515
2020-07-05,11488.749069163367
2020-07-06,15253.345999742502
2020-07-07,15647.731730069574
2020-07-08,15318.954776127784
2020-07-09,15001.365325863553
2020-07-10,14219.923357358814
2020-07-11,11039.334462175919
2020-07-12,12003.67901957131
2020-07-13,15680.783781923565
2020-07-14,15981.356036326823
2020-07-15,15555.355360842637
2020-07-16,15140.600835762349
2020-07-17,14265.821784012009
2020-07-18,10999.735999794946
2020-07-19,11888.469055453272
2020-07-20,15503.299103502477
2020-07-21,15758.993125277386
2020-07-22,15307.261392920795
2020-07-23,14887.5432473306
2020-07-24,14029.852218572638
2020-07-25,10803.867492593166
2020-07-26,11754.231169041414
2020-07-27,15451.768485436407
2020-07-28,15811.139714662459
2020-07-29,15481.498879131663
2020-07-30,15199.584014242711
2020-07-31,14492.483215641018
2020-08-01,11426.862754586573
2020-08-02,12542.258889403807
2020-08-03,16405.87983785534
2020-08-04,16929.66621084304
2020-08-05,16758.230667405016
2020-08-06,16624.310877349184
2020-08-07,16051.494511013076
2020-08-08,13103.600701739006
2020-08-09,14315.96131106481
2020-08-10,18253.777921897497
2020-08-11,18828.54327155506
2020-08-12,18683.194940949135
2020-08-13,18549.846759157455
2020-08-14,17952.373664530864
2020-08-15,14955.835607582847
2020-08-16,16095.628858278793
