time,inbound_delivered_emails
2015-03-23,239197.1647822291
2015-03-24,251415.43695235526
2015-03-25,246893.80238266094
2015-03-26,242621.5531891606
2015-03-27,211271.52938195903
2015-03-28,136753.58191766564
2015-03-29,146239.1819786939
2015-03-30,244926.21458326402
2015-03-31,256122.2597796326
2015-04-01,250646.28436969433
2015-04-02,245463.3652579738
2015-04-03,213377.1558473889
2015-04-04,138384.82931753085
2015-04-05,147230.3015261917
2015-04-06,245112.07225806804
2015-04-07,255980.5502374789
2015-04-08,250409.08117860518
2015-04-09,245301.77178047734
2015-04-10,213551.78952258875
2015-04-11,139199.12378897445
2015-04-12,148513.86887675847
2015-04-13,246648.62354015777
2015-04-14,258151.3878306289
2015-04-15,253307.42536106694
2015-04-16,248921.6089981381
2015-04-17,217943.85375584842
2015-04-18,144430.83314942842
2015-04-19,154160.26122429885
2015-04-20,252228.5606038837
2015-04-21,263779.7892724379
2015-04-22,258818.52726775708
2015-04-23,254066.65866118914
2015-04-24,222555.57711891865
2015-04-25,148391.23099054198
2015-04-26,156898.52885814515
2015-04-27,253163.176245077
2015-04-28,262975.339730719
2015-04-29,256112.11023380782
2015-04-30,249267.1606180452
2015-05-01,215608.09646377972
2015-05-02,139343.183906913
2015-05-03,145394.2632780542
2015-05-04,238881.2180400356
2015-05-05,246278.96513593954
2015-05-06,237168.25196039357
2015-05-07,228237.15297614236
2015-05-08,192802.76754505833
2015-05-09,115179.09611420598
2015-05-10,119878.20891530358
2015-05-11,212037.3848838175
2015-05-12,218789.75768182476
2015-05-13,209484.0598142691
2015-05-14,200758.83790454338
2015-05-15,166029.62907614038
2015-05-16,89659.31829509205
2015-05-17,95689.07261562203
2015-05-18,189209.8015817329
2015-05-19,197948.19931859404
2015-05-20,190957.185660945
2015-05-21,184764.60778038017
2015-05-22,152827.57378318775
2015-05-23,79506.8750324918
2015-05-24,88329.09590204798
2015-05-25,184303.62357693238
2015-05-26,195725.06334256334
2015-05-27,191335.08705001904
2015-05-28,187546.06118809478
2015-05-29,157862.67787145928
2015-05-30,86660.27094503869
2015-05-31,96977.64095510608
2015-06-01,193778.86813255766
2015-06-02,205971.09195775856
2015-06-03,202036.52417637635
2015-06-04,198329.5622463672
2015-06-05,168464.11963291327
2015-06-06,96894.12637722488
2015-06-07,106235.297666647
2015-06-08,201469.96676430354
2015-06-09,212178.4849323487
2015-06-10,206639.7441378084
2015-06-11,201200.25712574317
2015-06-12,169625.8474360527
2015-06-13,96483.2117784538
2015-06-14,103989.75788435384
2015-06-15,197160.85554437223
2015-06-16,206254.54372448873
2015-06-17,199340.54624298745
2015-06-18,192741.597362588
2015-06-19,160350.05661385192
2015-06-20,86811.36656015753
2015-06-21,93903.03656796503
2015-06-22,186625.59922143765
2015-06-23,195862.08408965555
2015-06-24,189417.1146997766
2015-06-25,183532.14992326475
2015-06-26,152168.72669465028
2015-06-27,79995.49916322176
2015-06-28,88297.98807357824
2015-06-29,182014.74886408896
2015-06-30,192612.96143245796
2015-07-01,187598.76199650147
2015-07-02,183107.32521097062
2015-07-03,153356.8120248682
2015-07-04,82641.40393553535
2015-07-05,92076.54471676011
2015-07-06,186896.80951810296
2015-07-07,198397.1610339708
2015-07-08,194019.92057573554
2015-07-09,189917.4360356662
2015-07-10,159925.64010959034
2015-07-11,88508.28562723738
2015-07-12,97465.72104783026
2015-07-13,192081.7970566466
2015-07-14,202746.11256870706
2015-07-15,197308.72530414193
2015-07-16,192050.42946273842
2015-07-17,160705.71720016724
2015-07-18,87698.32774828127
2015-07-19,95545.98057245604
2015-07-20,189606.4265484675
2015-07-21,199379.91464970174
2015-07-22,193131.13105798967
2015-07-23,187266.84899526552
2015-07-24,155408.33639720615
2015-07-25,81918.54101668486
2015-07-26,90003.37311794473
2015-07-27,185057.74522212884
2015-07-28,195649.33048561466
2015-07-29,190408.9965554701
2015-07-30,185817.2513209686
2015-07-31,155327.63578037085
2015-08-01,83187.15359886292
2015-08-02,93235.73346933513
2015-08-03,190853.86073609305
2015-08-04,203629.15629478035
2015-08-05,200516.71407610332
2015-08-06,198035.58976904443
2015-08-07,169444.22702785168
2015-08-08,98854.94956996094
2015-08-09,110732.16691863346
2015-08-10,210441.89051855062
2015-08-11,224601.14600006185
2015-08-12,222507.94702862157
2015-08-13,220747.287640327
2015-08-14,192417.80643385963
2015-08-15,121539.31359099074
2015-08-16,133248.5107611317
2015-08-17,232948.99745452497
2015-08-18,246341.99902632931
2015-08-19,243124.38104507854
2015-08-20,240002.51871407375
2015-08-21,209968.59028213334
2015-08-22,136999.5958526617
2015-08-23,146831.37304614205
2015-08-24,244903.81501005153
2015-08-25,256241.92135583606
2015-08-26,250947.75228021052
2015-08-27,245835.28834063915
2015-08-28,213924.0819236539
2015-08-29,139297.31143822818
2015-08-30,147806.45786691763
2015-08-31,244745.764487143
2015-09-01,255206.62980207053
2015-09-02,249280.77451060744
2015-09-03,243778.99209833922
2015-09-04,211722.20419795703
2015-09-05,137184.37260353687
2015-09-06,145960.88335319018
2015-09-07,243317.67638513446
2015-09-08,254363.39176647764
2015-09-09,249133.80217202593
2015-09-10,244395.83530365993
2015-09-11,213137.25732865973
2015-09-12,139395.47320259715
2015-09-13,148890.4241138844
2015-09-14,246848.94413349457
2015-09-15,258394.95148600117
2015-09-16,253515.1644960502
2015-09-17,248948.13985952243
2015-09-18,217672.06243270714
2015-09-19,143718.66264820332
2015-09-20,152769.63047643527
2015-09-21,250055.0073183365
2015-09-22,260760.07234006867
2015-09-23,254870.87518500586
2015-09-24,249146.75176167028
2015-09-25,216604.6577211939
2015-09-26,141316.66406447603
2015-09-27,148968.41989153338
2015-09-28,244830.22828147898
2015-09-29,254179.4347078605
2015-09-30,247024.77883748454
2015-10-01,240161.61659555
2015-10-02,206652.27679102472
2015-10-03,130606.88173558966
2015-10-04,137703.8814742863
2015-10-05,233234.1123272818
2015-10-06,242539.25369288673
2015-10-07,235615.81633482507
2015-10-08,229254.1149220205
2015-10-09,196515.88750219118
2015-10-10,121499.8389304595
2015-10-11,129825.76010963446
2015-10-12,226753.15235692833
2015-10-13,237637.35676231384
2015-10-14,232414.75603364914
2015-10-15,227826.99645118663
2015-10-16,196897.24697720396
2015-10-17,123681.67562587246
2015-10-18,133718.15864906562
2015-10-19,232220.24104546785
2015-10-20,244551.44753705323
2015-10-21,240591.92221338843
2015-10-22,237047.84379680568
2015-10-23,206925.9764981725
2015-10-24,134270.45219030656
2015-10-25,144575.18031294452
2015-10-26,243052.01895133103
2015-10-27,255121.93574697577
2015-10-28,250661.5897356581
2015-10-29,246396.3221245973
2015-10-30,215371.30886355453
2015-10-31,141671.93664841223
2015-11-01,150798.23177869187
2015-11-02,248005.64178342812
2015-11-03,258811.57750093145
2015-11-04,253120.64558502613
2015-11-05,247700.14156580472
2015-11-06,215646.98407187613
2015-11-07,141091.14535121154
2015-11-08,149531.85994380055
2015-11-09,246251.088528699
2015-11-10,256835.8250944997
2015-11-11,251182.6684213741
2015-11-12,246056.79311447366
2015-11-13,214555.90281644103
2015-11-14,140798.1804807533
2015-11-15,150221.92913409419
2015-11-16,248073.51044265844
2015-11-17,259947.29825492942
2015-11-18,255671.50452269122
2015-11-19,251952.52177165417
2015-11-20,221837.71063649873
2015-11-21,149389.55264388496
2015-11-22,159950.2220960966
2015-11-23,258705.26832714732
2015-11-24,271242.2143787574
2015-11-25,267318.3331990198
2015-11-26,263590.73015251657
2015-11-27,233077.99114931692
2015-11-28,159820.2164759656
2015-11-29,169107.8591536302
2015-11-30,266120.15747481165
2015-12-01,276501.08063330763
2015-12-02,270007.4854166454
2015-12-03,263323.1370374386
2015-12-04,229517.23470068112
2015-12-05,152688.21294094232
2015-12-06,158154.6621478921
2015-12-07,251166.31410210207
2015-12-08,257495.1867364324
2015-12-09,246962.08616087094
2015-12-10,236332.69636074762
2015-12-11,198771.33170139563
2015-12-12,118467.12613657014
2015-12-13,120785.96440627101
2015-12-14,211053.28892679326
2015-12-15,215160.0774226179
2015-12-16,202967.70099981656
2015-12-17,191286.47075806442
2015-12-18,153325.37923777188
2015-12-19,73301.79176460126
2015-12-20,76555.82838219099
2015-12-21,168406.72069740252
2015-12-22,174775.59447618457
2015-12-23,165470.8474720284
2015-12-24,157251.4510088622
2015-12-25,123275.0516985907
2015-12-26,47693.54632253261
2015-12-27,55732.242405170764
2015-12-28,152621.97725549192
2015-12-29,164240.7430478148
2015-12-30,160281.39290846072
2015-12-31,157401.22891865426
2016-01-01,128669.67804407104
2016-01-02,58150.61523657795
2016-01-03,70946.79588630873
2016-01-04,172207.84683138548
2016-01-05,187790.45868467036
2016-01-06,187307.76888116158
2016-01-07,187364.22791176
2016-01-08,161001.51320402542
2016-01-09,92265.97375504037
2016-01-10,106216.46272809664
2016-01-11,208006.13548829433
2016-01-12,223559.00783673747
2016-01-13,222498.73847762178
2016-01-14,221466.4816127328
2016-01-15,193562.79440292667
2016-01-16,122898.06631182843
2016-01-17,134561.7791950031
2016-01-18,233776.35548661754
2016-01-19,246588.58645639225
2016-01-20,242676.6167688212
2016-01-21,238749.91361268229
2016-01-22,207882.21719426554
2016-01-23,134431.79312223286
2016-01-24,143387.3825256226
2016-01-25,239886.37837845756
2016-01-26,250371.76211127313
2016-01-27,244454.7206841637
2016-01-28,238828.89740840349
2016-01-29,206799.981525597
2016-01-30,132666.48612818602
2016-01-31,140934.14361088932
2016-02-01,236703.36195047954
2016-02-02,247052.39913702384
2016-02-03,241295.52037610777
2016-02-04,236024.82891619334
2016-02-05,204605.48777758807
2016-02-06,131350.9243224069
2016-02-07,140245.25344653602
2016-02-08,236322.74213888022
2016-02-09,247277.81596134664
2016-02-10,242119.03969362585
2016-02-11,237338.49765460662
2016-02-12,206372.30955227045
2016-02-13,133569.63141876
2016-02-14,142422.2076528418
2016-02-15,237934.7076378673
2016-02-16,248460.2285809496
2016-02-17,242748.60773235312
2016-02-18,237241.75151670008
2016-02-19,205497.7859948294
2016-02-20,131952.18694103017
2016-02-21,139652.83649678814
2016-02-22,233619.69937235123
2016-02-23,242904.4267554619
2016-02-24,236031.78274965577
2016-02-25,229419.91779084032
2016-02-26,196767.39007777162
2016-02-27,122605.92247168947
2016-02-28,129540.73504252736
2016-02-29,222599.60955765942
2016-03-01,231516.91591976996
2016-03-02,224568.7340936145
2016-03-03,218118.8921229556
2016-03-04,185969.89001737797
2016-03-05,112708.49203388722
2016-03-06,120452.6815229434
2016-03-07,214191.55483386506
2016-03-08,224295.26045038612
2016-03-09,218745.30878111342
2016-03-10,213807.8228159531
2016-03-11,183349.72333426142
2016-03-12,111978.38448771297
2016-03-13,121296.27079773792
2016-03-14,216232.51911749007
2016-03-15,227779.42282535715
2016-03-16,223618.31966920258
2016-03-17,219920.1876267671
2016-03-18,190626.9659843277
2016-03-19,120384.89675927255
2016-03-20,130306.2281781476
2016-03-21,225291.6437327552
2016-03-22,236992.2596232912
2016-03-23,232829.9077479867
2016-03-24,228923.7605702221
2016-03-25,199335.39716069718
2016-03-26,128794.40302444239
2016-03-27,137965.72040883097
2016-03-28,231761.55705377972
2016-03-29,242527.62765744666
2016-03-30,237456.69658871208
2016-03-31,232640.2680105967
2016-04-01,202276.63448144475
2016-04-02,131188.19804920844
2016-04-03,139594.17244255947
2016-04-04,232411.92818540017
2016-04-05,242667.68799527214
2016-04-06,237303.78615419264
2016-04-07,232356.113988018
2016-04-08,202126.05318872537
2016-04-09,131490.60472018452
2016-04-10,140181.68039158898
2016-04-11,233078.23463225187
2016-04-12,243842.8351902941
2016-04-13,239124.0875874533
2016-04-14,234861.26644774165
2016-04-15,205421.50154384103
2016-04-16,135703.97722511194
2016-04-17,144926.9310734564
2016-04-18,237911.50959644894
2016-04-19,248944.9409937647
2016-04-20,244378.61721961675
2016-04-21,240060.15273481788
2016-04-22,210435.8047545204
2016-04-23,140448.4632987178
2016-04-24,148831.82229486006
2016-04-25,240385.18421531003
2016-04-26,250062.24132765434
2016-04-27,243963.63161616426
2016-04-28,237895.0853645168
2016-04-29,206433.62335334506
2016-04-30,134617.80751861355
2016-05-01,140747.52605508643
2016-05-02,229706.1431147814
2016-05-03,237103.3724690662
2016-05-04,228815.3368407746
2016-05-05,220641.2300644153
2016-05-06,187280.3905102105
2016-05-07,113840.10196263847
2016-05-08,118370.32007958696
2016-05-09,205787.73384361155
2016-05-10,212142.72419621094
2016-05-11,203192.3940699153
2016-05-12,194721.80833222653
2016-05-13,161500.3058487529
2016-05-14,88672.71866794223
2016-05-15,94017.14374771477
2016-05-16,182424.4342940011
2016-05-17,190291.80585041395
2016-05-18,183196.09366790258
2016-05-19,176847.31878527376
2016-05-20,146025.91102113525
2016-05-21,75858.97173719565
2016-05-22,83802.62229932466
2016-05-23,174678.31876747147
2016-05-24,185194.32058043827
2016-05-25,180720.1768230217
2016-05-26,176873.37727155193
2016-05-27,148437.9802144106
2016-05-28,80526.13318763507
2016-05-29,90284.92652553394
2016-05-30,182489.17544183388
2016-05-31,194190.12094476318
2016-06-01,190590.25808772733
2016-06-02,187261.95375330266
2016-06-03,159046.16169435033
2016-06-04,91097.72191887596
2016-06-05,100315.1206196902
2016-06-06,191488.06728732178
2016-06-07,202071.72969429975
2016-06-08,197160.2286890711
2016-06-09,192335.61783499536
2016-06-10,162545.1970585672
2016-06-11,93029.26063747914
2016-06-12,100472.6296611442
2016-06-13,189706.11842053098
2016-06-14,198605.65101712628
2016-06-15,192164.0414016355
2016-06-16,185970.23464671272
2016-06-17,155065.40181540488
2016-06-18,84753.5955448831
2016-06-19,91475.77594855844
2016-06-20,180066.12707707813
2016-06-21,188777.22688507425
2016-06-22,182451.4602648562
2016-06-23,176632.00535158184
2016-06-24,146399.28550563354
2016-06-25,77066.1538334825
2016-06-26,84776.03233357304
2016-06-27,174315.6484760458
2016-06-28,184267.73358080044
2016-06-29,179283.40725953656
2016-06-30,174826.06999715924
2016-07-01,145989.1635038484
2016-07-02,78076.59948380731
2016-07-03,86925.47051778206
2016-07-04,177275.39588114797
2016-07-05,188048.66466559508
2016-07-07,179708.93765211778
2016-07-08,151145.661257786
2016-07-09,83367.99575602982
2016-07-10,91951.25514765747
2016-07-11,181636.05016307096
2016-07-12,191734.38953182852
2016-07-13,186601.75778367335
2016-07-14,181644.04338270598
2016-07-15,152094.6987197523
2016-07-16,83362.09555349275
2016-07-17,90797.58095850992
2016-07-18,179174.1204823091
2016-07-19,188217.4041426912
2016-07-20,182176.27020544902
2016-07-21,176459.8906372773
2016-07-22,146393.64767978288
2016-07-23,77449.27524380437
2016-07-24,84735.23534612494
2016-07-25,173029.99298213844
2016-07-26,182438.92148617897
2016-07-27,177064.07953991482
2016-07-28,172272.84343352984
2016-07-29,143433.83621241816
2016-07-30,76031.29751356073
2016-07-31,84879.28638883721
2016-08-01,174711.112339283
2016-08-02,185963.53769722028
2016-08-03,182547.33431219283
2016-08-04,179748.6756397979
2016-08-05,152946.27929418616
2016-08-06,87610.97982915216
2016-08-07,98244.5175871491
2016-08-08,189525.64858322483
2016-08-09,202221.91465280493
2016-08-10,200060.99115072674
2016-08-11,198264.5910455963
2016-08-12,172246.32187093396
2016-08-13,107846.74800511288
2016-08-14,119013.18493263487
2016-08-15,211199.45825694565
2016-08-16,224261.52329269043
2016-08-17,222061.56291797757
2016-08-18,219958.3330677014
2016-08-19,192891.19038744358
2016-08-20,125799.2160067915
2016-08-21,135658.926631933
2016-08-22,228062.8446227059
2016-08-23,239648.36174883167
2016-08-24,235628.3168627831
2016-08-25,231718.9399077465
2016-08-26,202399.37074157165
2016-08-27,132352.0956416697
2016-08-28,140936.37683467413
2016-08-29,233875.3272879563
2016-08-30,244571.29818306543
2016-08-31,239563.45995247088
2016-09-01,234894.1060017711
2016-09-02,204544.6390689005
2016-09-03,132898.48289579357
2016-09-04,141651.5438498553
2016-09-05,236609.21572102734
2016-09-06,247889.7847190013
2016-09-07,243310.53081594076
2016-09-08,239193.884992599
2016-09-09,208981.3080626735
2016-09-10,136719.98971726935
2016-09-11,146411.50112644685
2016-09-12,243919.69922735618
2016-09-13,256062.89886229608
2016-09-14,251929.0002885921
2016-09-15,248121.74552270042
2016-09-16,217552.46625872797
2016-09-17,143950.2775186107
2016-09-18,153648.36686859652
2016-09-19,252601.99810267414
2016-09-20,264368.428185419
2016-09-21,259349.8468037279
2016-09-22,254478.36240981173
2016-09-23,222184.13606963507
2016-09-24,145927.51804902544
2016-09-25,154421.4011225755
2016-09-26,253757.77888739348
2016-09-27,264273.93857186066
2016-09-28,257721.86560489086
2016-09-29,251390.7768828683
2016-09-30,217250.6605234688
2016-10-01,138505.60974747376
2016-10-02,145823.11812527745
2016-10-03,245269.7084795991
2016-10-04,254741.29275270956
2016-10-05,247251.25666378852
2016-10-06,240306.56909972394
2016-10-07,205868.87214130117
2016-10-08,127425.22835494415
2016-10-09,135713.11916526288
2016-10-10,236121.76530552487
2016-10-11,247004.1736787941
2016-10-12,241142.845746919
2016-10-13,235956.94865890784
2016-10-14,203438.2322199693
2016-10-15,127070.49634308841
2016-10-16,137192.30462344817
2016-10-17,239129.6939657621
2016-10-18,251675.7494280096
2016-10-19,247374.4974590542
2016-10-21,212264.22969055898
2016-10-22,136990.6683422018
2016-10-23,147708.41519566273
2016-10-24,249718.2687709919
2016-10-25,262298.13016247266
2016-10-26,257803.73542347955
2016-10-27,253537.00445560043
2016-10-28,221629.9364025409
2016-10-29,145659.15863037267
2016-10-30,155281.09612983014
2016-10-31,255823.955859455
2016-11-01,267098.42827837396
2016-11-02,261313.71243307512
2016-11-03,255774.32103453955
2016-11-04,222735.9848891006
2016-11-05,145865.9768478714
2016-11-06,154513.01363289694
2016-11-07,254027.70062586886
2016-11-08,264737.9775334456
2016-11-09,258680.77662141065
2016-11-10,253127.94033221883
2016-11-11,220415.09084490992
2016-11-12,144248.95959730077
2016-11-13,153613.4930246584
2016-11-14,253820.42909293712
2016-11-15,265651.3108060696
2016-11-16,260906.70136419535
2016-11-17,256763.18234520615
2016-11-18,225577.14300488002
2016-11-19,151040.99872433615
2016-11-20,161727.25643507933
2016-11-21,262870.797918935
2016-11-22,275678.8070277509
2016-11-23,271499.3711777017
2016-11-24,267613.3254607346
2016-11-25,236465.31182648704
2016-11-26,161861.27629373298
2016-11-27,171619.67750301777
2016-11-28,270732.29902030376
2016-11-29,281604.88569610845
2016-11-30,275370.587399835
2016-12-01,269001.4707047529
2016-12-02,235189.57143761354
2016-12-03,157911.3206608503
2016-12-04,164029.4186978192
2016-12-05,258556.79844732265
2016-12-06,265374.5873761167
2016-12-07,255132.7703496
2016-12-08,244752.6791638242
2016-12-09,207229.96458548272
2016-12-10,126756.90941506272
2016-12-11,129273.57945422524
2016-12-12,219833.86400446444
2016-12-13,223800.03608141647
2016-12-14,211330.27554302476
2016-12-15,199272.15838062856
2016-12-16,160887.95246803176
2016-12-17,80535.59528028377
2016-12-18,83170.25344771914
2016-12-19,173813.89709056818
2016-12-20,179228.20182259244
2016-12-21,168990.91664686587
2016-12-22,159782.5256854432
2016-12-23,125036.17063173333
2016-12-24,49179.66494716763
2016-12-25,56089.83928169434
2016-12-26,150667.96888604522
2016-12-27,160993.2167567478
2016-12-28,155989.86725506344
2016-12-29,152108.9493047631
2016-12-30,122904.29554878658
2016-12-31,52836.784630230344
2017-01-01,64682.31511861451
2017-01-02,163213.55870795055
2017-01-03,177834.03647595388
2017-01-04,176835.92907950433
2017-01-05,176476.0011392484
2017-01-06,150476.78573962493
2017-01-07,83391.72184460834
2017-01-08,96965.14026345425
2017-01-09,195918.48820020363
2017-01-10,211062.99793228318
2017-01-11,210145.9030205616
2017-01-12,209318.42293610566
2017-01-13,182754.74772301005
2017-01-14,114846.26418747343
2017-01-15,126640.9449073076
2017-01-16,223158.87260529996
2017-01-17,236056.8032901055
2017-01-18,232755.52339211202
2017-01-19,229412.90091163703
2017-01-20,200074.4497643747
2017-01-21,129437.37744051704
2017-01-22,138508.8924068179
2017-01-23,232363.2951849437
2017-01-24,242855.0816467248
2017-01-25,237389.7513938785
2017-01-26,232145.3439088472
2017-01-27,201214.50728366058
2017-01-28,129322.4180548348
2017-01-29,137375.83952945922
2017-01-30,230439.76903746935
2017-01-31,240500.98528648194
2017-02-01,234884.22492235238
2017-02-02,229724.07882873857
2017-02-03,199100.34564647023
2017-02-04,127711.45991665822
2017-02-05,136315.74844465588
2017-02-06,229928.85312891626
2017-02-07,240638.68246069876
2017-02-08,235667.63338343817
2017-02-09,231095.22678953904
2017-02-10,200986.82060389896
2017-02-11,130022.31952782418
2017-02-12,138829.11285804177
2017-02-13,232399.48642769875
2017-02-14,242955.94960742217
2017-02-15,237658.26617024807
2017-02-16,232575.42528735384
2017-02-17,201806.1878167363
2017-02-18,130061.47647302675
2017-02-19,137887.3686275805
2017-02-20,230300.8952707759
2017-02-21,239704.2141944058
2017-02-22,233235.03894942795
2017-02-23,226986.69440824614
2017-02-24,195119.44158621551
2017-02-25,122395.71978702581
2017-02-26,129292.61494362801
2017-02-27,220855.73017765157
2017-02-28,229662.16056871248
2017-03-01,222814.54495110238
2017-03-02,216409.69042526587
2017-03-03,184641.40218398516
2017-03-04,112289.5213909996
2017-03-06,211915.6336265833
2017-03-07,221656.43920559148
2017-03-08,215947.7835435638
2017-03-09,210839.75148804544
2017-03-10,180536.8567099908
2017-03-11,109820.85849552965
2017-03-12,118802.9486981984
2017-03-14,223712.4870751833
2017-03-16,215789.38383069015
2017-03-19,127144.2593743417
2017-03-20,221291.06172936832
2017-03-21,233025.15141461394
2017-03-22,229078.65766524384
2017-03-23,225410.12214288648
2017-03-24,196295.2904841911
2017-03-25,126559.26095307851
2017-03-26,135873.1301611067
2017-03-27,229176.45039620344
2017-03-28,240104.66486425608
2017-03-29,235300.80681908203
2017-03-30,230728.98003391194
2017-03-31,200747.43314801005
2017-04-01,130243.87671941689
2017-04-02,138703.05189247485
2017-04-03,231085.4056100285
2017-04-04,241357.53787557976
2017-04-05,236061.60774296182
2017-04-06,231148.12689702012
2017-04-07,201031.93096477073
2017-04-08,130631.49710453989
2017-04-09,139208.46036534448
2017-04-10,231703.69274874296
2017-04-11,242372.07325663112
2017-04-12,237610.9958952017
2017-04-13,233313.91280188735
2017-04-14,203910.63569175667
2017-04-15,134312.03928952446
2017-04-16,143522.81951164198
2017-04-17,236436.13865184656
2017-04-18,247573.71179670325
2017-04-19,243174.20990730418
2017-04-20,239068.1191767418
2017-04-21,209702.69383649723
2017-04-22,139992.10949686076
2017-04-23,148703.26611448903
2017-04-24,240708.54512488664
2017-04-25,250830.512685085
2017-04-26,245189.2922025539
2017-04-27,239597.61439795647
2017-04-28,208569.1284434795
2017-04-29,137069.9144356035
2017-04-30,143683.56457994433
2017-05-01,233308.16216185316
2017-05-02,241124.1457041767
2017-05-03,233176.67361469855
2017-05-04,225299.81436391769
2017-05-05,192110.6123966061
2017-05-06,118662.16587645114
2017-05-07,123349.01463507145
2017-05-08,211107.48012143254
2017-05-09,217489.20643376233
2017-05-10,208446.26701413954
2017-05-11,199812.6004636118
2017-05-12,166279.37902881057
2017-05-13,92944.67167500421
2017-05-14,97973.63738531819
2017-05-15,186289.62162429246
2017-05-16,193759.385383797
2017-05-17,186182.4535801948
2017-05-18,179331.40308290714
2017-05-19,147910.20155411903
2017-05-20,77002.13716854612
2017-05-21,84486.46390106619
2017-05-22,175221.81909466363
2017-05-23,185344.57792704052
2017-05-24,180463.71216575944
2017-05-25,176260.9935178195
2017-05-26,147433.12945441258
2017-05-27,79038.52557308212
2017-05-28,88670.67156439966
2017-05-29,181133.88257258167
2017-05-30,192854.49533025266
2017-05-31,189280.674887134
2017-06-01,186041.70812851348
2017-06-02,157872.872111851
2017-06-03,89859.75563274858
2017-06-04,99366.9398492698
2017-06-05,191204.4861913334
2017-06-06,202150.31081562178
2017-06-07,197553.2374395649
2017-06-08,193049.68929629002
2017-06-09,163469.6566916283
2017-06-10,93977.04949252449
2017-06-11,101752.29259851557
2017-06-12,191648.36816639974
2017-06-13,200823.3973328719
2017-06-14,194546.21643386278
2017-06-15,188470.01289439583
2017-06-16,157519.2178114619
2017-06-17,86925.99939641256
2017-06-18,93667.1632231523
2017-06-19,182786.18459064155
2017-06-20,191626.32098508306
2017-06-21,185289.90425090303
2017-06-22,179415.11695906063
2017-06-23,148849.45932292554
2017-06-24,78682.39410956454
2017-06-25,86305.70092715362
2017-06-26,176808.9740011108
2017-06-27,186816.83740864278
2017-06-28,181699.76670508442
2017-06-29,177127.12683682234
2017-06-30,147783.589102533
2017-07-01,78643.80150740656
2017-07-02,87607.59084122165
2017-07-03,179746.02569091786
2017-07-04,190878.1197386919
2017-07-05,186648.3674777614
2017-07-06,182772.18866950079
2017-07-07,153794.79781255126
2017-07-08,84607.14950133768
2017-07-09,93655.00777006756
2017-07-10,186034.3933049814
2017-07-11,196806.4287551907
2017-07-12,191940.11780029122
2017-07-13,187248.64471324426
2017-07-14,157189.1105315924
2017-07-15,86618.18055485967
2017-07-16,94573.5079029816
2017-07-17,186217.15676389344
2017-07-18,195887.32834635684
2017-07-19,189905.30624581254
2017-07-20,184201.75040290004
2017-07-21,153156.68117598395
2017-07-22,81594.47045772262
2017-07-23,89137.531827178
2017-07-24,180997.90567261216
2017-07-25,190766.3195150202
2017-07-26,185084.00775233918
2017-07-27,179959.94134847695
2017-07-28,149652.20636964208
2017-07-29,78903.65638444373
2017-07-30,87869.31877213457
2017-07-31,181757.68006338095
2017-08-01,193358.66200016413
2017-08-02,189581.89303888625
2017-08-03,186466.4002599503
2017-08-04,158104.81260878357
2017-08-05,89120.96607084706
2017-08-06,100172.14052241234
2017-08-07,196440.9494853981
2017-08-08,209902.89912002784
2017-08-09,207873.3122740129
2017-08-10,206281.70711385037
2017-08-11,179016.77121509667
2017-08-12,110511.54283014886
2017-08-13,122285.15143044821
2017-08-14,219716.55938731672
2017-08-15,233380.72319809132
2017-08-17,228684.3603175071
2017-08-18,200217.18399399798
2017-08-19,129876.4387217942
2017-08-20,140344.8497478685
2017-08-21,237087.41110859954
2017-08-22,249150.36882980066
2017-08-23,244891.90099653613
2017-08-24,240736.8243789405
2017-08-25,210155.87607493505
2017-08-26,137368.51246941247
2017-08-27,146230.6901082677
2017-08-28,242293.9744988815
2017-08-29,253067.3825502636
2017-08-30,247566.67652128704
2017-08-31,242388.97664091614
2017-09-01,210776.66057470336
2017-09-02,136812.5010056151
2017-09-03,145481.43981253693
2017-09-04,242373.63792045656
2017-09-05,253410.66198514766
2017-09-06,248214.94202189616
2017-09-07,243505.85758941897
2017-09-08,212249.79279541384
2017-09-09,138349.07359343415
2017-09-10,147879.07523332175
2017-09-11,246436.39111891572
2017-09-12,258330.34365319496
2017-09-13,253773.35736238802
2017-09-14,249599.0191774975
2017-09-15,218498.5226595256
2017-09-16,144203.36436354998
2017-09-17,153897.47045203717
2017-09-18,253209.90619992788
2017-09-19,264870.885683745
2017-09-20,259722.01300839856
2017-09-21,254755.0789476885
2017-09-22,222433.50394765357
2017-09-23,146367.29283975626
2017-09-24,154898.6155655056
2017-09-25,253737.476005503
2017-09-26,264080.67166841554
2017-09-27,257440.4345824971
2017-09-28,251002.62193206168
2017-09-29,216868.35633558454
2017-09-30,138829.01635715552
2017-10-01,146204.6061346045
2017-10-02,244580.2739111428
2017-10-03,254086.3113129393
2017-10-04,246766.41908245458
2017-10-05,239924.3979473997
2017-10-06,205761.52783279747
2017-10-07,127822.15185275063
2017-10-08,135870.0746107489
2017-10-09,235497.2716064382
2017-10-10,246191.8596825103
2017-10-11,240219.78672397518
2017-10-12,234911.02821192692
2017-10-13,202331.67167753552
2017-10-14,125925.7897538584
2017-10-15,135858.17591817552
2017-10-16,237691.18453001394
2017-10-17,250241.84700163276
2017-10-18,245977.93560249032
2017-10-19,242244.36058519827
2017-10-20,210970.37624614427
2017-10-21,135507.86593598948
2017-10-22,146440.23857270417
2017-10-23,249326.92603563663
2017-10-24,262348.88720670086
2017-10-25,258218.02421746842
2017-10-26,254342.5236395897
2017-10-27,222567.72912997077
2017-10-28,146209.22753727014
2017-10-29,156326.18724140755
2017-10-30,258531.73735515305
2017-10-31,270425.08112256887
2017-11-01,265012.5373743072
2017-11-02,259810.2030331387
2017-11-03,226617.02464225536
2017-11-04,148741.4193098805
2017-11-05,157738.0308610239
2017-11-06,259283.24300261377
2017-11-07,270393.4564044943
2017-11-08,264357.629068971
2017-11-09,258777.46106937985
2017-11-10,225373.1912420965
2017-11-11,147404.59302409063
2017-11-12,156872.2811885309
2017-11-13,259459.75446538482
2017-11-14,271539.4563824505
2017-11-15,266618.61398819153
2017-11-16,262318.87257901084
2017-11-17,230216.81820160965
2017-11-18,153461.3637078137
2017-11-19,164420.55803260487
2017-11-20,268728.4376856909
2017-11-21,282105.68683461496
2017-11-22,278242.0786013871
2017-11-23,274752.6538740083
2017-11-24,243082.1054290935
2017-11-25,166296.95796348702
2017-11-26,177071.98823738674
2017-11-27,280991.2952545563
2017-11-28,293294.3048577603
2017-11-29,287842.070779712
2017-11-30,282293.98504831624
2017-12-01,248037.39167602107
2017-12-02,168123.31474179015
2017-12-03,175594.5039660417
2017-12-04,276099.7570542938
2017-12-05,284482.87201560667
2017-12-06,274859.93078868353
2017-12-07,265014.22271102946
2017-12-08,226348.8470258853
2017-12-09,141963.8891171121
2017-12-10,145324.19214275575
2017-12-11,242185.28726368403
2017-12-12,247023.9523945716
2017-12-13,234225.47992498783
2017-12-14,221696.18819120622
2017-12-15,180838.7816075592
2017-12-16,94771.14742383282
2017-12-17,97334.4279501671
2017-12-18,194331.52286144535
2017-12-19,199800.58492303645
2017-12-20,188313.93520620334
2017-12-21,177810.11601044488
2017-12-22,139594.2011874465
2017-12-23,56700.587425031736
2017-12-24,63243.85966519697
2017-12-25,164972.41042053027
2017-12-26,175387.4018922274
2017-12-27,169155.77501359905
2017-12-28,164164.14167769992
2017-12-29,131546.13321097833
2017-12-30,54191.00851380777
2017-12-31,66438.82087582079
2018-01-01,173950.30846294126
2018-01-02,189672.0926963282
2018-01-03,188364.1469676642
2018-01-04,187875.48130083244
2018-01-05,159198.07196269106
2018-01-06,85120.4330590214
2018-01-07,100265.85947330725
2018-01-08,210277.0259597707
2018-01-09,227540.39408661847
2018-01-10,227081.89560702431
2018-01-11,226805.72988240892
2018-01-12,197701.62440873927
2018-01-13,122618.71686084948
2018-01-14,136307.66991554105
2018-01-15,244369.74876811227
2018-01-16,259341.74720560465
2018-01-17,256272.55319299738
2018-01-18,253141.0854494901
2018-01-19,221022.07428555452
2018-01-20,142847.3030866392
2018-01-21,153420.5828506413
2018-01-22,258415.24102925727
2018-01-23,270468.7320431328
2018-01-24,264676.0285404693
2018-01-25,259063.50411914528
2018-01-26,224751.87041970578
2018-01-27,144706.17266558422
2018-01-28,153725.27662901956
2018-01-29,257489.6292383307
2018-01-30,268667.5660445244
2018-01-31,262327.63342942554
2018-02-01,256470.55430608618
2018-02-02,222191.42849697254
2018-02-03,142420.49982628934
2018-02-04,151889.0270681669
2018-02-05,256228.9904510877
2018-02-06,268092.52764773456
2018-02-07,262484.3384296022
2018-02-08,257352.5758441034
2018-02-09,223750.82383798854
2018-02-10,144569.8116159125
2018-02-11,154479.50635977703
2018-02-12,259080.2757226749
2018-02-13,271034.6544933768
2018-02-14,265318.7544816037
2018-02-15,259870.76109228004
2018-02-16,225751.16848960458
2018-02-17,145863.77055040986
2018-02-18,154872.20628390322
2018-02-20,269176.6867994194
2018-02-21,262198.83638219925
2018-02-22,255442.19700445718
2018-02-23,220014.910457053
2018-02-24,138867.3049295576
2018-02-25,146681.8968414542
2018-02-26,249123.11575779266
2018-02-27,258989.69803880397
2018-02-28,251300.50732605974
2018-03-01,243698.73663622604
2018-03-02,207779.72632328075
2018-03-03,126710.27408020443
2018-03-04,134567.764728171
2018-03-05,236582.06848799944
2018-03-06,246801.08025764124
2018-03-07,239851.364316654
2018-03-08,233571.55631354757
2018-03-09,199448.5845901046
2018-03-10,120790.89570420947
2018-03-11,130235.33798138074
2018-03-12,232910.4927921212
2018-03-13,244767.8656238276
2018-03-14,239610.0337619904
2018-03-15,235046.0565521642
2018-03-16,202823.42059227644
2018-03-17,126391.86152763492
2018-03-18,136956.18646699004
2018-03-19,239560.70709564144
2018-03-20,252085.48463640275
2018-03-21,247541.13628261493
2018-03-22,243345.1911237286
2018-03-23,211548.51275472436
2018-03-24,135788.3271206243
2018-03-25,145885.49412805453
2018-03-26,246848.5006767798
2018-03-27,258533.21395409876
2018-03-28,253202.8459417153
2018-03-29,248123.8461392965
2018-03-30,215685.52845448768
2018-03-31,139741.20724194628
2018-04-01,148749.0295393145
2018-04-02,247694.8761323154
2018-04-03,258415.2279939645
2018-04-04,252422.16236527788
2018-04-05,246818.9281142153
2018-04-06,214313.190282837
2018-04-07,138946.94216044308
2018-04-08,147781.79950176057
2018-04-09,245741.9163566407
2018-04-10,256601.24226637767
2018-04-11,251074.95865179002
2018-04-12,246056.23285420897
2018-04-13,214524.61717231406
2018-04-14,140666.26678429524
2018-04-15,150105.1711083476
2018-04-16,247667.45889825127
2018-04-17,259034.27705069006
2018-04-18,254100.71587603414
2018-04-19,249534.5749743061
2018-04-20,218580.5078928086
2018-04-21,145570.8756869846
2018-04-22,154702.97270015435
2018-04-23,250724.50218475732
2018-04-24,261251.5879718788
2018-04-25,255394.4423511534
2018-04-26,249637.16234287358
2018-04-27,217536.4313506046
2018-04-28,143621.6474663639
2018-04-29,150716.6501530435
2018-04-30,243544.78636944556
2018-05-01,251710.43324014533
2018-05-02,243589.7940819969
2018-05-03,235530.16736063827
2018-05-04,201441.74993417723
2018-05-05,126085.73134243673
2018-05-06,130939.399223978
2018-05-07,220719.89400223194
2018-05-08,227028.58928055246
2018-05-09,217506.63165528065
2018-05-10,208353.5796399592
2018-05-11,173812.49182182414
2018-05-12,98846.45247866966
2018-05-13,103547.790784958
2018-05-14,192581.50855725928
2018-05-15,199493.72471371514
2018-05-16,191133.3528937907
2018-05-17,183491.65235225804
2018-05-18,151082.2469370204
2018-05-19,79007.78468257871
2018-05-20,85914.98132272504
2018-05-21,176359.39034506105
2018-05-22,185779.49151627233
2018-05-23,180185.95165332092
2018-05-24,175323.3566639882
2018-05-25,145946.21794182018
2018-05-26,77276.57970520202
2018-05-27,86505.43454687434
2018-05-28,178079.1019894984
2018-05-29,189338.93837400342
2018-05-30,185477.870180193
2018-05-31,182023.71802223026
2018-06-01,154010.33999742192
2018-06-02,86825.09986755124
2018-06-03,96255.36288843935
2018-06-04,186695.02367579684
2018-06-05,197448.2529678152
2018-06-06,192951.6393474616
2018-06-07,188577.40915098178
2018-06-08,159698.0273798004
2018-06-09,91921.91184882782
2018-06-10,99683.50476747296
2018-06-14,186642.22667140962
2018-06-15,156672.85678186026
2018-06-16,87440.74775499183
2018-06-17,94315.04809090857
2018-06-18,182545.21550233828
2018-06-19,191412.7106308515
2018-06-20,185210.5952560278
2018-06-21,179411.38222803053
2018-06-22,149053.27001711365
2018-06-23,79261.22887414829
2018-06-24,86679.31762272709
2018-06-25,176591.16124991124
2018-06-26,186461.83697675206
2018-06-27,181268.56788801172
2018-06-28,176618.08438079114
2018-06-29,147231.0761283843
2018-06-30,78025.70856931967
2018-07-01,86888.52294329126
2018-07-02,179112.78407227295
2018-07-03,190331.2587035423
2018-07-04,186198.44638526687
2018-07-05,182457.6232565339
2018-07-06,153523.40634269523
2018-07-07,84127.32264424907
2018-07-08,93426.65337181279
2018-07-09,186759.77064313
2018-07-10,197968.7108670656
2018-07-11,193431.6623707319
2018-07-12,189078.26593275619
2018-07-13,159068.76319678873
2018-07-14,88000.03310233496
2018-07-15,96350.78532066994
2018-07-16,189552.3287601931
2018-07-17,199699.46732281893
2018-07-18,193931.9001362595
2018-07-19,188396.60350615482
2018-07-20,157022.5922644762
2018-07-21,84286.68578282605
2018-07-26,184450.18205845336
2018-07-27,153285.91335602335
2018-08-04,88917.33565106265
2018-08-05,100068.28134628142
2018-08-06,199224.57010194674
2018-08-07,213065.62203304528
2018-08-08,210823.2093545865
2018-08-09,209090.68816584744
2018-08-10,180890.61790007283
2018-08-11,110125.97062332436
2018-08-12,122375.09742397476
2018-08-13,223229.5445759005
2018-08-14,237564.3468143922
2018-08-15,235321.79310138896
2018-08-16,233269.25802575157
2018-08-17,204163.73585217443
2018-08-18,131763.8258535132
2018-08-19,142961.32590702816
2018-08-20,243434.71938641593
2018-08-21,256307.98395647263
2018-08-22,252283.41236499115
2018-08-23,248346.6114910787
2018-08-24,217026.67797684864
2018-08-25,141967.88308736932
2018-08-26,151397.04569974606
2018-08-27,251092.09609033712
2018-08-28,262429.07843534346
2018-08-29,256863.98603735227
2018-08-30,251585.17011605162
2018-08-31,218869.67424673404
2018-09-01,142215.39552943085
2018-09-02,151145.24980195743
2018-09-03,251492.03057827405
2018-09-04,262834.9920686571
2018-09-05,257332.21222162334
2018-09-06,252322.00534334496
2018-09-07,219777.04176647987
2018-09-08,142998.59468853052
2018-09-09,152759.04095308384
2018-09-10,254904.44544072988
2018-09-11,267181.9982039419
2018-09-12,262423.9832358879
2018-09-13,258099.04403868495
2018-09-14,225864.68265373498
2018-09-15,148823.9128116619
2018-09-16,159006.13322672114
2018-09-17,262287.1891101724
2018-09-18,274607.1369252814
2018-09-19,269505.0298468908
2018-09-20,264619.00838548224
2018-09-21,231335.94307919644
2018-09-22,152609.08794877309
2018-09-23,161775.79282765122
2018-09-24,264793.42792777304
2018-09-25,275845.83107958006
2018-09-26,269227.28433956316
2018-09-27,262789.87399443396
2018-09-28,227688.83944163428
2018-09-29,146759.95261508532
2018-09-30,154672.99829082715
2018-10-01,257482.72802673042
2018-10-02,267623.42057239724
2018-10-03,260141.76371413082
2018-10-04,252634.58292054315
2018-10-05,216590.94837898941
2018-10-06,134946.91351349765
2018-10-07,142935.5513144347
2018-10-08,246126.4842531713
2018-10-09,256678.79667897007
2018-10-10,249887.16370288745
2018-10-11,243784.26537204522
2018-10-12,209432.06729111998
2018-10-13,129780.64974530484
2018-10-14,139592.38638264374
2018-10-15,244370.97141205493
2018-10-16,256817.82716409626
2018-10-17,251939.95101493827
2018-10-18,247663.83183982127
2018-10-19,215096.12663835433
2018-10-20,137198.208369116
2018-10-21,148269.08549358172
2018-10-22,253763.757437915
2018-10-23,266952.64155163756
2018-10-24,262590.3681829387
2018-10-25,258540.1570141392
2018-10-26,226002.60483052916
2018-10-27,148004.46231801348
2018-10-28,158438.6438782757
2018-10-29,262770.1491231307
2018-10-30,274896.68829541106
2018-10-31,269376.60092527536
2018-11-01,264061.91944013373
2018-11-02,230293.60186462846
2018-11-03,151203.02941542584
2018-11-04,160307.80375427674
2018-11-05,263104.1785194519
2018-11-06,274128.1084635046
2018-11-07,267741.82447339006
2018-11-08,261775.44204654443
2018-11-09,227688.82903932585
2018-11-10,148686.3445539555
2018-11-11,157869.26248520863
2018-11-12,260715.8486943442
2018-11-13,272344.2355961678
2018-11-14,266859.28259139427
2018-11-15,262004.5398679518
2018-11-16,229292.69135945573
2018-11-17,151935.54875906004
2018-11-18,162555.1301251672
2018-11-19,266553.36664420075
2018-11-20,279578.6827705351
2018-11-21,275434.86177339003
2018-11-22,271744.87173089146
2018-11-23,240051.13098672405
2018-11-24,163561.7053407388
2018-11-25,174420.65916009943
2018-11-26,277967.6564626823
2018-11-27,290408.1464961642
2018-11-28,285283.7676857789
2018-11-29,280147.2112772427
2018-11-30,246631.1460201547
2018-12-01,168009.1454971556
2018-12-02,176023.56699805846
2018-12-03,276033.07659848756
2018-12-04,284884.29720390047
2018-12-05,275941.4935354836
2018-12-06,266770.1636520618
2018-12-07,229172.32462718268
2018-12-08,146559.94744240816
2018-12-09,150338.27917259958
2018-12-10,245939.40479453013
2018-12-11,250893.72154531296
2018-12-12,238417.56722307537
2018-12-13,226104.53955918972
2018-12-14,185926.51069551127
2018-12-15,101419.32537521342
2018-12-16,103621.7195685872
2018-12-17,197995.4680509977
2018-12-18,202697.61763710185
2018-12-19,190727.35184232862
2018-12-20,179626.65863217675
2018-12-21,141448.97957662126
2018-12-22,59759.31250307928
2018-12-23,65131.0463782308
2018-12-24,162955.13149503767
2018-12-25,171915.56051562013
2018-12-26,164697.9441088792
2018-12-27,158701.9213082349
2018-12-28,125979.69330886538
2018-12-29,50052.576356764745
2018-12-30,60967.54014849556
2018-12-31,163996.88217264085
2019-01-01,178318.09357972024
2019-01-02,176284.9089590357
2019-01-03,175151.82951706197
2019-01-04,146982.51046378523
2019-01-05,75282.33444129663
2019-01-06,89613.83858771021
2019-01-07,195185.71692599496
2019-01-08,211735.56735380788
2019-01-09,211361.62664019354
2019-01-10,211257.38223508187
2019-01-11,183587.6098276787
2019-01-12,111934.6452442778
2019-01-13,125470.32283070969
2019-01-14,229431.93769159363
2019-01-15,244205.57838888292
2019-01-16,241716.3856504834
2019-01-17,239171.28208273125
2019-01-18,208900.93105255713
2019-01-19,134618.26401111681
2019-01-20,145145.8085376142
2019-01-21,245777.83645820303
2019-01-22,257563.8723395346
2019-01-23,252257.4360984056
2019-01-24,247067.21657544383
2019-01-25,214465.62894712412
2019-01-26,138260.6017449066
2019-01-27,146879.59281040388
2019-01-28,245619.4745767542
2019-01-29,256131.9750899245
2019-01-30,249932.81391995284
2019-01-31,244163.32522722808
2019-02-01,211367.65713957787
2019-02-02,135379.84096797483
2019-02-03,144166.4392961691
2019-02-04,242965.98003285736
2019-02-05,253977.95918463022
2019-02-06,248433.77306401622
2019-02-07,243369.93092141938
2019-02-08,211374.74486887146
2019-02-09,136291.21868183254
2019-02-10,145618.54386235416
2019-02-11,244540.975937624
2019-02-12,255819.97874138807
2019-02-13,250426.23670257637
2019-02-14,245323.47109146905
2019-02-15,213183.39864592886
2019-02-16,137903.02261696433
2019-02-17,146563.40962181785
2019-02-18,244346.34070510848
2019-02-19,254627.8812206653
2019-02-20,248169.76157239426
2019-02-21,241912.14161171243
2019-02-22,208655.28826422282
2019-02-23,132389.87067657072
2019-02-24,139811.81198232117
2019-02-25,236125.73592065723
2019-02-26,245339.23697399927
2019-02-27,238013.17722954907
2019-02-28,231063.2302932259
2019-03-01,197408.39489825183
2019-03-02,121114.68995163472
2019-03-03,128466.74057836966
2019-03-04,224658.92007653168
2019-03-05,234291.43019007327
2019-03-06,227680.7975997799
2019-03-07,221671.6130014744
2019-03-08,189253.3832750189
2019-03-09,114519.16842562759
2019-03-10,123295.43494956284
2019-03-11,220722.36948555848
2019-03-12,231953.14324714112
2019-03-13,227025.83765378135
2019-03-14,222686.4261193834
2019-03-15,191974.7987716135
2019-03-16,118998.93691190604
2019-03-17,129123.37367564593
2019-03-18,227438.75440072877
2019-03-19,239664.09426472106
2019-03-20,235579.6833278851
2019-03-21,231860.6177348775
2019-03-22,201631.08281280598
2019-03-23,129052.95946827215
2019-03-24,139071.6304453165
2019-03-25,236773.40965086102
2019-03-26,248489.34269449726
2019-03-27,243787.6141825761
2019-03-28,239316.17072611206
2019-03-29,208323.87008694862
2019-03-30,135062.2360840707
2019-03-31,144087.47611961118
2019-04-01,240504.8297562861
2019-04-02,251273.1768647856
2019-04-03,245756.44939582457
2019-04-04,240575.10170943345
2019-04-05,209094.14247125568
2019-04-06,135638.31578413094
2019-04-07,144350.8604461771
2019-04-08,240325.54490522796
2019-04-09,251113.0633511774
2019-04-10,245832.61546510743
2019-04-11,241033.5349274134
2019-04-12,210151.62188030037
2019-04-13,137539.2312363157
2019-04-14,146882.27187981538
2019-04-15,243221.39690491816
2019-04-16,254661.58145909547
2019-04-17,250045.14549814994
2019-04-18,245824.6565433719
2019-04-19,215488.48433651254
2019-04-20,143406.49382195392
2019-04-21,152805.7346833422
2019-04-22,248680.97460805246
2019-04-23,259707.3763484892
2019-04-24,254474.61121829643
2019-04-25,249370.42284189627
2019-04-26,217974.54642546392
2019-04-27,144718.9286737777
2019-04-28,152420.8406775979
2019-04-29,246081.3347676599
2019-04-30,254999.49046031418
2019-05-01,247566.02260296541
2019-05-02,240155.89158288183
2019-05-03,206489.00239713807
2019-05-04,131103.44391306108
2019-05-05,136444.64021944354
2019-05-06,227550.5109459745
2019-05-07,234366.26814111642
2019-05-08,225096.73487503242
2019-05-09,216107.47633623643
2019-05-10,181252.0290793811
2019-05-11,105158.19524764006
2019-05-12,109873.55417926819
2019-05-13,200437.9266925637
2019-05-14,207399.58642159263
2019-05-15,198727.39197829587
2019-05-16,190721.75105756876
2019-05-17,157309.86421839937
2019-05-18,83146.68871246379
2019-05-19,89818.5093858965
2019-05-20,182304.44186335674
2019-05-21,191695.77946860113
2019-05-22,185669.59682471218
2019-05-23,180411.09385565162
2019-05-24,149878.24535288525
2019-05-25,78718.62979094926
2019-05-26,88032.02438332024
2019-05-27,182721.65345642593
2019-05-28,194417.09806212445
2019-05-29,190509.50635732035
2019-05-30,187085.15690649397
2019-05-31,158159.0618677247
2019-06-01,88406.92983335581
2019-06-02,98485.79610534312
2019-06-03,193273.79760923618
2019-06-04,204995.23171144616
2019-06-05,200815.80553404873
2019-06-06,196785.7412577004
2019-06-07,167040.59418929866
2019-06-08,96346.59918982336
2019-06-09,104977.62403684776
2019-06-10,197841.8458778899
2019-06-11,207807.46760832192
2019-06-12,201856.690108134
2019-06-13,196037.2562871635
2019-06-14,164629.6244000382
2019-06-15,92505.10580582607
2019-06-16,99558.83248558038
2019-06-17,190723.31712081307
2019-06-18,199495.0993593196
2019-06-19,192647.9943668564
2019-06-20,186193.89273598464
2019-06-21,154517.34497831494
2019-06-22,82547.75355505521
2019-06-23,89749.78679319088
2019-06-24,181025.3816224627
2019-06-25,190442.95951189246
2019-06-26,184511.6236203267
2019-06-27,179152.87035797877
2019-06-28,148804.17601192108
2019-06-29,78406.72292031311
2019-06-30,86954.58576206936
2019-07-01,179286.31089187568
2019-07-02,190017.611504261
2019-07-03,185377.17292389012
2019-07-04,181189.6671676203
2019-07-05,151948.45463882727
2019-07-06,82618.67699448956
2019-07-07,91744.77426105198
2019-07-08,184130.93948744977
2019-07-09,194976.3540831231
2019-07-10,190271.45334017754
2019-07-11,185790.92220773062
2019-07-12,156134.0563827864
2019-07-13,86341.67612986849
2019-07-14,94560.38474649088
2019-07-15,185610.31278534277
2019-07-16,195321.35875033654
2019-07-17,189488.47649507408
2019-07-18,183873.3528481221
2019-07-19,153211.3060007061
2019-07-20,82641.10833374513
2019-07-21,89925.31099799329
2019-07-22,179904.85863229792
2019-07-23,189036.18429031016
2019-07-24,182905.6393343945
2019-07-25,177240.2409870137
2019-07-26,146881.75133260808
2019-07-27,77030.28794337087
2019-07-28,85021.80212951354
2019-07-29,175670.82763273106
2019-07-30,186009.83120583722
2019-07-31,181364.28238308243
2019-08-02,148936.06342386067
2019-08-03,81263.52786099682
2019-08-04,91221.67883340317
2019-08-05,183560.1156844108
2019-08-06,195855.50981492962
2019-08-07,193148.24725402758
2019-08-08,190975.11952085647
2019-08-09,164281.33043396374
2019-08-10,98294.90671418533
2019-08-11,109421.27087604022
2019-08-12,202364.52644698415
2019-08-13,215273.00367708312
2019-08-14,212936.6596793603
2019-08-15,210830.06948636333
2019-08-16,183992.4234443134
2019-08-17,117716.09237241496
2019-08-18,127998.26798388881
2019-08-19,219549.84683720607
2019-08-20,231142.26447491074
2019-08-21,227364.1661382961
2019-08-22,223673.2867473102
2019-08-23,195243.14501887304
2019-08-24,127464.62480157692
2019-08-25,135953.73343154238
2019-08-26,225447.35116861915
2019-08-27,235350.85787379995
2019-08-28,230053.82961615393
2019-08-29,224990.82037412014
2019-08-30,195455.02171417736
2019-08-31,126913.37604841907
2019-09-01,134571.19908433352
2019-09-02,223155.74794473138
2019-09-03,232665.771103712
2019-09-04,227247.5043504338
2019-09-05,222265.73145577035
2019-09-06,193085.84844857993
2019-09-07,125203.96589656649
2019-09-08,133369.82645318078
2019-09-09,222259.553315343
2019-09-10,232428.37466717817
2019-09-11,227748.02223265448
2019-09-12,223488.99307564303
2019-09-13,195071.7320841932
2019-09-14,128012.20721634643
2019-09-15,136603.36230931382
2019-09-16,225477.03558233983
2019-09-17,235759.5987748233
2019-09-18,231070.25747268254
2019-09-19,226613.78806152614
2019-09-20,197899.9099416713
2019-09-21,130503.23157658582
2019-09-22,138301.9967925663
2019-09-23,225927.83025367124
2019-09-24,235122.88829626722
2019-09-25,229297.64129504567
2019-09-26,223632.69299328432
2019-09-27,193765.01950342645
2019-09-28,125361.07378944827
2019-09-29,131911.76105658442
2019-09-30,218069.12764829164
2019-10-01,226204.34827105826
2019-10-02,219524.5443849739
2019-10-03,213183.48325272585
2019-10-04,182934.7310688437
2019-10-05,114518.21223337456
2019-10-06,121011.95059522823
2019-10-07,207056.46297353282
2019-10-08,215614.5455404538
2019-10-09,209648.26348096188
2019-10-10,204239.80304934853
2019-10-11,175212.91140436058
2019-10-12,108334.34063515106
2019-10-13,116223.79841328757
2019-10-14,203467.45892536582
2019-10-15,213580.88685154202
2019-10-16,209247.4209113012
2019-10-17,205450.24760302098
2019-10-18,178063.0089084675
2019-10-19,112866.79671079775
2019-10-20,122018.74140150573
2019-10-21,210054.81722330998
2019-10-22,221055.82243573904
2019-10-23,217446.8178826516
2019-10-24,214139.83490278997
2019-10-25,187092.83114043096
2019-10-26,122141.20690161656
2019-10-27,131023.82459917877
2019-10-28,218273.75837091912
2019-10-29,228585.87747813968
2019-10-30,224175.82770893813
2019-10-31,219931.84771785102
2019-11-01,191940.58005171825
2019-11-02,126131.69515569448
2019-11-03,133860.0496938235
2019-11-04,219683.25117447245
2019-11-05,228929.9137950751
2019-11-06,223617.48049449708
2019-11-07,218612.6976191841
2019-11-08,190124.0992908978
2019-11-09,124159.83365994465
2019-11-10,131666.33122663735
2019-11-11,217193.32393251226
2019-11-12,226663.66498741755
2019-11-13,221851.1112802534
2019-11-14,217550.77336763762
2019-11-15,190039.750442383
2019-11-16,125349.75424978495
2019-11-17,133963.95499412427
2019-11-18,220371.14609683774
2019-11-19,231038.79311734161
2019-11-20,227452.3661238074
2019-11-21,224297.23141647925
2019-11-22,197888.73577577271
2019-11-23,134260.71890870717
2019-11-24,143421.3855708804
2019-11-25,229797.19466680393
2019-11-26,240409.4258056591
2019-11-27,236475.04806450263
2019-11-28,232599.73437278307
2019-11-29,205176.77582212427
2019-11-30,140290.5772960513
2019-12-01,147530.38665781077
2019-12-02,231322.50529475082
2019-12-03,239308.77263600414
2019-12-04,232507.21773004887
2019-12-05,225514.33640447038
2019-12-06,194870.92042678114
2019-12-07,126778.61872420822
2019-12-08,130469.65708253495
2019-12-09,210425.60698355504
2019-12-10,214956.17819098372
2019-12-11,204918.24239879337
2019-12-12,194926.20221033937
2019-12-13,161683.83818862238
2019-12-14,91513.33948995243
2019-12-15,93280.73726788045
2019-12-16,171501.28421483753
2019-12-17,175118.9376226574
2019-12-18,164784.45918322535
2019-12-19,155074.88432804547
2019-12-20,122792.67450552889
2019-12-21,54308.749965423085
2019-12-22,58045.374777940655
2019-12-23,138470.0442222996
2019-12-24,145077.66430369666
2019-12-25,138229.78910132602
2019-12-26,132385.25226186446
2019-12-27,104368.63166038909
2019-12-28,40529.18329304547
2019-12-29,48782.91808395558
2019-12-30,133496.53228505567
2019-12-31,144673.57304197625
2020-01-01,142355.82348002435
2020-01-02,140865.80102036134
2020-01-03,117044.91581770692
2020-01-04,57228.354994909656
2020-01-05,68846.06849683872
2020-01-06,156196.13702108146
2020-01-07,169834.01338200277
2020-01-08,169534.86652097048
2020-01-09,169546.5129110624
2020-01-10,146795.6302565213
2020-01-11,87676.79424272945
2020-01-12,99210.46582474944
2020-01-13,185703.83144017594
2020-01-14,198341.15064427143
2020-01-15,196705.13825406457
2020-01-16,195038.5080272508
2020-01-17,170416.5688134688
2020-01-18,109348.93251588315
2020-01-19,118493.25080518861
2020-01-20,202202.5359832184
2020-01-21,212315.90715862892
2020-01-22,208238.60210310537
2020-01-23,204212.03099235205
2020-01-24,177452.9572961937
2020-01-25,114568.3735382678
2020-01-26,121825.76000458715
2020-01-27,203587.90896734936
2020-01-28,212305.30969254373
2020-01-29,207156.2096058924
2020-01-30,202326.73413590225
2020-01-31,175118.29866405987
2020-02-01,112177.34056542
2020-02-02,119323.78188526997
2020-02-03,200874.98455112881
2020-02-04,209841.30189048717
2020-02-05,205127.57470080923
2020-02-06,200824.52328175318
2020-02-07,174285.38527888944
2020-02-08,112171.2624211201
2020-02-09,119838.29120530048
2020-02-10,201550.96847871796
2020-02-11,210880.84176378095
2020-02-12,206469.15089415747
2020-02-13,202328.9543033027
2020-02-14,175890.22643100392
2020-02-15,113859.85108385471
2020-02-16,121166.36258371544
2020-02-17,202061.3715713395
2020-02-18,210720.03171190195
2020-02-19,205563.41474273335
2020-02-20,200569.9526255245
2020-02-21,173287.61301174658
2020-02-22,110507.23609214256
2020-02-23,116763.66005870068
2020-02-24,196324.21259486847
2020-02-25,203990.10067386075
2020-02-26,197977.87079837886
2020-02-27,192239.74118826122
2020-02-28,164442.66225402927
2020-02-29,101455.03985135163
2020-03-01,107404.51990983378
2020-03-02,186554.04132645525
2020-03-03,194304.84772918787
2020-03-04,188637.9111772598
2020-03-05,183444.18300800302
2020-03-06,156471.68490830343
2020-03-07,94626.84443159623
2020-03-08,101590.20605614629
2020-03-09,181581.31432381042
2020-03-10,190564.57842485406
2020-03-11,186251.81411004037
2020-03-12,182443.45636729104
2020-03-13,156944.58086157273
2020-03-14,96681.58091963406
2020-03-15,104876.34192473261
2020-03-16,185700.28365297327
2020-03-17,195683.18954317897
2020-03-18,192276.75923780692
2020-03-19,189206.46050018282
2020-03-20,164355.95452826036
2020-03-21,104698.4013672358
2020-03-22,113028.22114850704
2020-03-23,193503.28373954666
2020-03-24,203255.58761161112
2020-03-25,199514.63999738885
2020-03-26,195968.7344096238
2020-03-27,170616.57371758603
2020-03-28,110512.04324879764
2020-03-29,118052.47986294048
2020-03-30,197408.0454199283
2020-03-31,206333.43740013917
2020-04-01,201850.45009118106
2020-04-02,197618.22264922992
2020-04-03,171751.8107358532
2020-04-04,111380.39191027863
2020-04-05,118492.22226728708
2020-04-06,197251.58324504673
2020-04-07,206012.11146881522
2020-04-08,201559.30842579788
2020-04-09,197490.68294328265
2020-04-10,172002.32324624635
2020-04-11,112261.68204334665
2020-04-12,119810.42821339444
2020-04-13,198770.19711487315
2020-04-14,208058.75429594197
2020-04-15,204193.61492701326
2020-04-16,200683.1522747528
2020-04-17,175782.118360011
2020-04-18,116679.80346902771
2020-04-19,124461.3986984354
2020-04-20,203202.96653877888
2020-04-21,212390.6420547672
2020-04-22,208285.34480559212
2020-04-23,204324.61414577946
2020-04-24,178846.62311593932
2020-04-25,119093.053093526
2020-04-26,125728.12249918988
2020-04-27,202821.77174067672
2020-04-28,210470.76391478587
2020-04-29,204723.25252575963
2020-04-30,198990.044626577
2020-05-01,171735.78514691332
2020-05-02,110295.23948733797
2020-05-03,114948.73593786183
2020-05-04,189792.404994107
2020-05-05,195560.1472115831
2020-05-06,188107.1835265895
2020-05-07,180830.0591928995
2020-05-08,152324.51927250368
2020-05-09,90014.94324273216
2020-05-10,93786.17760382629
2020-05-11,167741.04071637287
2020-05-12,173223.59900395057
2020-05-13,165862.35971931642
2020-05-14,158999.8763169742
2020-05-15,131318.35274453243
2020-05-16,70283.4156377254
2020-05-17,75333.63714419868
2020-05-18,150526.68283167548
2020-05-19,157765.31200070516
2020-05-20,152401.6263324062
2020-05-21,147677.64723221518
2020-05-22,122319.93710985278
2020-05-23,63798.87786256062
2020-05-24,71076.89936573501
2020-05-25,148144.1032646258
2020-05-26,157447.61341351847
2020-05-27,154057.28142427903
2020-05-28,151117.40025607785
2020-05-29,127410.2651170304
2020-05-30,70430.6412799968
2020-05-31,78692.15067563932
2020-06-01,156151.60900760832
2020-06-02,165840.77059773568
2020-06-03,162592.36932350195
2020-06-04,159501.7133059221
2020-06-05,135457.83261593108
2020-06-06,78031.72469032071
2020-06-07,85339.4687723513
2020-06-08,161353.86845663178
2020-06-09,169737.24555420273
2020-06-10,165126.57182402795
2020-06-11,160603.8362373752
2020-06-12,135193.83831020579
2020-06-13,76565.46364026512
2020-06-14,82450.99309676427
2020-06-15,156844.7464941397
2020-06-16,164036.8577184826
2020-06-17,158457.6669069363
2020-06-18,153157.26132273124
2020-06-19,127270.53401127447
2020-06-20,68532.30878380111
2020-06-21,74253.83834048493
2020-06-22,148409.58835163186
2020-06-23,155873.24433379495
2020-06-24,150822.68898221198
2020-06-25,146230.07656743398
2020-06-26,121295.51214242546
2020-06-27,63777.33692960926
2020-06-28,70527.04393323351
2020-06-29,145465.3130186893
2020-06-30,154021.2102147322
2020-07-01,150098.53353041882
2020-07-02,146577.00476292524
2020-07-03,122714.93755449595
2020-07-04,66294.8261529006
2020-07-05,73716.593091898
2020-07-06,148862.56513404875
2020-07-07,157739.34044503598
2020-07-08,154004.78049428525
2020-07-09,150479.42138919115
2020-07-10,126517.08485915764
2020-07-11,69964.60815878719
2020-07-12,76812.18032193012
2020-07-13,150945.97153270151
2020-07-14,158991.37527830366
2020-07-15,154399.38649729546
2020-07-16,149967.04304589605
2020-07-17,125174.89584016074
2020-07-18,67959.9336740113
2020-07-19,73922.22710131483
2020-07-20,146964.61830310922
2020-07-21,154336.9503905426
2020-07-22,149281.66001410372
2020-07-23,144563.2977093132
2020-07-24,119773.12440547787
2020-07-25,62915.70827581415
2020-07-26,69172.54850350662
2020-07-27,142429.67252969617
2020-07-28,150523.84836669939
2020-07-29,146448.5065073638
2020-07-30,142893.53951979944
2020-07-31,119518.27492603868
2020-08-01,64353.00645353748
2020-08-02,72120.8348872872
2020-08-03,146654.34805413295
2020-08-04,156344.8949123537
2020-08-05,153909.78717127038
2020-08-06,151943.17231211197
2020-08-07,130157.99763732882
2020-08-08,76602.89359190833
2020-08-09,85542.44039575901
2020-08-10,160762.92488430586
2020-08-11,171224.45672084126
2020-08-12,169389.02344204768
2020-08-13,167781.8172694105
2020-08-14,146201.39632226466
2020-08-15,92750.975744261
2020-08-16,101276.05410911658
