time,inbound_rejected_emails
2015-03-23,-9011.702712840946
2015-03-24,-9124.979105694707
2015-03-25,-8281.172344136825
2015-03-26,-7083.514472414667
2015-03-27,-5780.726717923953
2015-03-28,-3578.294468108348
2015-03-29,-3295.7935008074
2015-03-30,-4447.445184953787
2015-03-31,-4021.421320721559
2015-04-01,-3166.5826102955766
2015-04-02,-2219.827704609255
2015-04-03,-1323.029522319821
2015-04-04,-445.7608332619189
2015-04-05,55.56779061412104
2015-04-06,876.6675007814332
2015-04-07,1798.8897137586182
2015-04-08,2607.2293369321483
2015-04-09,3228.65220678745
2015-04-10,3626.551410991121
2015-04-11,3066.709801930778
2015-04-12,3656.4438021846095
2015-04-13,6303.121229218583
2015-04-14,7560.494133296171
2015-04-15,8151.38126426058
2015-04-16,8271.557547715736
2015-04-17,7995.440050534831
2015-04-18,5830.532442864033
2015-04-19,6354.608444215202
2015-04-20,10693.51859070343
2015-04-21,12180.0507409463
2015-04-22,12480.998747453881
2015-04-23,12066.32589993402
2015-04-24,11125.808902561328
2015-04-25,7411.720248396077
2015-04-26,7973.845290700901
2015-04-27,14156.419257151618
2015-04-28,16069.411860996444
2015-04-29,16319.939758837561
2015-04-30,15646.726640715888
2015-05-01,14347.794703370848
2015-05-02,9411.54057102426
2015-05-03,10349.804725624126
2015-05-04,18714.215206018205
2015-05-05,21380.222855716755
2015-05-06,21883.224576970963
2015-05-07,21218.716220687795
2015-05-08,19781.444145046153
2015-05-09,13785.290032807037
2015-05-10,15194.796592618817
2015-05-11,25761.29616617456
2015-05-12,29120.035328591122
2015-05-13,29731.29524081109
2015-05-14,28679.439254359084
2015-05-15,26654.377597421182
2015-05-16,19189.678861358185
2015-05-17,20480.709981794775
2015-05-18,32304.757386727983
2015-05-19,35525.788497438974
2015-05-20,35474.73119014125
2015-05-21,33658.55127657217
2015-05-22,30681.67812555594
2015-05-23,21498.930981968624
2015-05-24,22225.924001992604
2015-05-25,34819.25535364594
2015-05-26,37662.43666941224
2015-05-27,36828.45293529707
2015-05-28,34048.55221654282
2015-05-29,30028.64455243191
2015-05-30,19151.335378672138
2015-05-31,19456.01001122298
2015-06-01,33078.894788230464
2015-06-02,35920.04834868385
2015-06-03,34788.191195407155
2015-06-04,31629.29508491365
2015-06-05,27238.140649867146
2015-06-06,15409.73828246842
2015-06-07,16089.461229588102
2015-06-08,31573.427806026597
2015-06-09,35257.07183066637
2015-06-10,34662.8136065826
2015-06-11,31929.059287856744
2015-06-12,27917.548768318462
2015-06-13,15814.798439318762
2015-06-14,17452.901368665396
2015-06-15,35270.81439769641
2015-06-16,40145.03883843896
2015-06-17,40300.594444223156
2015-06-18,38060.80573963226
2015-06-19,34350.71976759436
2015-06-20,21748.742793074172
2015-06-21,23978.165023695125
2015-06-22,43629.29164503158
2015-06-23,49072.05411319229
2015-06-24,49249.99195807017
2015-06-25,46690.42216117035
2015-06-26,42403.42418646754
2015-06-27,28383.082609931753
2015-06-28,30269.07889959609
2015-06-29,50828.95776274586
2015-06-30,55951.929403361784
2015-07-01,55325.109910335384
2015-07-02,51703.33683107362
2015-07-03,45420.30193639661
2015-07-04,29237.461848140287
2015-07-05,29856.61016075794
2015-07-06,49203.51999972994
2015-07-07,52731.036018308136
2015-07-08,50641.48387891653
2015-07-09,45859.74234958036
2015-07-10,39583.234843349695
2015-07-11,24032.367618371245
2015-07-12,24576.154824973786
2015-07-13,43021.03925340122
2015-07-14,46555.76278564068
2015-07-15,44865.02809043163
2015-07-16,40715.262617625864
2015-07-17,35228.86929737306
2015-07-18,21019.661446595786
2015-07-19,22104.699891473156
2015-07-20,40155.12332466754
2015-07-21,44083.19784043238
2015-07-22,43047.520412603815
2015-07-23,39651.64676533596
2015-07-24,34942.65256978881
2015-07-25,21931.49622992699
2015-07-26,23290.88301803378
2015-07-27,40567.810969608574
2015-07-28,44412.40667506711
2015-07-29,43474.19191174452
2015-07-30,40213.02618456868
2015-07-31,35621.37566630416
2015-08-01,23128.965871106207
2015-08-02,24086.01861772321
2015-08-03,39936.86229278063
2015-08-04,43089.92457071494
2015-08-05,41704.47260377182
2015-08-06,38113.33683025125
2015-08-07,33268.42502355363
2015-08-08,21029.28527993331
2015-08-09,21431.428991546567
2015-08-10,35820.8182730505
2015-08-11,38364.93188138264
2015-08-12,36729.999522787024
2015-08-13,33115.62955826593
2015-08-14,28423.78772998878
2015-08-15,16931.57912501252
2015-08-16,17345.04462299234
2015-08-17,30894.979362045986
2015-08-18,33489.5780437334
2015-08-19,32282.70648279136
2015-08-20,29320.997100725966
2015-08-21,25436.860494181805
2015-08-22,15306.04248185307
2015-08-23,16136.724529237512
2015-08-24,28928.992265566398
2015-08-25,31597.615399110222
2015-08-26,30811.473071770077
2015-08-27,28469.1243519721
2015-08-28,25334.378159958913
2015-08-29,16850.46244861526
2015-08-30,17936.142176096768
2015-08-31,29140.86011907581
2015-09-01,31570.275664827695
2015-09-02,30960.82557618455
2015-09-03,28945.471499850937
2015-09-04,26182.725436772627
2015-09-05,18875.669294587202
2015-09-06,19507.39454307767
2015-09-07,28426.165528722922
2015-09-08,29947.051333691412
2015-09-09,28891.343710710677
2015-09-10,26642.01077605457
2015-09-11,23765.769178283186
2015-09-12,17236.617847498248
2015-09-13,17110.34403231579
2015-09-14,23539.540212663145
2015-09-15,24051.249265505507
2015-09-16,22551.24890301893
2015-09-17,20169.3072065267
2015-09-18,17374.47813855897
2015-09-19,11903.399456611689
2015-09-20,11374.178725382582
2015-09-21,15731.62967602128
2015-09-22,15701.336135607184
2015-09-23,14259.234543373517
2015-09-24,12267.115127793713
2015-09-25,10081.58294783507
2015-09-26,6187.547176163225
2015-09-27,5751.886831382632
2015-09-28,8499.267640889659
2015-09-29,8342.937444229292
2015-09-30,7319.863317116105
2015-10-01,6016.672925546931
2015-10-02,4672.409957043269
2015-10-03,2517.2764724906497
2015-10-04,2266.073571499831
2015-10-05,3424.5302337099674
2015-10-06,3096.7025945656856
2015-10-07,2385.4853612566203
2015-10-08,1608.768109683721
2015-10-09,895.7238820894106
2015-10-10,230.51712330013007
2015-10-11,-114.78428306267892
2015-10-12,-843.6775510019055
2015-10-13,-941.5511294872531
2015-10-14,-942.8386189747459
2015-10-15,-896.449887744597
2015-10-16,-821.9711601168361
2015-10-17,-574.4204994173357
2015-10-18,-620.2496140923756
2015-10-19,-1002.6124612197729
2015-10-20,-1107.1893043945781
2015-10-21,-1110.749852537697
2015-10-22,-1063.430685585974
2015-10-23,-985.3803435685891
2015-10-24,-728.3827056552607
2015-10-25,-769.8705154221527
2015-10-26,-1154.0949387332719
2015-10-27,-1252.7248269664337
2015-10-28,-1246.8365480299221
2015-10-29,-1187.9328464825621
2015-10-30,-1096.8307927526946
2015-10-31,-822.1531135370133
2015-11-01,-852.3544394523549
2015-11-02,-1232.7936830351423
2015-11-03,-1321.1111258802605
2015-11-04,-1302.6481835948853
2015-11-05,-1230.2114204862362
2015-11-06,-1125.2074028693412
2015-11-07,-833.00618961266
2015-11-08,-852.9845179835734
2015-11-09,-1231.5050733124006
2015-11-10,-1312.0751875818332
2015-11-11,-1284.1999182612742
2015-11-12,-1201.894086423988
2015-11-13,-1087.0663116863807
2015-11-14,-781.7562945225447
2015-11-15,-796.1958984305425
2015-11-16,-1177.6955957842586
2015-11-17,-1255.5844156643223
2015-11-18,-1223.4953799688667
2015-11-19,-1136.6240894551636
2015-11-20,-1017.3600413412597
2015-11-21,-704.3954925034556
2015-11-22,-718.8020383856957
2015-11-23,-1108.8217768609813
2015-11-24,-1189.5861203593388
2015-11-25,-1158.8314061233434
2015-11-26,-1072.9021689630808
2015-11-27,-954.6283093592409
2015-11-28,-639.3046241493968
2015-11-29,-658.7825562870033
2015-11-30,-1062.1663830721575
2015-12-01,-1150.3118499823102
2015-12-02,-1124.9734951740509
2015-12-03,-1043.5550043133146
2015-12-04,-929.2347878932
2015-12-05,-613.8194869128127
2015-12-06,-639.8542622548279
2015-12-07,-1057.2279781000918
2015-12-08,-1152.4557389895008
2015-12-09,-1131.2613217021765
2015-12-10,-1052.0780492715478
2015-12-11,-938.4263086920919
2015-12-12,-618.6435689299902
2015-12-13,-646.015033610473
2015-12-14,-1071.2892573262661
2015-12-15,-1166.7447643402124
2015-12-16,-1142.206780819989
2015-12-17,-1057.2973278372674
2015-12-18,-936.0618594717008
2015-12-19,-603.5722837215292
2015-12-20,-624.0735145489069
2015-12-21,-1049.404254637154
2015-12-22,-1137.841753051146
2015-12-23,-1103.5463730643066
2015-12-24,-1007.5540953780365
2015-12-25,-874.645320812826
2015-12-26,-526.8140013990538
2015-12-27,-539.4234791516475
2015-12-28,-965.5263198954431
2015-12-29,-1049.4818021518554
2015-12-30,-1009.8238172489097
2015-12-31,-908.9923603996111
2016-01-01,-772.4423066331519
2016-01-02,-418.9778098705268
2016-01-03,-434.9180168689775
2016-01-04,-874.3180124292734
2016-01-05,-967.3625701381546
2016-01-06,-936.6623401438761
2016-01-07,-845.7306187077083
2016-01-08,-720.3395911673214
2016-01-09,-375.72852414003813
2016-01-10,-408.7887035524558
2016-01-11,-874.1954258009961
2016-01-12,-987.5882681481763
2016-01-13,-975.3058656298989
2016-01-14,-901.618015279387
2016-01-15,-792.3389070594901
2016-01-16,-458.91781225820034
2016-01-17,-508.65086405589125
2016-01-18,-996.7303857169129
2016-01-19,-1124.2164332783038
2016-01-20,-1121.2132031494732
2016-01-21,-1052.8576732244508
2016-01-22,-604.1965078862985
2016-01-23,-169.87877024966477
2016-01-24,50.26432898289859
2016-01-25,494.5001437204413
2016-01-26,993.220272359003
2016-01-27,1419.4939134236001
2016-01-28,1728.7536739645575
2016-01-29,1897.5852020836087
2016-01-30,1456.0519605938146
2016-01-31,1749.3953432766273
2016-02-01,3347.598185382408
2016-02-02,4054.170809090144
2016-02-03,4330.4103421482105
2016-02-04,4300.326202983737
2016-02-05,4010.3221746770473
2016-02-06,2514.849230569217
2016-02-07,2710.5553334990764
2016-02-08,5305.388815005318
2016-02-09,6081.937990922261
2016-02-10,6095.196513723451
2016-02-11,5642.542223820636
2016-02-12,4844.1453442558995
2016-02-13,2281.8087974444575
2016-02-14,2405.4578545606187
2016-02-15,6061.708268290844
2016-02-16,7011.721927049806
2016-02-17,6902.4799264301055
2016-02-18,6201.856021448235
2016-02-19,5099.830731963709
2016-02-20,1700.6351948047231
2016-02-21,2001.729417179919
2016-02-22,6982.011944948611
2016-02-23,8374.390692514498
2016-02-24,8410.77874261958
2016-02-25,7722.4861985965235
2016-02-26,6562.465340208813
2016-02-27,2550.976924722647
2016-02-28,3227.2623018706786
2016-02-29,9697.579179805449
2016-03-01,11662.645092361196
2016-03-02,11936.480742073263
2016-03-03,11312.207931296569
2016-03-04,10105.373045076378
2016-03-05,5453.140757125485
2016-03-06,6438.622153535289
2016-03-07,14298.656911047863
2016-03-08,16706.010309424095
2016-03-09,17061.909429297924
2016-03-10,16327.061961464762
2016-03-11,14885.848503926994
2016-03-12,9398.816966863404
2016-03-13,10499.430627883228
2016-03-14,19561.35946341632
2016-03-15,22235.200678835437
2016-03-16,22514.493326758686
2016-03-17,21531.766826610263
2016-03-18,19743.441420025618
2016-03-19,13335.49927686088
2016-03-20,14492.57037076311
2016-03-21,24724.695898592014
2016-03-22,27658.582819361996
2016-03-23,27877.1557170264
2016-03-24,26680.740176033298
2016-03-25,24592.820702015506
2016-03-26,17319.077329109732
2016-03-27,18589.03171863865
2016-03-28,30042.531363270922
2016-03-29,33275.80498348867
2016-03-30,33454.82729571394
2016-03-31,32041.912134547125
2016-04-01,29622.59203511474
2016-04-02,21418.26405479898
2016-04-03,22700.609984372746
2016-04-04,35237.97683873923
2016-04-05,38596.36274553088
2016-04-06,38526.6722702997
2016-04-07,36656.74044465259
2016-04-08,33639.295962903
2016-04-09,24218.118186779582
2016-04-10,25215.074687859586
2016-04-11,38536.185752760655
2016-04-12,41727.27823032307
2016-04-13,41134.825701059155
2016-04-14,38563.063266657984
2016-04-15,34742.66996066296
2016-04-16,23950.05958584596
2016-04-17,24566.65738653894
2016-04-18,38644.282034864504
2016-04-19,41715.1251154579
2016-04-20,40725.87019305464
2016-04-21,37659.64017071045
2016-04-22,33325.19867984686
2016-04-23,21529.241144023996
2016-04-24,22207.850418656362
2016-04-25,37551.21423076143
2016-04-26,41068.02876534621
2016-04-27,40293.07547065661
2016-04-28,37374.257544414286
2016-04-29,33182.649400117494
2016-04-30,21038.18197644107
2016-05-01,22413.726407897913
2016-05-02,39619.63903586171
2016-05-03,44123.111135683714
2016-05-04,44029.73964924084
2016-05-05,41636.18804159294
2016-05-06,37861.60164465062
2016-05-07,25527.171466102503
2016-05-08,27633.280218986663
2016-05-09,46604.246654915405
2016-05-10,51862.91534269192
2016-05-11,52086.426342417624
2016-05-12,49724.6100333382
2016-05-13,45752.774139094276
2016-05-14,32505.045677474533
2016-05-15,34524.37251402026
2016-05-16,54367.157057533055
2016-05-17,59432.67879670822
2016-05-18,58992.567589922626
2016-05-19,55674.36136207098
2016-05-20,50535.03230764752
2016-05-21,35447.429858219075
2016-05-22,36522.43445502356
2016-05-23,56472.77075455777
2016-05-24,60696.56679983264
2016-05-25,59079.868862216485
2016-05-26,54444.75379221236
2016-05-27,47943.05868218569
2016-05-28,30995.478570140476
2016-05-29,31285.530282531075
2016-05-30,51682.319114043465
2016-05-31,55578.1335655629
2016-06-01,53464.03105838321
2016-06-02,48342.666399423186
2016-06-03,41442.516479618615
2016-06-04,23710.048588245376
2016-06-05,24376.02499509997
2016-06-06,46437.85558849467
2016-06-07,51251.94634624938
2016-06-08,49883.140892992924
2016-06-09,45483.09574661223
2016-06-10,39325.8536429146
2016-06-11,21853.935180782082
2016-06-12,23817.811847919573
2016-06-13,48318.623505958036
2016-06-14,54655.98790648056
2016-06-15,54451.91278225312
2016-06-16,50995.22124844986
2016-06-17,45598.85003865407
2016-06-18,28200.101328911616
2016-06-19,31073.373096473188
2016-06-20,57433.17798689932
2016-06-21,64537.19796771311
2016-06-22,63947.422707393926
2016-06-23,59828.92876359647
2016-06-24,53624.78360573786
2016-06-25,35267.120895587075
2016-06-26,37318.24819100623
2016-06-27,62357.20122108948
2016-06-28,67937.23485884737
2016-06-29,66460.22800207237
2016-06-30,61464.905374690345
2016-07-01,54391.1644406003
2016-07-02,35431.28255831131
2016-07-03,36432.011437037996
2016-07-04,59936.20676820854
2016-07-05,64498.290014726714
2016-07-07,56700.43214370138
2016-07-08,49241.90528318169
2016-07-09,30319.24904437492
2016-07-10,31041.70018128777
2016-07-11,53890.6299984828
2016-07-12,58393.73560030741
2016-07-13,56403.66148348572
2016-07-14,51307.21792205118
2016-07-15,44480.670724229225
2016-07-16,26570.975680296793
2016-07-17,27921.81563360382
2016-07-18,50927.5056970841
2016-07-19,56066.61615132902
2016-07-20,54883.71877729472
2016-07-21,50660.0267394606
2016-07-22,44714.97060909961
2016-07-23,27903.111311503028
2016-07-24,29802.655869405648
2016-07-25,52725.8373818944
2016-07-26,58111.77706558417
2016-07-27,57211.03018679934
2016-07-28,53217.20001461654
2016-07-29,47414.24410335079
2016-07-30,30888.417808064383
2016-07-31,32478.547950156328
2016-08-01,54442.11498823808
2016-08-02,59206.55208852874
2016-08-03,57755.781922664915
2016-08-04,53222.01225144197
2016-08-05,46878.01858085854
2016-08-06,30063.42390092417
2016-08-07,30896.11460143746
2016-08-08,51593.50459327165
2016-08-09,55581.86053046274
2016-08-10,53584.53870570571
2016-08-11,48673.79888734978
2016-08-12,42108.0310141865
2016-08-13,25472.469872452362
2016-08-14,26151.979022223666
2016-08-15,46307.84314745882
2016-08-16,50345.57439675646
2016-08-17,48705.401433853665
2016-08-18,44374.73284160211
2016-08-19,38571.02127438678
2016-08-20,23097.648430877853
2016-08-21,24578.83539680712
2016-08-22,45092.71938331929
2016-08-23,49998.37905678372
2016-08-24,49429.27362923864
2016-08-25,46266.99306511405
2016-08-26,41670.321576364564
2016-08-27,27646.76403096051
2016-08-28,30049.95071899329
2016-08-29,50869.25525538751
2016-08-30,56416.17754983159
2016-08-31,56520.751407470474
2016-09-01,53966.480444108056
2016-09-02,49865.38424798825
2016-09-03,36444.841051175354
2016-09-04,38807.06319775665
2016-09-05,58874.74643614055
2016-09-06,63936.22936394709
2016-09-07,63544.23337624328
2016-09-08,60411.31077440617
2016-09-09,55630.18112219101
2016-09-10,41675.19737431054
2016-09-11,42923.21724599418
2016-09-12,61254.64465479638
2016-09-13,64956.77826256813
2016-09-14,63324.36287796582
2016-09-15,59015.107925694356
2016-09-16,53114.96143908234
2016-09-17,38353.94398833492
2016-09-18,38388.262066577845
2016-09-19,55056.691610808964
2016-09-20,57642.16859666952
2016-09-21,55174.304341003
2016-09-22,50245.220136519856
2016-09-23,43920.08954695769
2016-09-24,29167.74508157174
2016-09-25,28904.50050011673
2016-09-26,44906.39158405168
2016-09-27,47429.55758015266
2016-09-28,45215.287656459775
2016-09-29,40766.74214509588
2016-09-30,35105.32183619682
2016-10-01,21416.58014175162
2016-10-02,21856.246976812745
2016-10-03,38118.77130509262
2016-10-04,41416.87760511684
2016-10-05,40189.45321992181
2016-10-06,36839.396793075786
2016-10-07,32335.97567165309
2016-10-08,20076.127405080875
2016-10-09,21452.67787113878
2016-10-10,38079.12332118598
2016-10-11,42128.22380988685
2016-10-12,41742.50281703197
2016-10-13,39232.97131161318
2016-10-14,35527.160549788256
2016-10-15,24245.465229447535
2016-10-16,26031.182062334527
2016-10-17,42431.148290215606
2016-10-18,46592.97790830243
2016-10-19,46377.793210948774
2016-10-21,40417.95980772565
2016-10-22,29430.469354322275
2016-10-23,30962.96097484907
2016-10-24,46506.481138763455
2016-10-25,50192.86430234591
2016-10-26,49609.58235194667
2016-10-27,46919.42904151523
2016-10-28,42999.21657588789
2016-10-29,31945.63187041565
2016-10-30,32928.4714907574
2016-10-31,47382.67902132025
2016-11-01,50422.683890471475
2016-11-02,49359.54162507662
2016-11-03,46281.257985573764
2016-11-04,42037.012512671776
2016-11-05,30957.99328924533
2016-11-06,31472.469889631688
2016-11-07,44953.7788595479
2016-11-08,47493.46265374812
2016-11-09,46120.855007138496
2016-11-10,42844.17473766314
2016-11-11,38480.3792071288
2016-11-12,27591.05196975936
2016-11-13,27859.3591424339
2016-11-14,40594.00013516669
2016-11-15,42861.13730001233
2016-11-16,41406.393139621934
2016-11-17,38156.66007351375
2016-11-18,33895.513771870326
2016-11-19,23414.07185745091
2016-11-20,23649.74488692431
2016-11-21,35846.06143588143
2016-11-22,38043.30025800542
2016-11-23,36702.81831245964
2016-11-24,33669.50665984213
2016-11-25,29692.70848418568
2016-11-26,19792.010952685196
2016-11-27,20157.77211434475
2016-11-28,31966.82179297742
2016-11-29,34231.817966417744
2016-11-30,33127.94681082602
2016-12-01,30416.083681743305
2016-12-02,26809.29005721358
2016-12-03,17553.624992406076
2016-12-04,18090.542836001903
2016-12-05,29528.56913894822
2016-12-06,31851.480438595932
2016-12-07,30947.470986153403
2016-12-08,28493.10452862936
2016-12-09,25165.46287345457
2016-12-10,16438.032831991775
2016-12-11,17005.010692161984
2016-12-12,27908.966626288944
2016-12-13,30107.837200541417
2016-12-14,29206.52308874954
2016-12-15,26801.570992917834
2016-12-16,23538.8891667759
2016-12-17,15124.603048230467
2016-12-18,15511.140258507397
2016-12-19,25680.74132542409
2016-12-20,27571.110911409192
2016-12-21,26509.285344805518
2016-12-22,24016.881384021606
2016-12-23,20713.21852764571
2016-12-24,12540.991573222529
2016-12-25,12713.997938815768
2016-12-26,22156.374892679953
2016-12-27,23786.81244539547
2016-12-28,22654.62012847147
2016-12-29,20205.501486412617
2016-12-30,17030.07361073129
2016-12-31,9304.37976432485
2017-01-01,9499.315012652696
2017-01-02,18475.67791860304
2017-01-03,20127.0631439652
2017-01-04,19218.27275929956
2017-01-05,17111.785250592584
2017-01-06,14361.86005146025
2017-01-07,7370.091828529523
2017-01-08,7856.7441750907765
2017-01-09,16611.827690500853
2017-01-10,18496.880238441754
2017-01-11,17985.920665034788
2017-01-12,16352.794254985785
2017-01-13,14246.510148594063
2017-01-14,8037.411590027814
2017-01-15,8894.791000052406
2017-01-16,17775.2692813188
2017-01-17,20041.976814838163
2017-01-18,19933.42877076936
2017-01-19,18650.455614196166
2017-01-20,16673.58654513584
2017-01-21,10538.572206874189
2017-01-22,11410.621904498556
2017-01-23,20244.426207978366
2017-01-24,22403.866127090805
2017-01-25,22128.004738081094
2017-01-26,20619.87984172598
2017-01-27,18363.659958175747
2017-01-28,11900.374616150608
2017-01-29,12400.477196370337
2017-01-30,20825.842934318152
2017-01-31,22549.77522791192
2017-02-01,21819.89113565292
2017-02-02,19848.568417864022
2017-02-03,17129.686724576524
2017-02-04,10214.403738965299
2017-02-05,10281.912125102806
2017-02-06,18303.315396105965
2017-02-07,19661.870681515757
2017-02-08,18612.74616859591
2017-02-09,16375.140173783895
2017-02-10,13448.664492230415
2017-02-11,6389.261349048629
2017-02-12,6378.284999649572
2017-02-13,14388.418224317315
2017-02-14,15804.34224458318
2017-02-15,14879.579655252881
2017-02-16,12830.516213311863
2017-02-17,10152.667970115264
2017-02-18,3396.9850620703583
2017-02-19,3737.501750299143
2017-02-20,12139.528481566453
2017-02-21,13980.96868645833
2017-02-22,13506.445787766306
2017-02-23,11923.39979642336
2017-02-24,9718.37921286165
2017-02-25,3433.837808603891
2017-02-26,4234.421670677975
2017-02-27,13077.466118629476
2017-02-28,15334.948816964335
2017-03-01,15244.850980980415
2017-03-02,14009.24124501772
2017-03-03,12110.469861819893
2017-03-04,6088.304771351802
2017-03-06,16547.975870341583
2017-03-07,19240.13963919811
2017-03-08,19476.33026026633
2017-03-09,18445.795612387046
2017-03-10,16625.777736126307
2017-03-11,10208.474523995756
2017-03-12,11389.170562537973
2017-03-14,24365.65745424165
2017-03-16,23258.22722436278
2017-03-19,15212.336397730263
2017-03-20,26085.443354738756
2017-03-21,29046.82758820713
2017-03-22,29098.89980308817
2017-03-23,27663.84926765889
2017-03-24,25315.96049618054
2017-03-25,17604.559426674918
2017-03-26,18819.735312236273
2017-03-27,30502.364817736423
2017-03-28,33655.397917223396
2017-03-29,33674.19283998451
2017-03-30,32088.993810135104
2017-03-31,29514.362328070787
2017-04-01,21170.45042353198
2017-04-02,22387.842418477565
2017-04-03,34792.33382559122
2017-04-04,38012.66641500438
2017-04-05,37837.82041182241
2017-04-06,35908.36478161247
2017-04-07,32882.98980226607
2017-04-08,23658.03857806755
2017-04-09,24611.345048225743
2017-04-10,37461.5917421357
2017-04-11,40472.27000868916
2017-04-12,39835.66331740986
2017-04-13,37312.76924309664
2017-04-14,33616.60653818708
2017-04-15,23329.662002739977
2017-04-16,23886.376329749193
2017-04-17,37106.73788542102
2017-04-18,39896.142055497556
2017-04-19,38855.76738179773
2017-04-20,35870.80917519758
2017-04-21,31710.34872507793
2017-04-22,20642.559149160854
2017-04-23,21155.745448085578
2017-04-24,35166.14842710693
2017-04-25,38213.74804975529
2017-04-26,37299.148998490346
2017-04-27,34420.31293794125
2017-04-28,30389.243851571675
2017-04-29,18868.948253720202
2017-04-30,19635.90951613532
2017-05-01,34076.78514257472
2017-05-02,37216.7849444621
2017-05-03,36402.212546972536
2017-05-04,33722.4719339581
2017-05-05,30018.10809398952
2017-05-06,19634.607040994026
2017-05-07,20901.113356446156
2017-05-08,35110.431750377
2017-05-09,38490.06825805693
2017-05-10,38023.50256285767
2017-05-11,35691.69785400401
2017-05-12,32288.995159183643
2017-05-13,22444.8039523155
2017-05-14,23560.286508100682
2017-05-15,36850.71908553528
2017-05-16,39763.25811998299
2017-05-17,38936.4761043902
2017-05-18,36260.891333342086
2017-05-19,32502.230078631386
2017-05-20,22590.533308086586
2017-05-21,23014.358157974417
2017-05-22,34925.08648244274
2017-05-23,37001.05275536008
2017-05-24,35545.03927808362
2017-05-25,32363.588976218274
2017-05-26,28197.47236011574
2017-05-27,18278.125305916943
2017-05-28,18179.362589210985
2017-05-29,28983.708422762254
2017-05-30,30593.037787459834
2017-05-31,28964.255018338125
2017-06-01,25807.679248034434
2017-06-02,21825.062681600342
2017-06-03,12533.75274442198
2017-06-04,12576.346348825431
2017-06-05,22949.49414290133
2017-06-06,24761.517182069052
2017-06-07,23606.727962428005
2017-06-08,21083.331914286333
2017-06-09,17839.412479781535
2017-06-10,9665.193876681138
2017-06-11,10260.96302144598
2017-06-12,20528.61652032905
2017-06-13,22776.457000924638
2017-06-14,22232.2913088876
2017-06-15,20380.91031565591
2017-06-16,17818.029868773123
2017-06-17,10610.571402848831
2017-06-18,11522.700303933398
2017-06-19,21369.81405596415
2017-06-20,23670.488592284753
2017-06-21,23297.84841654685
2017-06-22,21636.280603973508
2017-06-23,19242.965160209475
2017-06-24,12475.879597370225
2017-06-25,13177.04751981832
2017-06-26,22089.32023568062
2017-06-27,23955.06880652214
2017-06-28,23304.63527860707
2017-06-29,21432.61750849079
2017-06-30,18866.635619934706
2017-07-01,12262.849179516375
2017-07-02,12546.174494810426
2017-07-03,20389.902869818714
2017-07-04,21761.069649233053
2017-07-05,20845.950355176
2017-07-06,18846.05354408947
2017-07-07,16254.274062121953
2017-07-08,10018.123842424184
2017-07-09,10137.16230726514
2017-07-10,17205.730933010618
2017-07-11,18405.305253765066
2017-07-12,17567.358591785494
2017-07-13,15789.392477879579
2017-07-14,13518.803197442738
2017-07-15,7984.140067667803
2017-07-16,8250.041144087903
2017-07-17,14823.346445801273
2017-07-18,16092.658285640693
2017-07-19,15528.755098961543
2017-07-20,14120.794597884764
2017-07-21,12267.978486047836
2017-07-22,7478.871419028515
2017-07-23,7883.823747707161
2017-07-24,13904.39541876251
2017-07-25,15140.01014959053
2017-07-26,14705.762938027749
2017-07-27,13488.603334858797
2017-07-28,11846.57622997684
2017-07-29,7575.957388574498
2017-07-30,7880.905098012226
2017-07-31,13105.930827355467
2017-08-01,14069.385791722907
2017-08-02,13538.411142481988
2017-08-03,12304.868313105979
2017-08-04,10691.947577402261
2017-08-05,6788.94248961559
2017-08-06,6877.988202253995
2017-08-07,11229.475705031731
2017-08-08,11882.308980440186
2017-08-09,11507.786905264635
2017-08-10,10506.391534282315
2017-08-11,9140.143806265223
2017-08-12,5605.639801999165
2017-08-13,5757.772850162259
2017-08-14,10097.001204543112
2017-08-15,10978.008507452249
2017-08-17,9689.53695432795
2017-08-18,8418.405694393388
2017-08-19,5020.885003408778
2017-08-20,5319.694685888627
2017-08-21,9809.826778420203
2017-08-22,10881.782914595116
2017-08-23,10748.568838947245
2017-08-24,10040.001545247356
2017-08-25,9009.879651718074
2017-08-26,5866.65195210039
2017-08-27,6397.140469392781
2017-08-28,11087.951746137307
2017-08-29,12363.371594942044
2017-08-30,12419.572083074869
2017-08-31,11878.136850175299
2017-09-01,10987.111698652543
2017-09-02,7960.481779213789
2017-09-03,8551.910625378832
2017-09-04,13243.205512164179
2017-09-05,14496.778986291816
2017-09-06,14496.958379688163
2017-09-07,13862.60306487798
2017-09-08,12841.896166727829
2017-09-09,9660.482198026732
2017-09-10,10045.068769648075
2017-09-11,14478.791659584136
2017-09-12,15468.091765373192
2017-09-13,15190.982719422836
2017-09-14,14268.626285427768
2017-09-15,12953.745397708668
2017-09-16,9487.3194136779
2017-09-17,9571.965094466432
2017-09-18,13694.139323924253
2017-09-19,14405.39208944016
2017-09-20,13877.576171012692
2017-09-21,12733.38808319146
2017-09-22,11228.432721550247
2017-09-23,7616.528229509332
2017-09-24,7572.938249704665
2017-09-25,11583.502078538027
2017-09-26,12240.36859641368
2017-09-27,11704.265083691696
2017-09-28,10594.129626094245
2017-09-29,9162.958707440985
2017-09-30,5671.854976677969
2017-10-01,5763.242429494755
2017-10-02,9917.050777326644
2017-10-03,10761.049028023175
2017-10-04,10440.281108990239
2017-10-05,9565.884032668038
2017-10-06,8384.797202823707
2017-10-07,5162.614682635357
2017-10-08,5506.826742878534
2017-10-09,9890.083118547365
2017-10-10,10975.132036691088
2017-10-11,10891.410061189237
2017-10-12,10243.01610171782
2017-10-13,9272.236476863523
2017-10-14,6251.141557536472
2017-10-15,6754.781444784782
2017-10-16,11251.446232143062
2017-10-17,12442.12149450098
2017-10-18,12444.138956970417
2017-10-19,11858.211249780577
2017-10-20,10925.678588035265
2017-10-21,7928.759135826754
2017-10-22,8413.613973947862
2017-10-23,12847.527411268864
2017-10-24,13972.811616022913
2017-10-25,13897.461827987969
2017-10-26,13221.207631953372
2017-10-27,12186.449693654922
2017-10-28,9087.145158824549
2017-10-29,9441.735909148592
2017-10-30,13717.25503765118
2017-10-31,14697.697939613301
2017-11-01,14481.709368901766
2017-11-02,13667.687040709925
2017-11-03,12498.451071493258
2017-11-04,9278.81208798058
2017-11-05,9498.413589931853
2017-11-06,13622.81665832715
2017-11-07,14476.38898551661
2017-11-08,14147.072939607899
2017-11-09,13230.58678488275
2017-11-10,11968.86689371069
2017-11-11,8676.35232053138
2017-11-12,8812.767903422566
2017-11-13,12841.20620537713
2017-11-14,13625.545653068544
2017-11-15,13242.303055748642
2017-11-16,12283.92856905067
2017-11-17,10991.01015723017
2017-11-18,7687.258375848147
2017-11-19,7828.8477005743325
2017-11-20,11876.893516110295
2017-11-21,12701.669425209884
2017-11-22,12363.323598959829
2017-11-23,11449.077817233288
2017-11-24,10197.043520082356
2017-11-25,6896.513270734654
2017-11-26,7074.1174040274
2017-11-27,11236.586943275595
2017-11-28,12123.394378343868
2017-11-29,11831.800635457112
2017-11-30,10958.956384455667
2017-12-01,9746.345702189617
2017-12-02,6451.369659632987
2017-12-03,6698.887553389151
2017-12-04,11002.831793772186
2017-12-05,11970.957726574883
2017-12-06,11736.793459978058
2017-12-07,10906.683276703172
2017-12-08,9724.898675280157
2017-12-09,6416.552165965018
2017-12-10,6704.557870825767
2017-12-11,11110.128300667686
2017-12-12,12109.656809249482
2017-12-13,11873.586239079897
2017-12-14,11018.4016909244
2017-12-15,9792.406663037247
2017-12-16,6389.95471916586
2017-12-17,6633.80686532963
2017-12-18,11054.477514903097
2017-12-19,11999.207263760001
2017-12-20,11677.699278213533
2017-12-21,10719.002755915997
2017-12-22,9377.889388348403
2017-12-23,5820.333762741564
2017-12-24,5971.195976905048
2017-12-25,10372.344977376222
2017-12-26,11243.65178594033
2017-12-27,10835.527957779348
2017-12-28,9790.640470775712
2017-12-29,8370.837756371526
2017-12-30,4713.838505796074
2017-12-31,4846.211287984895
2018-01-01,9320.26048215337
2018-01-02,10227.0396354785
2018-01-03,9855.70673009324
2018-01-04,8860.100466780481
2018-01-05,7506.260775400318
2018-01-06,3900.385145104833
2018-01-07,4167.177390573354
2018-01-08,8865.579744261146
2018-01-09,9900.262538721501
2018-01-10,9651.180438440562
2018-01-11,8789.497992899596
2018-01-12,7585.983157693053
2018-01-13,4169.0083659797865
2018-01-14,4595.6218646857515
2018-01-15,9345.799549220574
2018-01-16,10519.631497498629
2018-01-17,10419.946457800706
2018-01-18,9699.850483516937
2018-01-19,8621.055595460199
2018-01-20,5350.386362464985
2018-01-21,5809.647244845292
2018-01-22,10465.865309715091
2018-01-23,11592.633310214374
2018-01-24,11442.149153132637
2018-01-25,10653.808029182592
2018-01-26,9484.920804164967
2018-01-27,6145.612491879972
2018-01-28,6427.365677327266
2018-01-29,10789.131060965272
2018-01-30,11682.704204969586
2018-01-31,11314.060592122241
2018-02-01,10312.888593823342
2018-02-02,8935.59473609233
2018-02-03,5438.503832874121
2018-02-04,5485.00336113519
2018-02-05,9527.463885355772
2018-02-06,10196.610308429374
2018-02-07,9652.133239790157
2018-02-08,8513.163946647639
2018-02-09,7033.588053250486
2018-02-10,3513.5887280207357
2018-02-11,3485.452114193827
2018-02-12,7391.37480754643
2018-02-13,8036.921744495713
2018-02-14,7531.018451141997
2018-02-15,6477.482130439329
2018-02-16,5122.764412290809
2018-02-17,1805.9613920645706
2018-02-18,1923.4037332616563
2018-02-20,6719.250986049434
2018-02-21,6428.013490317691
2018-02-22,5613.891520770155
2018-02-23,4513.127814868331
2018-02-24,1501.6113869957712
2018-02-25,1838.2933998901508
2018-02-26,5935.0308343401475
2018-02-27,6938.446652599809
2018-02-28,6848.87384931864
2018-03-01,6232.915313897922
2018-03-02,5320.185274430972
2018-03-03,2527.0352330669316
2018-03-04,2975.096801378705
2018-03-05,7061.714796395626
2018-03-06,8113.505187586242
2018-03-07,8079.7716953534355
2018-03-08,7514.674155201111
2018-03-09,6641.755209155257
2018-03-10,3922.554524628811
2018-03-11,4340.585964665598
2018-03-12,8283.469952945861
2018-03-13,9263.950685817912
2018-03-14,9180.617661243798
2018-03-15,8575.013768464498
2018-03-16,7666.999075186035
2018-03-17,4963.765372380965
2018-03-18,5310.613607416744
2018-03-19,9084.809589812896
2018-03-20,9984.10043640525
2018-03-21,9854.795428037663
2018-03-22,9223.880766844153
2018-03-23,8305.297704014525
2018-03-24,5649.442428548585
2018-03-25,5960.833815449342
2018-03-26,9603.784694024147
2018-03-27,10458.509014666452
2018-03-28,10316.64993481664
2018-03-29,9688.482839950304
2018-03-30,8780.180600482227
2018-03-31,6183.860573834459
2018-04-01,6462.191562307637
2018-04-02,9965.915217714091
2018-04-03,10757.563188688791
2018-04-04,10574.435864722704
2018-04-05,9910.881237015741
2018-04-06,8966.519476317857
2018-04-07,6376.794798496061
2018-04-08,6564.466327070938
2018-04-09,9868.913060596202
2018-04-10,10537.38528884018
2018-04-11,10255.351554074692
2018-04-12,9503.76679506862
2018-04-13,8478.168310354538
2018-04-14,5859.645951149718
2018-04-15,5933.1344859413175
2018-04-16,9028.426469211601
2018-04-17,9578.891407922334
2018-04-18,9219.13568842686
2018-04-19,8417.217799910677
2018-04-20,7364.587913075049
2018-04-21,4787.4670385894215
2018-04-22,4831.935373774585
2018-04-23,7816.686952404263
2018-04-24,8359.229009224293
2018-04-25,8040.926144054153
2018-04-26,7314.216147175291
2018-04-27,6363.4669210430775
2018-04-28,3956.834293792757
2018-04-29,4098.288251066765
2018-04-30,7092.132715391298
2018-05-01,7736.798694075165
2018-05-02,7557.400536473868
2018-05-03,6988.014365049199
2018-05-04,6203.538301858622
2018-05-05,4012.1066625854105
2018-05-06,4274.102596915888
2018-05-07,7278.5060963274045
2018-05-08,8004.309045702189
2018-05-09,7920.6010679015535
2018-05-10,7443.911565343427
2018-05-11,6741.057651191869
2018-05-12,4662.082883653629
2018-05-13,4926.20906915802
2018-05-14,7809.9511271521515
2018-05-15,8476.08023696133
2018-05-16,8341.155071659598
2018-05-17,7807.835210001708
2018-05-18,7038.619069340378
2018-05-19,4929.206750891527
2018-05-20,5061.290664703064
2018-05-21,7702.339810875972
2018-05-22,8202.019209777814
2018-05-23,7927.082908739452
2018-05-24,7268.585675244519
2018-05-25,6386.450400653
2018-05-26,4223.208756202531
2018-05-27,4223.599837661695
2018-05-28,6646.009386502449
2018-05-29,7026.347717934984
2018-05-30,6680.323300351983
2018-05-31,5985.587543891441
2018-06-01,5097.181483804699
2018-06-02,3001.7176148659005
2018-06-03,3003.861672018652
2018-06-04,5349.51152558023
2018-06-05,5757.225569253419
2018-06-06,5487.973483841874
2018-06-07,4902.312687554999
2018-06-08,4146.81208830636
2018-06-09,2248.7694158499667
2018-06-10,2369.6644108512364
2018-06-14,4829.897375520325
2018-06-15,4242.084601580985
2018-06-16,2499.1719284720107
2018-06-17,2746.486285477169
2018-06-18,5255.844292524947
2018-06-19,5900.916781596263
2018-06-20,5874.765291564734
2018-06-21,5515.157646499689
2018-06-22,4957.2002464371735
2018-06-23,3221.564560266598
2018-06-24,3463.825668262624
2018-06-25,5957.267176638414
2018-06-26,6563.338450702024
2018-06-27,6480.458899570623
2018-06-28,6049.389765930882
2018-06-29,5407.9152650289325
2018-06-30,3576.076257332784
2018-07-01,3722.305337958851
2018-07-02,6123.596777735354
2018-07-03,6630.997092309495
2018-07-04,6449.629688799678
2018-07-05,5924.0886858310205
2018-07-06,5195.148894938587
2018-07-07,3282.001375228743
2018-07-08,3365.1946013523643
2018-07-09,5724.193499318054
2018-07-10,6197.941257206491
2018-07-11,5996.154991097625
2018-07-12,5464.80356281814
2018-07-13,4744.9179241426
2018-07-14,2851.90760351682
2018-07-15,2975.392300081777
2018-07-16,5394.237280281709
2018-07-17,5932.274156380843
2018-07-18,5800.953289116505
2018-07-19,5344.986901686259
2018-07-20,4703.334382568596
2018-07-21,2885.665504289328
2018-07-26,5718.634836014302
2018-07-27,5111.467435952584
2018-08-04,3513.902719579307
2018-08-05,3652.566850067294
2018-08-06,6084.6297803834495
2018-08-07,6594.421564835158
2018-08-08,6406.1031611258695
2018-08-09,5869.584621921569
2018-08-10,5127.7724411575155
2018-08-11,3184.175543378065
2018-08-12,3270.1956018089895
2018-08-13,5669.899104065584
2018-08-14,6156.167567769323
2018-08-15,5958.4212123354155
2018-08-16,5428.661907118204
2018-08-17,4710.771840194604
2018-08-18,2805.147878442628
2018-08-19,2952.9520536911878
2018-08-20,5438.219859725957
2018-08-21,6019.015254094593
2018-08-22,5926.812270401136
2018-08-23,5512.476137005999
2018-08-24,4917.750308009858
2018-08-25,3137.0010266447853
2018-08-26,3418.5495858260692
2018-08-27,6044.10882118458
2018-08-28,6755.090792301324
2018-08-29,6783.636355064218
2018-08-30,6478.611404666065
2018-08-31,5979.29546806476
2018-09-01,4274.247890608556
2018-09-02,4619.718839690354
2018-09-03,7296.396630531476
2018-09-04,8030.836897192237
2018-09-05,8058.095985148566
2018-09-06,7727.686449007152
2018-09-07,7179.401135661533
2018-09-08,5399.226515585496
2018-09-09,5654.751550204016
2018-09-10,8229.140734361732
2018-09-11,8837.597665653937
2018-09-12,8721.515486296841
2018-09-13,8234.307452550318
2018-09-14,7519.287091681971
2018-09-15,5562.556056941318
2018-09-16,5645.34686169942
2018-09-17,8055.167844670873
2018-09-18,8497.258835947185
2018-09-19,8220.22880707908
2018-09-20,7581.74475627445
2018-09-21,6728.464536628701
2018-09-22,4645.909094915308
2018-09-23,4627.761753051131
2018-09-24,6964.219819981048
2018-09-25,7348.4880362921995
2018-09-26,7033.95871233434
2018-09-27,6379.822214394012
2018-09-28,5533.121976229247
2018-09-29,3475.6849484115146
2018-09-30,3510.4535769706536
2018-10-01,5927.120520412051
2018-10-02,6403.734657582799
2018-10-03,6195.494929357031
2018-10-04,5660.34808303051
2018-10-05,4943.225598752962
2018-10-06,3020.082414678242
2018-10-07,3201.302576198221
2018-10-08,5774.648867220524
2018-10-09,6402.002883045407
2018-10-10,6339.780197240334
2018-10-11,5944.51555627441
2018-10-12,5359.268466222931
2018-10-13,3554.7504617074655
2018-10-14,3849.7726241209098
2018-10-15,6531.473463547254
2018-10-16,7247.147899787196
2018-10-17,7256.233181706629
2018-10-18,6915.82904306784
2018-10-19,6369.217521461803
2018-10-20,4584.02255860476
2018-10-21,4889.6454404553515
2018-10-22,7574.719345057126
2018-10-23,8273.97957705459
2018-10-24,8251.777657822468
2018-10-25,7867.499882401572
2018-10-26,7266.171565564182
2018-10-27,5413.626425450914
2018-10-28,5650.914918563049
2018-10-29,8268.97797251821
2018-10-30,8890.55833328444
2018-10-31,8785.249602363638
2018-11-01,8314.826269240908
2018-11-02,7625.95096811064
2018-11-03,5682.376809912907
2018-11-04,5836.35532696129
2018-11-05,8380.55855661442
2018-11-06,8925.061991023862
2018-11-07,8743.9592575412
2018-11-08,8200.633458369988
2018-11-09,7442.595415614549
2018-11-10,5430.744198222017
2018-11-11,5527.796453392895
2018-11-12,8027.474570900031
2018-11-13,8526.574515397268
2018-11-14,8303.154762748803
2018-11-15,7721.752861972365
2018-11-16,6930.354039138072
2018-11-17,4886.705071445433
2018-11-18,4963.756422595242
2018-11-19,7456.104788916943
2018-11-20,7947.131728097126
2018-11-21,7718.751187331193
2018-11-22,7136.554903175453
2018-11-23,6348.895132625177
2018-11-24,4310.236649783236
2018-11-25,4403.5982711249035
2018-11-26,6924.238901093467
2018-11-27,7441.859218652086
2018-11-28,7241.9036808204755
2018-11-29,6690.6345927799575
2018-11-30,5936.332908290426
2018-12-01,3929.696389022882
2018-12-02,4063.2924717901324
2018-12-03,6632.503322339489
2018-12-04,7192.809132019606
2018-12-05,7032.6655380176035
2018-12-06,6518.528920758708
2018-12-07,5798.198580432537
2018-12-08,3818.28418758933
2018-12-09,3980.6919851883804
2018-12-10,6580.848755832723
2018-12-11,7160.083633432821
2018-12-12,7010.094006787463
2018-12-13,6497.930539975787
2018-12-14,5771.484052730067
2018-12-15,3774.0199846940645
2018-12-16,3917.6897923375413
2018-12-17,6499.019764206061
2018-12-18,7046.371496719406
2018-12-19,6855.970987834308
2018-12-20,6296.823187220335
2018-12-21,5518.3092156701805
2018-12-22,3461.750203346814
2018-12-23,3550.90400723895
2018-12-24,6084.6779198394215
2018-12-25,6579.627008284178
2018-12-26,6337.507027900617
2018-12-27,5730.0818420926435
2018-12-28,4908.798272510472
2018-12-29,2813.3517183579606
2018-12-30,2879.1467630849365
2018-12-31,5407.219400112178
2019-01-01,5901.766621562827
2019-01-02,5669.22479646499
2019-01-03,5082.980125518116
2019-01-04,4295.139822460034
2019-01-05,2242.1265098659555
2019-01-06,2369.1375116049653
2019-01-07,4977.31845345217
2019-01-08,5556.372051781292
2019-01-09,5415.214823969387
2019-01-10,4926.647011884007
2019-01-11,4241.27860333745
2019-01-12,2290.211498166789
2019-01-13,2526.555320278395
2019-01-14,5249.907415071836
2019-01-15,5934.09143654052
2019-01-16,5889.437042437938
2019-01-17,5487.4466050826995
2019-01-18,4876.904847480556
2019-01-19,2983.6680161072395
2019-01-20,3269.2451657063125
2019-01-21,6032.58275294243
2019-01-22,6732.920290596732
2019-01-23,6683.669491362394
2019-01-24,6257.043856102661
2019-01-25,5602.3083689832365
2019-01-26,3642.623484983694
2019-01-27,3850.6323250895716
2019-01-28,6527.484424003766
2019-01-29,7120.7388051302105
2019-01-30,6949.770538802545
2019-01-31,6390.290692694255
2019-02-01,5594.665034630463
2019-02-02,3485.7451758639036
2019-02-03,3549.399267634569
2019-02-04,6090.719477063452
2019-02-05,6546.925599378962
2019-02-06,6244.262028401579
2019-02-07,5562.38202777897
2019-02-08,4656.72114802674
2019-02-09,2449.3134499290013
2019-02-10,2438.2759817696365
2019-02-11,4931.222415464535
2019-02-12,5353.201242649556
2019-02-13,5035.127957018834
2019-02-14,4358.088036640301
2019-02-15,3477.827623278248
2019-02-16,1312.623867963337
2019-02-17,1369.7968751085787
2019-02-18,3956.405845459449
2019-02-19,4482.298799468562
2019-02-20,4280.1554280099635
2019-02-21,3729.7807083362704
2019-02-22,2984.7792836604203
2019-02-23,957.5390843321238
2019-02-24,1162.8210107545592
2019-02-25,3905.777624412588
2019-02-26,4580.143148045012
2019-02-27,4519.903698318202
2019-02-28,4103.585809396665
2019-03-01,3483.1062944387336
2019-03-02,1565.8487327010614
2019-03-03,1875.2989361033235
2019-03-04,4716.343660569392
2019-03-05,5468.549054042107
2019-03-06,5469.398675124217
2019-03-07,5098.511313285112
2019-03-08,4508.59662597597
2019-03-09,2604.5527215541274
2019-03-10,2921.075659956188
2019-03-11,5765.168532082971
2019-03-12,6504.442808960605
2019-03-13,6481.8645868066205
2019-03-14,6079.849831024114
2019-03-15,5453.283070623084
2019-03-16,3505.6037062197897
2019-03-17,3783.368405006049
2019-03-18,6595.961186212829
2019-03-19,7298.920282764722
2019-03-20,7240.20703432217
2019-03-21,6804.204270762259
2019-03-22,6146.834219476588
2019-03-23,4168.67896674344
2019-03-24,4426.549002177559
2019-03-25,7230.453711544155
2019-03-26,7922.017431203737
2019-03-27,7852.336952001968
2019-03-28,7405.949220600779
2019-03-29,6738.112778298323
2019-03-30,4745.022813376053
2019-03-31,4992.440505555432
2019-04-01,7789.971056169265
2019-04-02,8464.607037621106
2019-04-03,8370.202346881217
2019-04-04,7891.425875668608
2019-04-05,7183.21135886859
2019-04-06,5138.059897808406
2019-04-07,5331.7111289508675
2019-04-08,8074.698468526352
2019-04-09,8680.978947623867
2019-04-10,8508.973509799469
2019-04-11,7945.448732910056
2019-04-12,7147.071096016681
2019-04-13,5004.728847492452
2019-04-14,5106.174821145627
2019-04-15,7764.788834955514
2019-04-16,8283.22625442029
2019-04-17,8025.9613190704185
2019-04-18,7383.040071189586
2019-04-19,6513.690521808707
2019-04-20,4307.625294236806
2019-04-21,4364.628811791145
2019-04-22,7000.511888202179
2019-04-23,7505.77703246347
2019-04-24,7249.676074619917
2019-04-25,6623.858717743951
2019-04-26,5788.075659997991
2019-04-27,3628.510823475555
2019-04-28,3754.3722275958316
2019-04-29,6481.107013393997
2019-04-30,7084.158798993248
2019-05-01,6934.619887184941
2019-05-02,6422.858427835274
2019-05-03,5706.397810434635
2019-05-04,3665.3597004187654
2019-05-05,3916.1353378569916
2019-05-06,6771.9309605630115
2019-05-07,7491.67827510306
2019-05-08,7447.331514601795
2019-05-09,7027.511074711636
2019-05-10,6387.583361434872
2019-05-11,4402.224245216599
2019-05-12,4696.1653304780075
2019-05-13,7582.049192757014
2019-05-14,8304.457614615634
2019-05-15,8238.804166180214
2019-05-16,7774.932204888347
2019-05-17,7069.321856697256
2019-05-18,4994.6912582276145
2019-05-19,5187.728047092131
2019-05-20,7964.159953503073
2019-05-21,8557.804199863845
2019-05-22,8350.95951453365
2019-05-23,7737.865582090877
2019-05-24,6878.950021159877
2019-05-25,4647.388516726689
2019-05-26,4693.753125870792
2019-05-27,7338.242290917271
2019-05-28,7804.709590790997
2019-05-29,7482.52876540661
2019-05-30,6769.904433080829
2019-05-31,5830.16552575624
2019-06-01,3535.307361912151
2019-06-02,3547.5958927414586
2019-06-03,6189.011372474604
2019-06-04,6670.324419144111
2019-06-05,6384.513952754714
2019-06-06,5730.018911384615
2019-06-07,4869.17530382048
2019-06-08,2668.842194176795
2019-06-09,2799.0659082091283
2019-06-10,5579.840597757509
2019-06-11,6205.331243889738
2019-06-12,6068.937804961341
2019-06-13,5566.572323643919
2019-06-14,4857.3127551407815
2019-06-15,2801.172761147294
2019-06-16,3074.8708473078173
2019-06-17,5995.936608516728
2019-06-18,6742.0924632834785
2019-06-19,6707.958457936497
2019-06-20,6288.332001623418
2019-06-21,5641.019108474437
2019-06-22,3621.6931108274966
2019-06-23,3916.699811220732
2019-06-24,6844.428357076588
2019-06-25,7569.760750162905
2019-06-26,7492.3189519237885
2019-06-27,7009.6442055713505
2019-06-28,6282.100809263497
2019-06-29,4164.719919429204
2019-06-30,4356.9408087791735
2019-07-01,7181.153140264342
2019-07-02,7792.130271617004
2019-07-03,7596.746245287571
2019-07-04,6996.995835270924
2019-07-05,6156.927154899712
2019-07-06,3931.4432080325305
2019-07-07,4032.968995851145
2019-07-08,6787.17227160563
2019-07-09,7337.404829109131
2019-07-10,7095.929964760406
2019-07-11,6466.839067980443
2019-07-12,5615.082521856051
2019-07-13,3392.3101273526804
2019-07-14,3520.554553885099
2019-07-15,6325.227882159483
2019-07-16,6934.672250863177
2019-07-17,6763.000374959867
2019-07-18,6213.009586596334
2019-07-19,5447.407420639082
2019-07-20,3311.780081775803
2019-07-21,3535.3716848502504
2019-07-22,6441.4240822039355
2019-07-23,7141.890527610329
2019-07-24,7051.927575904892
2019-07-25,6572.828500918669
2019-07-26,5865.448491893123
2019-07-27,3770.288964966336
2019-07-28,4025.343627956591
2019-07-29,6953.7366886861955
2019-07-30,7653.539970268028
2019-07-31,7543.843650397718
2019-08-02,6267.284096993208
2019-08-03,4101.740077984895
2019-08-04,4281.24868507731
2019-08-05,7132.234310268412
2019-08-06,7742.112038845594
2019-08-07,7536.843389879261
2019-08-08,6923.655624437185
2019-08-09,6068.606481467778
2019-08-10,3810.640988864273
2019-08-11,3913.3197757164967
2019-08-12,6706.81750274393
2019-08-13,7267.7318573731545
2019-08-14,7028.124518770835
2019-08-15,6398.10769988635
2019-08-16,5545.474668613974
2019-08-17,3306.7606895001204
2019-08-18,3455.951738208009
2019-08-19,6323.7226593289915
2019-08-20,6972.3204343479265
2019-08-21,6836.185172341683
2019-08-22,6324.504160680395
2019-08-23,5603.011178212888
2019-08-24,3502.154495374379
2019-08-25,3802.886036626416
2019-08-26,6833.233711882543
2019-08-27,7638.34524641798
2019-08-28,7652.7650016289335
2019-08-29,7283.018818734059
2019-08-30,6691.631201117662
2019-08-31,4702.433947102111
2019-09-01,5103.452962195317
2019-09-02,8220.815171018477
2019-09-03,9083.936555244278
2019-09-04,9129.422176316744
2019-09-05,8763.633833535747
2019-09-06,8148.8631183967045
2019-09-07,6105.706366006071
2019-09-08,6432.964508116205
2019-09-09,9458.791946477882
2019-09-10,10200.9306528087
2019-09-11,10102.13233306025
2019-09-12,9572.607594441133
2019-09-13,8778.255974299624
2019-09-14,6540.013285555823
2019-09-15,6670.677966182152
2019-09-16,9503.2249363484
2019-09-17,10046.020257690801
2019-09-18,9749.712992484549
2019-09-19,9029.527704004331
2019-09-20,8055.52837551176
2019-09-21,5648.930564350381
2019-09-22,5635.862151632995
2019-09-23,8352.86515405766
2019-09-24,8797.128163811623
2019-09-25,8424.898190997257
2019-09-26,7653.678340393493
2019-09-27,6654.597223527504
2019-09-28,4245.7652605142885
2019-09-29,4263.054711695789
2019-09-30,7042.877568048527
2019-10-01,7567.52479571312
2019-10-02,7295.185766647725
2019-10-03,6642.135065124665
2019-10-04,5777.285608284812
2019-10-05,3512.659687628212
2019-10-06,3691.249614236851
2019-10-07,6647.122411235462
2019-10-08,7345.904950118886
2019-10-09,7246.437733558517
2019-10-10,6762.964938220907
2019-10-11,6061.872712045998
2019-10-12,3949.2641489477955
2019-10-13,4275.878155597223
2019-10-14,7374.48795511855
2019-10-15,8195.489774322537
2019-10-16,8200.140756227565
2019-10-17,7802.6957745675945
2019-10-18,7169.269960610049
2019-10-19,5102.454006105878
2019-10-20,5463.226824622737
2019-10-21,8585.584410117557
2019-10-22,9407.171288267627
2019-10-23,9394.045998682846
2019-10-24,8962.713723086745
2019-10-25,8281.068842402927
2019-10-26,6150.014039166289
2019-10-27,6442.338541714428
2019-10-28,9494.557814267086
2019-10-29,10232.577030494618
2019-10-30,10127.981987272773
2019-10-31,9599.973577902945
2019-11-01,8818.40391212832
2019-11-02,6582.419379088033
2019-11-03,6776.330221170381
2019-11-04,9738.691214946097
2019-11-05,10383.030477725171
2019-11-06,10185.700970713913
2019-11-07,9567.752518187588
2019-11-08,8700.096475565477
2019-11-09,6379.20584819526
2019-11-10,6500.0063488558435
2019-11-11,9402.224385203608
2019-11-12,9986.202960409362
2019-11-13,9732.330455983865
2019-11-14,9062.861512859432
2019-11-15,8149.216102612308
2019-11-16,5784.737224289336
2019-11-17,5874.598967018576
2019-11-18,8759.412843835922
2019-11-19,9326.118027509661
2019-11-20,9058.97167286629
2019-11-21,8381.30085750733
2019-11-22,7464.917176009078
2019-11-23,5099.913067668559
2019-11-24,5201.568868853599
2019-11-25,8111.201357791348
2019-11-26,8702.114931312502
2019-11-27,8462.143555372744
2019-11-28,7815.3279302062
2019-11-29,6933.444270125837
2019-11-30,4602.842655897567
2019-12-01,4748.361235837845
2019-12-02,7711.429738307751
2019-12-03,8351.098578393214
2019-12-04,8158.153105680833
2019-12-05,7556.739622410256
2019-12-06,6718.03407199474
2019-12-07,4424.149254031054
2019-12-08,4609.083067203792
2019-12-09,7614.102834260123
2019-12-10,8283.876028743402
2019-12-11,8112.177285633325
2019-12-12,7523.479520220714
2019-12-13,6688.773676221241
2019-12-14,4386.550127072501
2019-12-15,4560.77990545036
2019-12-16,7553.572058709237
2019-12-17,8196.391360084775
2019-12-18,7987.336698926903
2019-12-19,7352.669511566832
2019-12-20,6464.750968256118
2019-12-21,4100.058901382972
2019-12-22,4214.159316709263
2019-12-23,7151.591195279696
2019-12-24,7732.124032307979
2019-12-25,7459.560286306006
2019-12-26,6763.155104865995
2019-12-27,5817.6277192943335
2019-12-28,3398.1749037056557
2019-12-29,3472.399376644323
2019-12-30,6387.3955071309865
2019-12-31,6951.028065027272
2020-01-01,6672.248909277608
2020-01-02,5982.407617901757
2020-01-03,5057.346495948234
2020-01-04,2669.429852126328
2020-01-05,2796.458249889485
2020-01-06,5785.99324651921
2020-01-07,6431.703863810278
2020-01-08,6245.251345087638
2020-01-09,5657.5505350698795
2020-01-10,4843.012846597653
2020-01-11,2568.658511624623
2020-01-12,2820.0848362104525
2020-01-13,5943.097234937147
2020-01-14,6715.187882216337
2020-01-15,6649.048319707703
2020-01-16,6173.834902640827
2020-01-17,5461.604933960782
2020-01-18,3273.5475415196634
2020-01-19,3603.0308228088547
2020-01-20,6794.552365049715
2020-01-21,7610.350952751093
2020-01-22,7565.535302238386
2020-01-23,7089.329315899985
2020-01-24,6353.665005899131
2020-01-25,4116.484262359034
2020-01-26,4381.806886803779
2020-01-27,7495.933726165191
2020-01-28,8209.117357423698
2020-01-29,8042.227551160931
2020-01-30,7427.893679155013
2020-01-31,6541.170697740862
2020-02-01,4139.829240752209
2020-02-02,4241.365374018548
2020-02-03,7196.3827411266775
2020-02-04,7745.256226914425
2020-02-05,7416.277604887807
2020-02-06,6646.64961457907
2020-02-07,5615.191900147867
2020-02-08,3079.599692072579
2020-02-09,3070.3895436645735
2020-02-10,5941.468995231417
2020-02-11,6421.815826099532
2020-02-12,6045.140067549636
2020-02-13,5250.778594535052
2020-02-14,4218.501264911687
2020-02-15,1702.8082528056907
2020-02-16,1743.8897869739121
2020-02-17,4695.467222371021
2020-02-18,5271.575382384906
2020-02-19,5007.829688699293
2020-02-20,4342.308865771182
2020-02-21,3452.545351094339
2020-02-22,1086.9395426296337
2020-02-23,1292.8038730785017
2020-02-24,4421.5357948941255
2020-02-25,5170.552265120041
2020-02-26,5076.198287426739
2020-02-27,4574.640322389285
2020-02-28,3841.049301358863
2020-02-29,1618.1257045157363
2020-03-01,1961.2077238653965
2020-03-02,5220.742403591869
2020-03-03,6079.326033857763
2020-03-04,6076.196783681452
2020-03-05,5648.072108601955
2020-03-06,4970.45023721046
2020-03-07,2783.1666977067366
2020-03-08,3152.4842518990545
2020-03-09,6430.779329910372
2020-03-10,7288.607328641729
2020-03-11,7270.702524575843
2020-03-12,6816.689068367177
2020-03-13,6104.438944644939
2020-03-14,3872.6081161873526
2020-03-15,4199.668017894815
2020-03-16,7440.77979800595
2020-03-17,8254.87047902477
2020-03-18,8192.13987466979
2020-03-19,7694.65857064852
2020-03-20,6941.808932509609
2020-03-21,4669.839723297916
2020-03-22,4967.889032793882
2020-03-23,8192.105627100158
2020-03-24,8987.802825116456
2020-03-25,8908.54472047463
2020-03-26,8396.706629050736
2020-03-27,7631.075439911544
2020-03-28,5343.497424476022
2020-03-29,5631.963395865038
2020-03-30,8852.041809206066
2020-03-31,9634.166797221094
2020-04-01,9534.350142419338
2020-04-02,8994.739139774148
2020-04-03,8193.398591653298
2020-04-04,5858.06069526766
2020-04-05,6096.267547133862
2020-04-06,9264.097401761936
2020-04-07,9978.555052968994
2020-04-08,9799.865418883677
2020-04-09,9171.973639971837
2020-04-10,8274.444127195069
2020-04-11,5833.240459625098
2020-04-12,5967.847868373671
2020-04-13,9037.212352537546
2020-04-14,9647.152644695137
2020-04-15,9364.156700139909
2020-04-16,8635.749852623036
2020-04-17,7644.443635603955
2020-04-18,5115.487491400406
2020-04-19,5180.924051457746
2020-04-20,8202.706565953915
2020-04-21,8775.111811919987
2020-04-22,8470.033607086865
2020-04-23,7737.2283334075055
2020-04-24,6760.33800964575
2020-04-25,4261.652983807341
2020-04-26,4383.1529567002735
2020-04-27,7486.868107629474
2020-04-28,8152.369037605337
2020-04-29,7953.642044984659
2020-04-30,7339.303051878842
2020-05-01,6490.789697175702
2020-05-02,4124.230808394775
2020-05-03,4388.567218589266
2020-05-04,7643.246133152866
2020-05-05,8450.870483690222
2020-05-06,8385.728680840726
2020-05-07,7894.037754255503
2020-05-08,7154.3514432193415
2020-05-09,4876.5680357907495
2020-05-10,5217.146044462959
2020-05-11,8534.129683248617
2020-05-12,9374.93811464073
2020-05-13,9316.513078076794
2020-05-14,8805.538350704046
2020-05-15,8020.995915769695
2020-05-16,5670.230926360743
2020-05-17,5921.169774006632
2020-05-18,9134.575426117595
2020-05-19,9846.869243884186
2020-05-20,9641.786002179771
2020-05-21,8970.459052938442
2020-05-22,8016.016879320075
2020-05-23,5486.603425512745
2020-05-24,5564.505601100963
2020-05-25,8615.556970281103
2020-05-26,9166.92443050302
2020-05-27,8810.218696858265
2020-05-28,8001.410584286507
2020-05-29,6927.451797252369
2020-05-30,4296.253493970334
2020-05-31,4302.745175195886
2020-06-01,7315.467286177395
2020-06-02,7849.380943139763
2020-06-03,7500.508213882358
2020-06-04,6725.768058812771
2020-06-05,5711.721763633518
2020-06-06,3161.619331994723
2020-06-07,3278.505590644949
2020-06-08,6429.120639835309
2020-06-09,7111.851432766528
2020-06-10,6923.017283609842
2020-06-11,6316.7343617769875
2020-06-12,5475.885131807855
2020-06-13,3096.319668406706
2020-06-14,3387.0813923501455
2020-06-15,6711.671093650394
2020-06-16,7551.177843718097
2020-06-17,7502.227912375396
2020-06-18,7016.8761760742445
2020-06-19,6275.778129598408
2020-06-20,3969.5054642061773
2020-06-21,4315.832656047674
2020-06-22,7678.289272944888
2020-06-23,8524.380485860853
2020-06-24,8455.097686079374
2020-06-25,7924.7259255445415
2020-06-26,7116.10150369708
2020-06-27,4718.921926143916
2020-06-28,4963.973886828742
2020-06-29,8218.858121453846
2020-06-30,8941.190697676646
2020-07-01,8739.576429315497
2020-07-02,8073.246087647704
2020-07-03,7129.328315317557
2020-07-04,4598.09968203205
2020-07-05,4724.118219072113
2020-07-06,7879.104381711065
2020-07-07,8510.126503938181
2020-07-08,8232.06008409321
2020-07-09,7507.0968459803735
2020-07-10,6524.090847386812
2020-07-11,3970.82457770541
2020-07-12,4102.137906962574
2020-07-13,7290.066389653255
2020-07-14,7967.120623574973
2020-07-15,7750.346555998332
2020-07-16,7100.823706672746
2020-07-17,6205.201643612322
2020-07-18,3745.09388856785
2020-07-19,3982.3065007233945
2020-07-20,7286.327472328093
2020-07-21,8072.780646286263
2020-07-22,7959.152346487312
2020-07-23,7404.326894148004
2020-07-24,6592.343073520537
2020-07-25,4198.926144285785
2020-07-26,4493.806764392049
2020-07-27,7845.532867809744
2020-07-28,8655.051039605381
2020-07-29,8543.03521925957
2020-07-30,7969.379931452583
2020-07-31,7119.084086201272
2020-08-01,4665.817982517478
2020-08-02,4891.22190235344
2020-08-03,8166.925367556507
2020-08-04,8883.13967387322
2020-08-05,8667.474443822493
2020-08-06,7984.279633418515
2020-08-07,7022.5560731706155
2020-08-08,4456.4680386808595
2020-08-09,4581.5457710050205
2020-08-10,7773.852174384595
2020-08-11,8413.5440616752
2020-08-12,8135.152795850508
2020-08-13,7406.770673711566
2020-08-14,6420.003307067409
2020-08-15,3847.4619530744785
2020-08-16,3995.922313740105
