time,google.accounts:num_1day_logins ,google.accounts:num_7day_logins,google.accounts:num_30day_logins
2015-03-23T00:00:00.000-0400,16814,21763,24022
2015-03-24T00:00:00.000-0400,16591,21666,24069
2015-03-25T00:00:00.000-0400,16502,21530,24086
2015-03-26T00:00:00.000-0400,16899,21559,24121
2015-03-27T00:00:00.000-0400,15964,21636,24125
2015-03-28T00:00:00.000-0400,13748,21637,24128
2015-03-29T00:00:00.000-0400,14600,21588,24076
2015-03-30T00:00:00.000-0400,17043,21651,24115
2015-03-31T00:00:00.000-0400,16782,21713,24130
2015-04-01T00:00:00.000-0400,16497,21675,24136
2015-04-02T00:00:00.000-0400,16056,21470,24128
2015-04-03T00:00:00.000-0400,13855,21195,24109
2015-04-04T00:00:00.000-0400,13351,21187,24097
2015-04-05T00:00:00.000-0400,14102,21147,24080
2015-04-06T00:00:00.000-0400,16583,21102,24148
2015-04-07T00:00:00.000-0400,17657,21296,24259
2015-04-08T00:00:00.000-0400,16459,21114,24258
2015-04-09T00:00:00.000-0400,16990,21396,24307
2015-04-10T00:00:00.000-0400,15945,21657,24332
2015-04-11T00:00:00.000-0400,13499,21704,24330
2015-04-12T00:00:00.000-0400,14584,21774,24354
2015-04-13T00:00:00.000-0400,17156,21983,24430
2015-04-14T00:00:00.000-0400,16822,22069,24498
2015-04-15T00:00:00.000-0400,16621,22130,24530
2015-04-16T00:00:00.000-0400,16268,21957,24553
2015-04-17T00:00:00.000-0400,15256,21827,24538
2015-04-18T00:00:00.000-0400,13375,21808,24500
2015-04-19T00:00:00.000-0400,14492,21814,24511
2015-04-20T00:00:00.000-0400,17186,21836,24561
2015-04-21T00:00:00.000-0400,17173,21972,24610
2015-04-22T00:00:00.000-0400,16710,21996,24629
2015-04-23T00:00:00.000-0400,16331,22058,24638
2015-04-24T00:00:00.000-0400,15096,22017,24615
2015-04-25T00:00:00.000-0400,13352,22019,24595
2015-04-26T00:00:00.000-0400,14285,22015,24584
2015-04-27T00:00:00.000-0400,16644,21951,24664
2015-04-28T00:00:00.000-0400,16124,21755,24733
2015-04-29T00:00:00.000-0400,15835,21658,24780
2015-04-30T00:00:00.000-0400,15784,21611,24846
2015-05-01T00:00:00.000-0400,15034,21669,24891
2015-05-02T00:00:00.000-0400,12896,21642,24885
2015-05-03T00:00:00.000-0400,13648,21626,24920
2015-05-04T00:00:00.000-0400,15787,21498,25018
2015-05-05T00:00:00.000-0400,15231,21425,25072
2015-05-06T00:00:00.000-0400,14990,21300,25146
2015-05-07T00:00:00.000-0400,14302,21117,25180
2015-05-08T00:00:00.000-0400,13502,20830,25166
2015-05-09T00:00:00.000-0400,11850,20739,25148
2015-05-10T00:00:00.000-0400,12068,20520,25135
2015-05-11T00:00:00.000-0400,14122,20202,25197
2015-05-12T00:00:00.000-0400,13910,19973,25245
2015-05-13T00:00:00.000-0400,13848,19747,25285
2015-05-14T00:00:00.000-0400,13796,19717,25327
2015-05-15T00:00:00.000-0400,13114,19669,25341
2015-05-16T00:00:00.000-0400,11519,19653,25313
2015-05-17T00:00:00.000-0400,11877,19674,25316
2015-05-18T00:00:00.000-0400,13902,19659,25391
2015-05-19T00:00:00.000-0400,13549,19609,25452
2015-05-20T00:00:00.000-0400,13380,19517,25423
2015-05-21T00:00:00.000-0400,13208,19420,25367
2015-05-22T00:00:00.000-0400,12601,19357,25299
2015-05-23T00:00:00.000-0400,10979,19262,25236
2015-05-24T00:00:00.000-0400,10965,19108,25208
2015-05-25T00:00:00.000-0400,11691,18786,25212
2015-05-26T00:00:00.000-0400,13563,18850,25245
2015-05-27T00:00:00.000-0400,13262,18885,25187
2015-05-28T00:00:00.000-0400,13028,18800,25166
2015-05-29T00:00:00.000-0400,12543,18831,25119
2015-05-30T00:00:00.000-0400,11030,18877,25023
2015-05-31T00:00:00.000-0400,11387,19050,24965
2015-06-01T00:00:00.000-0400,13264,19290,24994
2015-06-02T00:00:00.000-0400,13132,19180,24979
2015-06-03T00:00:00.000-0400,12868,19093,24850
2015-06-04T00:00:00.000-0400,12690,19043,24723
2015-06-05T00:00:00.000-0400,12235,18974,24582
2015-06-06T00:00:00.000-0400,10663,18845,24465
2015-06-07T00:00:00.000-0400,10947,18747,24411
2015-06-08T00:00:00.000-0400,12920,18686,24461
2015-06-09T00:00:00.000-0400,12730,18618,24506
2015-06-10T00:00:00.000-0400,12675,18603,24458
2015-06-11T00:00:00.000-0400,12496,18579,24415
2015-06-12T00:00:00.000-0400,11963,18574,24353
2015-06-13T00:00:00.000-0400,10500,18599,24255
2015-06-14T00:00:00.000-0400,10972,18667,24205
2015-06-15T00:00:00.000-0400,12793,18692,24303
2015-06-16T00:00:00.000-0400,12645,18753,24352
2015-06-17T00:00:00.000-0400,12616,18820,24350
2015-06-18T00:00:00.000-0400,12266,18824,24363
2015-06-19T00:00:00.000-0400,11609,18802,24310
2015-06-20T00:00:00.000-0400,9979,18800,24214
2015-06-21T00:00:00.000-0400,10273,18748,24217
2015-06-22T00:00:00.000-0400,12184,18739,24286
2015-06-23T00:00:00.000-0400,12074,18707,24419
2015-06-24T00:00:00.000-0400,12016,18578,24468
2015-06-25T00:00:00.000-0400,11677,18305,24423
2015-06-26T00:00:00.000-0400,11146,18233,24393
2015-06-27T00:00:00.000-0400,9801,18216,24332
2015-06-28T00:00:00.000-0400,10042,18182,24272
2015-06-29T00:00:00.000-0400,11961,18139,24322
2015-06-30T00:00:00.000-0400,11810,18077,24335
2015-07-01T00:00:00.000-0400,11707,18009,24332
2015-07-02T00:00:00.000-0400,11324,17939,24305
2015-07-03T00:00:00.000-0400,9808,17793,24243
2015-07-04T00:00:00.000-0400,8976,17708,24162
2015-07-05T00:00:00.000-0400,9804,17719,24128
2015-07-06T00:00:00.000-0400,12169,17997,24286
2015-07-07T00:00:00.000-0400,12188,18244,24410
2015-07-08T00:00:00.000-0400,11927,18395,24441
2015-07-09T00:00:00.000-0400,11687,18483,24450
2015-07-10T00:00:00.000-0400,11068,18606,24418
2015-07-11T00:00:00.000-0400,9466,18722,24350
2015-07-12T00:00:00.000-0400,9813,18774,24323
2015-07-13T00:00:00.000-0400,11922,18676,24434
2015-07-14T00:00:00.000-0400,11710,18463,24448
2015-07-15T00:00:00.000-0400,11832,18478,24442
2015-07-16T00:00:00.000-0400,11526,18403,24426
2015-07-17T00:00:00.000-0400,11095,18393,24328
2015-07-18T00:00:00.000-0400,9315,18327,24103
2015-07-19T00:00:00.000-0400,13340,19166,24255
2015-07-20T00:00:00.000-0400,11880,18486,24199
2015-07-21T00:00:00.000-0400,11551,18468,24247
2015-07-22T00:00:00.000-0400,11807,18486,24265
2015-07-23T00:00:00.000-0400,11369,18459,24266
2015-07-24T00:00:00.000-0400,10765,18467,24243
2015-07-25T00:00:00.000-0400,9108,18439,24197
2015-07-26T00:00:00.000-0400,9401,18330,24161
2015-07-27T00:00:00.000-0400,11600,18361,24278
2015-07-28T00:00:00.000-0400,11600,18496,24396
2015-07-29T00:00:00.000-0400,11372,18519,24446
2015-07-30T00:00:00.000-0400,11419,18517,24480
2015-07-31T00:00:00.000-0400,10837,18531,24474
2015-08-01T00:00:00.000-0400,9083,18525,24447
2015-08-02T00:00:00.000-0400,9309,18543,24453
2015-08-03T00:00:00.000-0400,11711,18660,24566
2015-08-04T00:00:00.000-0400,11453,18668,24687
2015-08-05T00:00:00.000-0400,11419,18705,24692
2015-08-06T00:00:00.000-0400,11317,18663,24704
2015-08-07T00:00:00.000-0400,10969,18659,24739
2015-08-08T00:00:00.000-0400,9292,18733,24691
2015-08-09T00:00:00.000-0400,9858,18932,24735
2015-08-10T00:00:00.000-0400,12397,19222,24943
2015-08-11T00:00:00.000-0400,12409,19603,25098
2015-08-12T00:00:00.000-0400,12362,19941,25207
2015-08-13T00:00:00.000-0400,12602,20270,25339
2015-08-14T00:00:00.000-0400,12271,20595,25469
2015-08-15T00:00:00.000-0400,10516,20809,25493
2015-08-16T00:00:00.000-0400,12369,21355,25663
2015-08-17T00:00:00.000-0400,15296,22081,25994
2015-08-18T00:00:00.000-0400,14805,22491,26216
2015-08-19T00:00:00.000-0400,14363,22750,26302
2015-08-20T00:00:00.000-0400,13750,22814,26365
2015-08-21T00:00:00.000-0400,12574,22720,26353
2015-08-22T00:00:00.000-0400,10060,22614,26306
2015-08-23T00:00:00.000-0400,11422,22333,26295
2015-08-24T00:00:00.000-0400,14196,22075,26421
2015-08-25T00:00:00.000-0400,14007,21863,26493
2015-08-26T00:00:00.000-0400,14591,21884,26553
2015-08-27T00:00:00.000-0400,13399,21644,26532
2015-08-28T00:00:00.000-0400,12226,21567,26545
2015-08-29T00:00:00.000-0400,9844,21534,26502
2015-08-30T00:00:00.000-0400,11091,21490,26482
2015-08-31T00:00:00.000-0400,14285,21532,26559
2015-09-01T00:00:00.000-0400,13975,21626,26628
2015-09-02T00:00:00.000-0400,14099,21718,26638
2015-09-03T00:00:00.000-0400,13902,21904,26685
2015-09-04T00:00:00.000-0400,12940,22016,26690
2015-09-05T00:00:00.000-0400,10637,22113,26680
2015-09-06T00:00:00.000-0400,11037,22017,26659
2015-09-07T00:00:00.000-0400,12400,21592,26662
2015-09-08T00:00:00.000-0400,15451,21704,26692
2015-09-09T00:00:00.000-0400,15308,21731,26691
2015-09-10T00:00:00.000-0400,14924,21823,26654
2015-09-11T00:00:00.000-0400,13676,21900,26612
2015-09-12T00:00:00.000-0400,11330,21916,26543
2015-09-13T00:00:00.000-0400,12536,22051,26489
2015-09-14T00:00:00.000-0400,15460,22380,26496
2015-09-15T00:00:00.000-0400,15181,22315,26459
2015-09-16T00:00:00.000-0400,15061,22241,26363
2015-09-17T00:00:00.000-0400,14618,22114,26252
2015-09-18T00:00:00.000-0400,13143,22030,26196
2015-09-19T00:00:00.000-0400,10718,22013,26073
2015-09-20T00:00:00.000-0400,12187,22034,26039
2015-09-21T00:00:00.000-0400,14768,21893,26063
2015-09-22T00:00:00.000-0400,14540,21778,26057
2015-09-23T00:00:00.000-0400,14385,21671,26032
2015-09-24T00:00:00.000-0400,14241,21326,26022
2015-09-25T00:00:00.000-0400,13169,21283,25973
2015-09-26T00:00:00.000-0400,10754,21294,25927
2015-09-27T00:00:00.000-0400,12196,21348,25887
2015-09-28T00:00:00.000-0400,14871,21395,25914
2015-09-29T00:00:00.000-0400,14718,21459,25912
2015-09-30T00:00:00.000-0400,14619,21507,25871
2015-10-01T00:00:00.000-0400,14271,21511,25841
2015-10-02T00:00:00.000-0400,12974,21455,25792
2015-10-03T00:00:00.000-0400,10928,21456,25723
2015-10-04T00:00:00.000-0400,12093,21461,25703
2015-10-05T00:00:00.000-0400,14941,21490,25741
2015-10-06T00:00:00.000-0400,14731,21503,25788
2015-10-07T00:00:00.000-0400,14475,21470,25797
2015-10-08T00:00:00.000-0400,14073,21472,25742
2015-10-09T00:00:00.000-0400,12568,21459,25690
2015-10-10T00:00:00.000-0400,10120,21393,25606
2015-10-11T00:00:00.000-0400,10515,21259,25568
2015-10-12T00:00:00.000-0400,12276,20879,25585
2015-10-13T00:00:00.000-0400,13225,20680,25604
2015-10-14T00:00:00.000-0400,15030,20935,25587
2015-10-15T00:00:00.000-0400,14329,21067,25560
2015-10-16T00:00:00.000-0400,12378,21132,25473
2015-10-17T00:00:00.000-0400,9247,21149,25106
2015-10-18T00:00:00.000-0400,10640,21328,25091
2015-10-19T00:00:00.000-0400,13826,21637,25154
2015-10-20T00:00:00.000-0400,13662,21719,25174
2015-10-21T00:00:00.000-0400,13431,21465,25183
2015-10-22T00:00:00.000-0400,12999,21134,25166
2015-10-23T00:00:00.000-0400,11387,20992,25161
2015-10-24T00:00:00.000-0400,8591,20913,25124
2015-10-25T00:00:00.000-0400,10203,20872,25124
2015-10-26T00:00:00.000-0400,13606,20841,25171
2015-10-27T00:00:00.000-0400,13461,20817,25182
2015-10-28T00:00:00.000-0400,13348,20835,25175
2015-10-29T00:00:00.000-0400,12882,20841,25167
2015-10-30T00:00:00.000-0400,11234,20828,25136
2015-10-31T00:00:00.000-0400,8156,20798,25096
2015-11-01T00:00:00.000-0400,10453,20839,25094
2015-11-02T00:00:00.000-0500,13827,20978,25162
2015-11-03T00:00:00.000-0500,13560,21033,25196
2015-11-04T00:00:00.000-0500,13241,20996,25213
2015-11-05T00:00:00.000-0500,12866,21033,25209
2015-11-06T00:00:00.000-0500,11372,21025,25190
2015-11-07T00:00:00.000-0500,8733,21085,25145
2015-11-08T00:00:00.000-0500,10222,21051,25134
2015-11-09T00:00:00.000-0500,13436,20980,25172
2015-11-10T00:00:00.000-0500,13304,20915,25223
2015-11-11T00:00:00.000-0500,12751,20827,25234
2015-11-12T00:00:00.000-0500,12770,20794,25218
2015-11-13T00:00:00.000-0500,11373,20766,25159
2015-11-14T00:00:00.000-0500,8558,20736,25061
2015-11-15T00:00:00.000-0500,10079,20720,25030
2015-11-16T00:00:00.000-0500,13644,20768,25065
2015-11-17T00:00:00.000-0500,13391,20815,25083
2015-11-18T00:00:00.000-0500,13088,20907,25068
2015-11-19T00:00:00.000-0500,12727,20927,25053
2015-11-20T00:00:00.000-0500,11328,20907,25026
2015-11-21T00:00:00.000-0500,8641,20949,24986
2015-11-22T00:00:00.000-0500,10116,20945,24959
2015-11-23T00:00:00.000-0500,13421,20964,25007
2015-11-24T00:00:00.000-0500,11983,20712,25034
2015-11-25T00:00:00.000-0500,9155,20198,24989
2015-11-26T00:00:00.000-0500,7164,19480,24945
2015-11-27T00:00:00.000-0500,8162,19119,24892
2015-11-28T00:00:00.000-0500,8384,19141,24863
2015-11-29T00:00:00.000-0500,10325,19388,24857
2015-11-30T00:00:00.000-0500,13891,19667,24960
2015-12-01T00:00:00.000-0500,12473,19792,24994
2015-12-02T00:00:00.000-0500,12262,20352,24994
2015-12-03T00:00:00.000-0500,11883,20860,24995
2015-12-04T00:00:00.000-0500,10944,21117,24990
2015-12-05T00:00:00.000-0500,8493,21084,24958
2015-12-06T00:00:00.000-0500,9248,20895,24938
2015-12-07T00:00:00.000-0500,11779,20329,25005
2015-12-08T00:00:00.000-0500,10997,19967,25030
2015-12-09T00:00:00.000-0500,10505,19577,25014
2015-12-10T00:00:00.000-0500,9948,19072,25010
2015-12-11T00:00:00.000-0500,9275,18708,24989
2015-12-12T00:00:00.000-0500,7146,18515,24941
2015-12-13T00:00:00.000-0500,7415,18147,24902
2015-12-14T00:00:00.000-0500,9619,17507,24944
2015-12-15T00:00:00.000-0500,9294,17057,24958
2015-12-16T00:00:00.000-0500,9149,16745,24924
2015-12-17T00:00:00.000-0500,8829,16491,24878
2015-12-18T00:00:00.000-0500,8327,16287,24829
2015-12-19T00:00:00.000-0500,6623,16158,24753
2015-12-20T00:00:00.000-0500,6712,16050,24715
2015-12-21T00:00:00.000-0500,8357,15760,24718
2015-12-22T00:00:00.000-0500,7957,15381,24667
2015-12-23T00:00:00.000-0500,7446,14930,24554
2015-12-24T00:00:00.000-0500,6241,14360,24463
2015-12-25T00:00:00.000-0500,6098,13844,24421
2015-12-26T00:00:00.000-0500,6345,13830,24425
2015-12-27T00:00:00.000-0500,6624,13899,24384
2015-12-28T00:00:00.000-0500,7558,13839,24370
2015-12-29T00:00:00.000-0500,7401,13765,24279
2015-12-30T00:00:00.000-0500,7216,13663,23985
2015-12-31T00:00:00.000-0500,6603,13867,23734
2016-01-01T00:00:00.000-0500,6602,14050,23495
2016-01-02T00:00:00.000-0500,6718,14170,23245
2016-01-03T00:00:00.000-0500,7405,14558,23093
2016-01-04T00:00:00.000-0500,10227,15985,23203
2016-01-05T00:00:00.000-0500,9803,16696,23217
2016-01-06T00:00:00.000-0500,9875,17236,23139
2016-01-07T00:00:00.000-0500,9838,17847,23135
2016-01-08T00:00:00.000-0500,9352,18242,23132
2016-01-09T00:00:00.000-0500,7723,18463,23126
2016-01-10T00:00:00.000-0500,9335,19010,23300
2016-01-11T00:00:00.000-0500,12643,19694,23755
2016-01-12T00:00:00.000-0500,12060,20070,24031
2016-01-13T00:00:00.000-0500,11682,20270,24151
2016-01-14T00:00:00.000-0500,11258,20307,24197
2016-01-15T00:00:00.000-0500,10183,20313,24231
2016-01-16T00:00:00.000-0500,7334,20147,24189
2016-01-17T00:00:00.000-0500,7751,19803,24173
2016-01-18T00:00:00.000-0500,9385,19256,24247
2016-01-19T00:00:00.000-0500,12140,19269,24360
2016-01-20T00:00:00.000-0500,11882,19333,24438
2016-01-21T00:00:00.000-0500,11356,19373,24492
2016-01-22T00:00:00.000-0500,8040,19131,24502
2016-01-23T00:00:00.000-0500,7156,19130,24511
2016-01-24T00:00:00.000-0500,8470,19259,24552
2016-01-25T00:00:00.000-0500,11246,19612,24671
2016-01-26T00:00:00.000-0500,11440,19562,24760
2016-01-27T00:00:00.000-0500,11347,19471,24819
2016-01-28T00:00:00.000-0500,13034,19445,24904
2016-01-29T00:00:00.000-0500,9494,19059,24855
2016-01-30T00:00:00.000-0500,7034,19041,24845
2016-01-31T00:00:00.000-0500,8560,19100,24873
2016-02-01T00:00:00.000-0500,11598,19082,24921
2016-02-02T00:00:00.000-0500,11268,19055,24940
2016-02-03T00:00:00.000-0500,11051,18976,24899
2016-02-04T00:00:00.000-0500,10892,18947,24867
2016-02-05T00:00:00.000-0500,9549,18915,24824
2016-02-06T00:00:00.000-0500,7060,18926,24754
2016-02-07T00:00:00.000-0500,7697,18784,24695
2016-02-08T00:00:00.000-0500,11481,18806,24678
2016-02-09T00:00:00.000-0500,11264,18856,24663
2016-02-10T00:00:00.000-0500,11033,18850,24589
2016-02-11T00:00:00.000-0500,10841,18850,24518
2016-02-12T00:00:00.000-0500,9469,18850,24462
2016-02-13T00:00:00.000-0500,6813,18825,24406
2016-02-14T00:00:00.000-0500,7972,18894,24325
2016-02-15T00:00:00.000-0500,9756,18797,24398
2016-02-16T00:00:00.000-0500,11617,18925,24440
2016-02-17T00:00:00.000-0500,11571,19152,24442
2016-02-18T00:00:00.000-0500,11229,19292,24395
2016-02-19T00:00:00.000-0500,9454,19244,24245
2016-02-20T00:00:00.000-0500,6830,19263,23734
2016-02-21T00:00:00.000-0500,8280,19357,23709
2016-02-22T00:00:00.000-0500,11665,19477,23773
2016-02-23T00:00:00.000-0500,11521,19514,23851
2016-02-24T00:00:00.000-0500,11144,19346,23849
2016-02-25T00:00:00.000-0500,10939,19252,23868
2016-02-26T00:00:00.000-0500,9486,19212,23836
2016-02-27T00:00:00.000-0500,6887,19177,23776
2016-02-28T00:00:00.000-0500,8285,19179,23759
2016-02-29T00:00:00.000-0500,12337,19357,23825
2016-03-01T00:00:00.000-0500,12498,19484,23869
2016-03-02T00:00:00.000-0500,12423,19545,23873
2016-03-03T00:00:00.000-0500,13344,19730,23901
2016-03-04T00:00:00.000-0500,10766,19485,23850
2016-03-05T00:00:00.000-0500,8108,19459,23800
2016-03-06T00:00:00.000-0500,8266,19265,23776
2016-03-07T00:00:00.000-0500,9898,18758,23806
2016-03-08T00:00:00.000-0500,9696,18133,23828
2016-03-09T00:00:00.000-0500,9941,17479,23825
2016-03-10T00:00:00.000-0500,9816,16665,23815
2016-03-11T00:00:00.000-0500,9469,16075,23784
2016-03-12T00:00:00.000-0500,8420,16216,23736
2016-03-13T00:00:00.000-0500,9917,16849,23716
2016-03-14T00:00:00.000-0400,13286,18175,23811
2016-03-15T00:00:00.000-0400,13008,18951,23878
2016-03-16T00:00:00.000-0400,12802,19438,23866
2016-03-17T00:00:00.000-0400,12423,19699,23853
2016-03-18T00:00:00.000-0400,11508,19934,23840
2016-03-19T00:00:00.000-0400,9526,20050,23792
2016-03-20T00:00:00.000-0400,10786,20090,23799
2016-03-21T00:00:00.000-0400,13501,19970,23869
2016-03-22T00:00:00.000-0400,13510,20000,23953
2016-03-23T00:00:00.000-0400,13240,19935,23965
2016-03-24T00:00:00.000-0400,12666,19881,23962
2016-03-25T00:00:00.000-0400,9998,19664,23933
2016-03-26T00:00:00.000-0400,9287,19623,23889
2016-03-27T00:00:00.000-0400,10484,19609,23893
2016-03-28T00:00:00.000-0400,13717,19756,23992
2016-03-29T00:00:00.000-0400,13656,19792,24061
2016-03-30T00:00:00.000-0400,13281,19844,24072
2016-03-31T00:00:00.000-0400,13186,19962,24110
2016-04-01T00:00:00.000-0400,11940,20143,24115
2016-04-02T00:00:00.000-0400,9761,20170,24107
2016-04-03T00:00:00.000-0400,11096,20265,24137
2016-04-04T00:00:00.000-0400,13978,20374,24222
2016-04-05T00:00:00.000-0400,13831,20397,24320
2016-04-06T00:00:00.000-0400,13610,20416,24381
2016-04-07T00:00:00.000-0400,13243,20371,24421
2016-04-08T00:00:00.000-0400,12035,20413,24433
2016-04-09T00:00:00.000-0400,9722,20386,24418
2016-04-10T00:00:00.000-0400,10992,20409,24445
2016-04-11T00:00:00.000-0400,14120,20421,24532
2016-04-12T00:00:00.000-0400,13922,20453,24598
2016-04-13T00:00:00.000-0400,13771,20515,24616
2016-04-14T00:00:00.000-0400,13285,20502,24627
2016-04-15T00:00:00.000-0400,12137,20505,24619
2016-04-16T00:00:00.000-0400,9700,20505,24571
2016-04-17T00:00:00.000-0400,11047,20532,24554
2016-04-18T00:00:00.000-0400,14280,20494,24630
2016-04-19T00:00:00.000-0400,13973,20506,24668
2016-04-20T00:00:00.000-0400,13786,20528,24689
2016-04-21T00:00:00.000-0400,13510,20504,24674
2016-04-22T00:00:00.000-0400,12269,20532,24670
2016-04-23T00:00:00.000-0400,9890,20577,24657
2016-04-24T00:00:00.000-0400,11241,20630,24679
2016-04-25T00:00:00.000-0400,14396,20786,24798
2016-04-26T00:00:00.000-0400,13564,20731,24876
2016-04-27T00:00:00.000-0400,13060,20734,24900
2016-04-28T00:00:00.000-0400,13136,20730,24958
2016-04-29T00:00:00.000-0400,12135,20743,24995
2016-04-30T00:00:00.000-0400,10086,20761,24977
2016-05-01T00:00:00.000-0400,10991,20772,25018
2016-05-02T00:00:00.000-0400,13408,20613,25117
2016-05-03T00:00:00.000-0400,12729,20452,25181
2016-05-04T00:00:00.000-0400,12186,20258,25187
2016-05-05T00:00:00.000-0400,11251,19856,25200
2016-05-06T00:00:00.000-0400,10501,19528,25207
2016-05-07T00:00:00.000-0400,8772,19391,25186
2016-05-08T00:00:00.000-0400,9033,19046,25166
2016-05-09T00:00:00.000-0400,11354,18579,25286
2016-05-10T00:00:00.000-0400,10980,18107,25350
2016-05-11T00:00:00.000-0400,11025,17794,25381
2016-05-12T00:00:00.000-0400,11013,17819,25434
2016-05-13T00:00:00.000-0400,9528,17680,25434
2016-05-14T00:00:00.000-0400,7318,17663,25391
2016-05-15T00:00:00.000-0400,7824,17725,25380
2016-05-16T00:00:00.000-0400,10253,17611,25463
2016-05-17T00:00:00.000-0400,10718,17682,25522
2016-05-18T00:00:00.000-0400,10725,17653,25489
2016-05-19T00:00:00.000-0400,10443,17529,25468
2016-05-20T00:00:00.000-0400,9984,17474,25419
2016-05-21T00:00:00.000-0400,8614,17465,25316
2016-05-22T00:00:00.000-0400,8895,17403,25252
2016-05-23T00:00:00.000-0400,10975,17297,25319
2016-05-24T00:00:00.000-0400,10849,17205,25336
2016-05-25T00:00:00.000-0400,10487,17114,25215
2016-05-26T00:00:00.000-0400,9326,17042,25081
2016-05-27T00:00:00.000-0400,8498,16991,24985
2016-05-28T00:00:00.000-0400,6626,16927,24784
2016-05-29T00:00:00.000-0400,6655,16877,24645
2016-05-30T00:00:00.000-0400,7297,16474,24615
2016-05-31T00:00:00.000-0400,9553,16423,24598
2016-06-01T00:00:00.000-0400,9454,16172,24470
2016-06-02T00:00:00.000-0400,10056,16385,24345
2016-06-03T00:00:00.000-0400,8072,15896,24096
2016-06-04T00:00:00.000-0400,6255,15899,23954
2016-06-05T00:00:00.000-0400,10467,16930,24069
2016-06-06T00:00:00.000-0400,9960,16691,24060
2016-06-07T00:00:00.000-0400,8680,16099,24045
2016-06-08T00:00:00.000-0400,8423,15914,23969
2016-06-09T00:00:00.000-0400,8071,15774,23953
2016-06-10T00:00:00.000-0400,7205,15567,23883
2016-06-11T00:00:00.000-0400,5407,15569,23779
2016-06-12T00:00:00.000-0400,5782,15546,23722
2016-06-13T00:00:00.000-0400,8031,15570,23812
2016-06-14T00:00:00.000-0400,7855,15470,23886
2016-06-15T00:00:00.000-0400,8096,15550,23894
2016-06-16T00:00:00.000-0400,7566,15530,23851
2016-06-17T00:00:00.000-0400,6880,15400,23797
2016-06-18T00:00:00.000-0400,5206,15371,23709
2016-06-19T00:00:00.000-0400,5301,15319,23677
2016-06-20T00:00:00.000-0400,8038,15421,23775
2016-06-21T00:00:00.000-0400,7548,15238,23812
2016-06-22T00:00:00.000-0400,7456,14962,23783
2016-06-23T00:00:00.000-0400,7127,14814,23582
2016-06-24T00:00:00.000-0400,6531,14719,23398
2016-06-25T00:00:00.000-0400,4979,14613,23268
2016-06-26T00:00:00.000-0400,5241,14667,23175
2016-06-27T00:00:00.000-0400,7426,14695,23264
2016-06-28T00:00:00.000-0400,7415,14697,23366
2016-06-29T00:00:00.000-0400,7175,14575,23401
2016-06-30T00:00:00.000-0400,6984,14566,23339
2016-07-01T00:00:00.000-0400,6313,14585,23224
2016-07-02T00:00:00.000-0400,4726,14564,23109
2016-07-03T00:00:00.000-0400,4645,14390,23034
2016-07-04T00:00:00.000-0400,4857,13824,22999
2016-07-05T00:00:00.000-0400,7328,13867,23073
2016-07-07T00:00:00.000-0400,7460,14530,23153
2016-07-08T00:00:00.000-0400,6747,14632,23125
2016-07-09T00:00:00.000-0400,5199,14743,23029
2016-07-10T00:00:00.000-0400,5424,14936,22957
2016-07-11T00:00:00.000-0400,7853,15627,23094
2016-07-12T00:00:00.000-0400,7585,15647,23200
2016-07-13T00:00:00.000-0400,7324,15496,23228
2016-07-14T00:00:00.000-0400,7107,15323,23185
2016-07-15T00:00:00.000-0400,6511,15247,23083
2016-07-16T00:00:00.000-0400,4976,15239,22983
2016-07-17T00:00:00.000-0400,5126,15214,22948
2016-07-18T00:00:00.000-0400,7382,15174,23036
2016-07-19T00:00:00.000-0400,7198,15003,23136
2016-07-20T00:00:00.000-0400,7416,15085,23190
2016-07-21T00:00:00.000-0400,7245,15151,23191
2016-07-22T00:00:00.000-0400,6521,15131,23146
2016-07-23T00:00:00.000-0400,4727,15070,23056
2016-07-24T00:00:00.000-0400,4983,15074,23029
2016-07-25T00:00:00.000-0400,7327,15231,23182
2016-07-26T00:00:00.000-0400,7254,15355,23263
2016-07-27T00:00:00.000-0400,6941,15242,23336
2016-07-28T00:00:00.000-0400,6824,15111,23335
2016-07-29T00:00:00.000-0400,6139,14966,23335
2016-07-30T00:00:00.000-0400,4585,14906,23266
2016-07-31T00:00:00.000-0400,5042,14975,23244
2016-08-01T00:00:00.000-0400,7037,14979,23387
2016-08-02T00:00:00.000-0400,6840,14885,23495
2016-08-03T00:00:00.000-0400,6764,14802,23578
2016-08-04T00:00:00.000-0400,6630,14754,23571
2016-08-05T00:00:00.000-0400,6143,14779,23478
2016-08-06T00:00:00.000-0400,4382,14721,23383
2016-08-07T00:00:00.000-0400,4757,14516,23340
2016-08-08T00:00:00.000-0400,7352,14728,23475
2016-08-09T00:00:00.000-0400,7274,14862,23570
2016-08-10T00:00:00.000-0400,7218,15061,23580
2016-08-11T00:00:00.000-0400,7136,15234,23580
2016-08-12T00:00:00.000-0400,6679,15354,23549
2016-08-13T00:00:00.000-0400,4857,15447,23456
2016-08-14T00:00:00.000-0400,5346,15627,23456
2016-08-15T00:00:00.000-0400,8127,15974,23692
2016-08-16T00:00:00.000-0400,8179,16274,23872
2016-08-17T00:00:00.000-0400,8337,16650,24049
2016-08-18T00:00:00.000-0400,8480,17111,24215
2016-08-19T00:00:00.000-0400,7985,17416,24282
2016-08-20T00:00:00.000-0400,6072,17689,24267
2016-08-21T00:00:00.000-0400,7888,18416,24456
2016-08-22T00:00:00.000-0400,11449,19494,24871
2016-08-23T00:00:00.000-0400,10842,20077,25167
2016-08-24T00:00:00.000-0400,10617,20399,25296
2016-08-25T00:00:00.000-0400,9936,20511,25355
2016-08-26T00:00:00.000-0400,8513,20489,25362
2016-08-27T00:00:00.000-0400,5669,20406,25307
2016-08-28T00:00:00.000-0400,6960,20124,25281
2016-08-29T00:00:00.000-0400,10375,19719,25334
2016-08-30T00:00:00.000-0400,9933,19418,25223
2016-08-31T00:00:00.000-0400,9866,19143,25230
2016-09-01T00:00:00.000-0400,9481,19035,25228
2016-09-02T00:00:00.000-0400,7937,18813,25214
2016-09-03T00:00:00.000-0400,5083,18690,25155
2016-09-04T00:00:00.000-0400,5402,18516,25125
2016-09-05T00:00:00.000-0400,6839,17993,25142
2016-09-06T00:00:00.000-0400,10848,18487,25182
2016-09-07T00:00:00.000-0400,10277,18612,25193
2016-09-08T00:00:00.000-0400,9795,18692,25176
2016-09-09T00:00:00.000-0400,8244,18720,25139
2016-09-10T00:00:00.000-0400,5480,18727,25082
2016-09-11T00:00:00.000-0400,7004,18982,25081
2016-09-12T00:00:00.000-0400,10571,19464,25128
2016-09-13T00:00:00.000-0400,10227,19222,25135
2016-09-14T00:00:00.000-0400,10090,19051,25116
2016-09-15T00:00:00.000-0400,9613,18983,25078
2016-09-16T00:00:00.000-0400,8185,19007,25021
2016-09-17T00:00:00.000-0400,5348,18989,24956
2016-09-18T00:00:00.000-0400,6732,18863,24890
2016-09-19T00:00:00.000-0400,10319,18765,24912
2016-09-20T00:00:00.000-0400,10136,18832,24895
2016-09-21T00:00:00.000-0400,10042,18889,24802
2016-09-22T00:00:00.000-0400,9508,18910,24729
2016-09-23T00:00:00.000-0400,8136,18823,24632
2016-09-24T00:00:00.000-0400,5365,18848,24535
2016-09-25T00:00:00.000-0400,6853,18909,24476
2016-09-26T00:00:00.000-0400,10312,18955,24511
2016-09-27T00:00:00.000-0400,10059,18912,24543
2016-09-28T00:00:00.000-0400,9987,18911,24503
2016-09-29T00:00:00.000-0400,9429,18853,24461
2016-09-30T00:00:00.000-0400,8043,18808,24412
2016-10-01T00:00:00.000-0400,5251,18751,24363
2016-10-02T00:00:00.000-0400,6836,18703,24347
2016-10-03T00:00:00.000-0400,10370,18698,24396
2016-10-04T00:00:00.000-0400,10099,18705,24446
2016-10-05T00:00:00.000-0400,9884,18702,24464
2016-10-06T00:00:00.000-0400,9567,18725,24443
2016-10-07T00:00:00.000-0400,7927,18693,24395
2016-10-08T00:00:00.000-0400,5430,18728,24345
2016-10-09T00:00:00.000-0400,6692,18722,24319
2016-10-10T00:00:00.000-0400,10302,18723,24368
2016-10-11T00:00:00.000-0400,9833,18666,24386
2016-10-12T00:00:00.000-0400,9812,18669,24370
2016-10-13T00:00:00.000-0400,9455,18655,24376
2016-10-14T00:00:00.000-0400,7735,18690,24337
2016-10-15T00:00:00.000-0400,4857,18619,24306
2016-10-16T00:00:00.000-0400,5217,18416,24272
2016-10-17T00:00:00.000-0400,7384,17941,24328
2016-10-18T00:00:00.000-0400,8208,17581,24358
2016-10-19T00:00:00.000-0400,10546,17927,24383
2016-10-22T00:00:00.000-0400,5113,18120,24323
2016-10-23T00:00:00.000-0400,6780,18405,24323
2016-10-24T00:00:00.000-0400,10515,18997,24387
2016-10-25T00:00:00.000-0400,10319,19392,24444
2016-10-26T00:00:00.000-0400,10054,19236,24436
2016-10-27T00:00:00.000-0400,9448,19117,24431
2016-10-28T00:00:00.000-0400,7917,18981,24407
2016-10-29T00:00:00.000-0400,4932,18964,24380
2016-10-30T00:00:00.000-0400,6707,18931,24367
2016-10-31T00:00:00.000-0400,10125,18829,24430
2016-11-01T00:00:00.000-0400,10246,18739,24479
2016-11-02T00:00:00.000-0400,10089,18771,24475
2016-11-03T00:00:00.000-0400,9792,18863,24484
2016-11-04T00:00:00.000-0400,8114,18835,24462
2016-11-05T00:00:00.000-0400,5368,18910,24439
2016-11-06T00:00:00.000-0400,6872,18999,24465
2016-11-07T00:00:00.000-0500,10486,19081,24538
2016-11-08T00:00:00.000-0500,9909,19098,24597
2016-11-09T00:00:00.000-0500,9862,19081,24599
2016-11-10T00:00:00.000-0500,9751,19062,24607
2016-11-11T00:00:00.000-0500,8013,18986,24572
2016-11-12T00:00:00.000-0500,5341,18981,24518
2016-11-13T00:00:00.000-0500,6889,18976,24501
2016-11-14T00:00:00.000-0500,10883,19110,24561
2016-11-15T00:00:00.000-0500,12436,19696,24668
2016-11-16T00:00:00.000-0500,10256,19394,24661
2016-11-17T00:00:00.000-0500,9760,19366,24680
2016-11-18T00:00:00.000-0500,8162,19393,24679
2016-11-19T00:00:00.000-0500,5295,19404,24656
2016-11-20T00:00:00.000-0500,6796,19395,24622
2016-11-21T00:00:00.000-0500,10276,19253,24680
2016-11-22T00:00:00.000-0500,8975,18941,24710
2016-11-23T00:00:00.000-0500,6000,18104,24673
2016-11-24T00:00:00.000-0500,4064,17097,24607
2016-11-25T00:00:00.000-0500,4984,16610,24565
2016-11-26T00:00:00.000-0500,5141,16592,24527
2016-11-27T00:00:00.000-0500,7047,16813,24534
2016-11-28T00:00:00.000-0500,11348,17496,24635
2016-11-29T00:00:00.000-0500,10922,18164,24703
2016-11-30T00:00:00.000-0500,10657,19094,24725
2016-12-01T00:00:00.000-0500,10069,19949,24754
2016-12-02T00:00:00.000-0500,8101,20231,24779
2016-12-03T00:00:00.000-0500,5452,20261,24753
2016-12-04T00:00:00.000-0500,6923,20245,24757
2016-12-05T00:00:00.000-0500,10523,20037,24842
2016-12-06T00:00:00.000-0500,8840,19701,24876
2016-12-07T00:00:00.000-0500,8761,19076,24873
2016-12-08T00:00:00.000-0500,8272,18609,24889
2016-12-09T00:00:00.000-0500,7357,18428,24877
2016-12-10T00:00:00.000-0500,5336,18383,24845
2016-12-11T00:00:00.000-0500,5865,18142,24838
2016-12-12T00:00:00.000-0500,8522,17602,24902
2016-12-13T00:00:00.000-0500,7581,17362,24930
2016-12-14T00:00:00.000-0500,7060,17095,24897
2016-12-15T00:00:00.000-0500,6393,16619,24847
2016-12-16T00:00:00.000-0500,5735,16231,24790
2016-12-17T00:00:00.000-0500,4026,15961,24729
2016-12-18T00:00:00.000-0500,4121,15598,24680
2016-12-19T00:00:00.000-0500,6009,14644,24697
2016-12-20T00:00:00.000-0500,5553,13760,24694
2016-12-21T00:00:00.000-0500,5367,13195,24657
2016-12-22T00:00:00.000-0500,4866,12713,24601
2016-12-23T00:00:00.000-0500,4200,12261,24572
2016-12-24T00:00:00.000-0500,3259,12030,24563
2016-12-25T00:00:00.000-0500,3276,11822,24549
2016-12-26T00:00:00.000-0500,3806,11258,24512
2016-12-27T00:00:00.000-0500,4258,11004,24424
2016-12-28T00:00:00.000-0500,4318,10754,24236
2016-12-30T00:00:00.000-0500,3910,10426,23734
2016-12-31T00:00:00.000-0500,3223,10430,23409
2017-01-01T00:00:00.000-0500,3615,10610,23223
2017-01-02T00:00:00.000-0500,4852,11072,23197
2017-01-03T00:00:00.000-0500,6587,12374,23094
2017-01-04T00:00:00.000-0500,6295,12987,22777
2017-01-05T00:00:00.000-0500,6023,13440,22631
2017-01-06T00:00:00.000-0500,5560,13774,22403
2017-01-07T00:00:00.000-0500,4031,13969,22090
2017-01-08T00:00:00.000-0500,4482,14152,21901
2017-01-09T00:00:00.000-0500,6918,14532,21957
2017-01-10T00:00:00.000-0500,6785,14295,21916
2017-01-11T00:00:00.000-0500,6958,14389,21649
2017-01-12T00:00:00.000-0500,6977,14662,21353
2017-01-13T00:00:00.000-0500,6459,14925,21368
2017-01-14T00:00:00.000-0500,4705,15088,21374
2017-01-15T00:00:00.000-0500,4815,15219,21417
2017-01-16T00:00:00.000-0500,7439,15924,21713
2017-01-17T00:00:00.000-0500,9858,17034,22208
2017-01-18T00:00:00.000-0500,9403,17701,22509
2017-01-19T00:00:00.000-0500,9842,18275,22787
2017-01-20T00:00:00.000-0500,7495,18096,22774
2017-01-21T00:00:00.000-0500,4838,18084,22783
2017-01-22T00:00:00.000-0500,6188,18268,22877
2017-01-23T00:00:00.000-0500,9415,18428,23059
2017-01-24T00:00:00.000-0500,9104,18133,23201
2017-01-25T00:00:00.000-0500,8820,17827,23313
2017-01-26T00:00:00.000-0500,8598,17718,23402
2017-01-27T00:00:00.000-0500,7489,17681,23417
2017-01-28T00:00:00.000-0500,4759,17659,23409
2017-01-29T00:00:00.000-0500,6036,17645,23457
2017-01-30T00:00:00.000-0500,9348,17596,23550
2017-01-31T00:00:00.000-0500,9365,17727,23643
2017-02-01T00:00:00.000-0500,9184,17875,23693
2017-02-02T00:00:00.000-0500,8733,17928,23692
2017-02-03T00:00:00.000-0500,7292,17877,23662
2017-02-04T00:00:00.000-0500,4743,17862,23618
2017-02-05T00:00:00.000-0500,5700,17762,23612
2017-02-06T00:00:00.000-0500,9518,17779,23681
2017-02-07T00:00:00.000-0500,9400,17793,23723
2017-02-08T00:00:00.000-0500,9035,17755,23736
2017-02-09T00:00:00.000-0500,8718,17769,23733
2017-02-10T00:00:00.000-0500,7339,17758,23695
2017-02-11T00:00:00.000-0500,4706,17726,23645
2017-02-12T00:00:00.000-0500,5853,17778,23614
2017-02-13T00:00:00.000-0500,9392,17750,23655
2017-02-14T00:00:00.000-0500,8931,17617,23699
2017-02-15T00:00:00.000-0500,9193,17761,23790
2017-02-16T00:00:00.000-0500,8894,17891,23767
2017-02-17T00:00:00.000-0500,7366,17840,23707
2017-02-18T00:00:00.000-0500,4724,17904,23666
2017-02-19T00:00:00.000-0500,6032,17989,23660
2017-02-20T00:00:00.000-0500,9288,17935,23706
2017-02-21T00:00:00.000-0500,9269,17947,23739
2017-02-22T00:00:00.000-0500,9118,17908,23716
2017-02-23T00:00:00.000-0500,9854,18217,23762
2017-02-24T00:00:00.000-0500,7970,18300,23745
2017-02-25T00:00:00.000-0500,5016,18315,23704
2017-02-26T00:00:00.000-0500,6252,18365,23710
2017-02-27T00:00:00.000-0500,9722,18456,23781
2017-02-28T00:00:00.000-0500,9759,18574,23829
2017-03-01T00:00:00.000-0500,10979,19025,23859
2017-03-02T00:00:00.000-0500,8870,18508,23813
2017-03-03T00:00:00.000-0500,7427,18400,23812
2017-03-04T00:00:00.000-0500,4873,18318,23778
2017-03-06T00:00:00.000-0500,9644,18200,23848
2017-03-07T00:00:00.000-0500,9613,18108,23926
2017-03-08T00:00:00.000-0500,9042,18016,23912
2017-03-09T00:00:00.000-0500,8751,17964,23916
2017-03-10T00:00:00.000-0500,7224,17952,23899
2017-03-11T00:00:00.000-0500,4198,17897,23887
2017-03-12T00:00:00.000-0500,4557,17718,23871
2017-03-14T00:00:00.000-0400,6186,16142,23923
2017-03-16T00:00:00.000-0400,6249,14436,23907
2017-03-20T00:00:00.000-0400,10094,16517,23896
2017-03-21T00:00:00.000-0400,9865,17615,23992
2017-03-22T00:00:00.000-0400,9317,18227,24020
2017-03-23T00:00:00.000-0400,9146,18641,24039
2017-03-24T00:00:00.000-0400,7478,18755,24001
2017-03-25T00:00:00.000-0400,4711,18728,23905
2017-03-26T00:00:00.000-0400,6121,18705,23881
2017-03-27T00:00:00.000-0400,9661,18523,23977
2017-03-28T00:00:00.000-0400,9455,18407,24058
2017-03-29T00:00:00.000-0400,9153,18325,24082
2017-03-30T00:00:00.000-0400,9073,18244,24079
2017-03-31T00:00:00.000-0400,7672,18243,24064
2017-04-01T00:00:00.000-0400,4767,18287,24015
2017-04-02T00:00:00.000-0400,6261,18348,24024
2017-04-03T00:00:00.000-0400,10028,18439,24119
2017-04-04T00:00:00.000-0400,9651,18512,24172
2017-04-05T00:00:00.000-0400,9461,18601,24194
2017-04-06T00:00:00.000-0400,9124,18623,24215
2017-04-07T00:00:00.000-0400,7694,18635,24221
2017-04-08T00:00:00.000-0400,4768,18663,24203
2017-04-09T00:00:00.000-0400,6035,18596,24200
2017-04-10T00:00:00.000-0400,9638,18511,24295
2017-04-11T00:00:00.000-0400,9296,18485,24396
2017-04-12T00:00:00.000-0400,9226,18432,24453
2017-04-13T00:00:00.000-0400,8461,18263,24482
2017-04-14T00:00:00.000-0400,5064,17897,24448
2017-04-15T00:00:00.000-0400,4606,17842,24417
2017-04-16T00:00:00.000-0400,5741,17845,24413
2017-04-17T00:00:00.000-0400,10423,18141,24512
2017-04-18T00:00:00.000-0400,10419,18512,24600
2017-04-19T00:00:00.000-0400,9853,18667,24614
2017-04-20T00:00:00.000-0400,9289,18833,24595
2017-04-21T00:00:00.000-0400,7625,19055,24583
2017-04-22T00:00:00.000-0400,4961,19096,24551
2017-04-23T00:00:00.000-0400,6502,19233,24560
2017-04-24T00:00:00.000-0400,10555,19269,24691
2017-04-25T00:00:00.000-0400,10231,19242,24780
2017-04-26T00:00:00.000-0400,9895,19316,24836
2017-04-27T00:00:00.000-0400,9588,19304,24858
2017-04-28T00:00:00.000-0400,7997,19403,24882
2017-04-29T00:00:00.000-0400,4952,19389,24844
2017-04-30T00:00:00.000-0400,6442,19365,24876
2017-05-01T00:00:00.000-0400,13409,20241,25151
2017-05-02T00:00:00.000-0400,9230,19203,25081
2017-05-03T00:00:00.000-0400,8842,19108,25100
2017-05-04T00:00:00.000-0400,8653,18864,25129
2017-05-05T00:00:00.000-0400,10848,19680,25255
2017-05-06T00:00:00.000-0400,4859,18768,25094
2017-05-07T00:00:00.000-0400,5761,18711,25108
2017-05-08T00:00:00.000-0400,8866,18338,25206
2017-05-09T00:00:00.000-0400,8188,18109,25308
2017-05-10T00:00:00.000-0400,7589,17885,25330
2017-05-11T00:00:00.000-0400,6685,17427,25353
2017-05-12T00:00:00.000-0400,5774,16970,25331
2017-05-13T00:00:00.000-0400,3873,16763,25306
2017-05-14T00:00:00.000-0400,4102,16348,25331
2017-05-15T00:00:00.000-0400,6927,15724,25436
2017-05-16T00:00:00.000-0400,6594,15092,25529
2017-05-17T00:00:00.000-0400,6664,14791,25556
2017-05-18T00:00:00.000-0400,6562,14745,25569
2017-05-19T00:00:00.000-0400,5786,14813,25552
2017-05-20T00:00:00.000-0400,3860,14800,25455
2017-05-21T00:00:00.000-0400,4274,14884,25441
2017-05-22T00:00:00.000-0400,6851,14885,25521
2017-05-23T00:00:00.000-0400,6532,14818,25551
2017-05-24T00:00:00.000-0400,6520,14769,25464
2017-05-25T00:00:00.000-0400,6106,14540,25364
2017-05-26T00:00:00.000-0400,5315,14358,25250
2017-05-27T00:00:00.000-0400,3547,14283,25113
2017-05-28T00:00:00.000-0400,3584,14080,24996
2017-05-29T00:00:00.000-0400,4273,13490,25001
2017-05-30T00:00:00.000-0400,6732,13609,25010
2017-05-31T00:00:00.000-0400,6433,13533,24832
2017-06-01T00:00:00.000-0400,6226,13668,24670
2017-06-02T00:00:00.000-0400,5628,13759,24505
2017-06-03T00:00:00.000-0400,3751,13802,24282
2017-06-04T00:00:00.000-0400,4099,14004,24130
2017-06-05T00:00:00.000-0400,6575,14526,24144
2017-06-06T00:00:00.000-0400,6294,14365,24057
2017-06-07T00:00:00.000-0400,6216,14301,23746
2017-06-08T00:00:00.000-0400,6006,14213,23463
2017-06-09T00:00:00.000-0400,5378,14110,23222
2017-06-10T00:00:00.000-0400,3597,14046,23033
2017-06-11T00:00:00.000-0400,4053,13965,22954
2017-06-12T00:00:00.000-0400,6274,13766,23040
2017-06-13T00:00:00.000-0400,6312,13748,23114
2017-06-14T00:00:00.000-0400,6705,13919,23051
2017-06-15T00:00:00.000-0400,6134,13879,22976
2017-06-16T00:00:00.000-0400,5467,13929,22929
2017-06-17T00:00:00.000-0400,3795,14047,22784
2017-06-18T00:00:00.000-0400,3994,14093,22729
2017-06-19T00:00:00.000-0400,6464,14190,22865
2017-06-20T00:00:00.000-0400,6378,14311,22978
2017-06-21T00:00:00.000-0400,6363,14371,22944
2017-06-22T00:00:00.000-0400,6046,14368,22939
2017-06-23T00:00:00.000-0400,5316,14294,22884
2017-06-24T00:00:00.000-0400,3797,14266,22817
2017-06-25T00:00:00.000-0400,3874,14242,22801
2017-06-26T00:00:00.000-0400,6236,14192,22903
2017-06-27T00:00:00.000-0400,6015,14011,23034
2017-06-28T00:00:00.000-0400,5996,13822,23123
2017-06-29T00:00:00.000-0400,8740,15061,23394
2017-06-30T00:00:00.000-0400,5312,13772,23064
2017-07-01T00:00:00.000-0400,5178,14247,23067
2017-07-02T00:00:00.000-0400,3574,13677,22904
2017-07-03T00:00:00.000-0400,5188,13467,22981
2017-07-04T00:00:00.000-0400,3539,12921,22980
2017-07-05T00:00:00.000-0400,6061,13080,22993
2017-07-06T00:00:00.000-0400,6236,13391,23069
2017-07-07T00:00:00.000-0400,5726,13550,23098
2017-07-08T00:00:00.000-0400,3704,13574,23023
2017-07-09T00:00:00.000-0400,4008,13789,23008
2017-07-10T00:00:00.000-0400,6374,14248,23158
2017-07-11T00:00:00.000-0400,6088,14792,23251
2017-07-12T00:00:00.000-0400,6189,14766,23306
2017-07-13T00:00:00.000-0400,5980,14625,23332
2017-07-14T00:00:00.000-0400,5294,14247,23273
2017-07-15T00:00:00.000-0400,3700,14176,23165
2017-07-16T00:00:00.000-0400,4058,14211,23150
2017-07-17T00:00:00.000-0400,6289,14285,23289
2017-07-18T00:00:00.000-0400,6138,14321,23440
2017-07-19T00:00:00.000-0400,6013,14250,23466
2017-07-20T00:00:00.000-0400,5995,14240,23442
2017-07-21T00:00:00.000-0400,5447,14300,23401
2017-07-22T00:00:00.000-0400,3590,14261,23309
2017-07-23T00:00:00.000-0400,4038,14265,23288
2017-07-24T00:00:00.000-0400,6525,14421,23396
2017-07-25T00:00:00.000-0400,6294,14561,23527
2017-07-26T00:00:00.000-0400,6260,14685,23595
2017-07-27T00:00:00.000-0400,6337,14858,23672
2017-07-28T00:00:00.000-0400,5634,14839,23695
2017-07-29T00:00:00.000-0400,3636,14896,23637
2017-07-30T00:00:00.000-0400,3804,14783,23590
2017-07-31T00:00:00.000-0400,6422,14917,23741
2017-08-01T00:00:00.000-0400,6341,15087,23918
2017-08-02T00:00:00.000-0400,6163,15127,24008
2017-08-03T00:00:00.000-0400,5940,14941,24161
2017-08-04T00:00:00.000-0400,5682,14885,24210
2017-08-05T00:00:00.000-0400,3789,14934,24107
2017-08-06T00:00:00.000-0400,4353,15186,24111
2017-08-07T00:00:00.000-0400,7133,15559,24356
2017-08-08T00:00:00.000-0400,6899,15846,24521
2017-08-09T00:00:00.000-0400,6997,16211,24622
2017-08-10T00:00:00.000-0400,7112,16591,24776
2017-08-11T00:00:00.000-0400,6689,16775,24895
2017-08-12T00:00:00.000-0400,4610,16972,24907
2017-08-13T00:00:00.000-0400,5684,17380,25030
2017-08-14T00:00:00.000-0400,9380,18127,25504
2017-08-15T00:00:00.000-0400,9943,19179,25893
2017-08-17T00:00:00.000-0400,9019,20133,26300
2017-08-18T00:00:00.000-0400,7341,20051,26326
2017-08-19T00:00:00.000-0400,4537,19959,26309
2017-08-20T00:00:00.000-0400,5748,19900,26307
2017-08-21T00:00:00.000-0400,9073,19615,26427
2017-08-22T00:00:00.000-0400,8976,19297,26488
2017-08-23T00:00:00.000-0400,8980,19031,26526
2017-08-24T00:00:00.000-0400,10878,19368,26615
2017-08-25T00:00:00.000-0400,7033,18628,26483
2017-08-26T00:00:00.000-0400,4623,18601,26382
2017-08-27T00:00:00.000-0400,5523,18536,26301
2017-08-28T00:00:00.000-0400,9298,18440,26322
2017-08-29T00:00:00.000-0400,9034,18450,26333
2017-08-30T00:00:00.000-0400,9322,18608,26258
2017-08-31T00:00:00.000-0400,8778,18740,26185
2017-09-01T00:00:00.000-0400,6747,18666,26112
2017-09-02T00:00:00.000-0400,3955,18591,26022
2017-09-03T00:00:00.000-0400,4316,18439,25948
2017-09-04T00:00:00.000-0400,5570,17861,25906
2017-09-05T00:00:00.000-0400,9885,18137,25902
2017-09-06T00:00:00.000-0400,9263,18204,25708
2017-09-07T00:00:00.000-0400,8526,18063,25683
2017-09-08T00:00:00.000-0400,6983,18071,25609
2017-09-09T00:00:00.000-0400,4169,18097,25526
2017-09-10T00:00:00.000-0400,5552,18307,25484
2017-09-11T00:00:00.000-0400,9401,18856,25498
2017-09-12T00:00:00.000-0400,9041,18610,25462
2017-09-13T00:00:00.000-0400,8839,18479,25367
2017-09-14T00:00:00.000-0400,8435,18484,25245
2017-09-15T00:00:00.000-0400,6877,18383,25136
2017-09-16T00:00:00.000-0400,4081,18368,25009
2017-09-17T00:00:00.000-0400,5423,18359,24924
2017-09-18T00:00:00.000-0400,8932,18219,24948
2017-09-19T00:00:00.000-0400,9034,18210,24952
2017-09-20T00:00:00.000-0400,8691,18173,24881
2017-09-21T00:00:00.000-0400,8317,18107,24842
2017-09-22T00:00:00.000-0400,6899,18112,24786
2017-09-23T00:00:00.000-0400,7307,18676,24737
2017-09-24T00:00:00.000-0400,5681,18089,24649
2017-09-25T00:00:00.000-0400,9257,18225,24679
2017-09-26T00:00:00.000-0400,9026,18239,24702
2017-09-27T00:00:00.000-0400,9034,18337,24698
2017-09-28T00:00:00.000-0400,8432,18346,24673
2017-09-29T00:00:00.000-0400,6667,18311,24610
2017-09-30T00:00:00.000-0400,4033,18298,24549
2017-10-01T00:00:00.000-0400,5474,18324,24538
2017-10-02T00:00:00.000-0400,9009,18265,24597
2017-10-03T00:00:00.000-0400,8788,18246,24644
2017-10-04T00:00:00.000-0400,8569,18095,24673
2017-10-05T00:00:00.000-0400,8272,18018,24612
2017-10-06T00:00:00.000-0400,6308,17961,24558
2017-10-07T00:00:00.000-0400,3536,17899,24484
2017-10-08T00:00:00.000-0400,4145,17646,24476
2017-10-09T00:00:00.000-0400,6281,17132,24511
2017-10-10T00:00:00.000-0400,7146,16791,24523
2017-10-11T00:00:00.000-0400,9221,17055,24531
2017-10-12T00:00:00.000-0400,8825,17252,24517
2017-10-13T00:00:00.000-0400,7029,17380,24476
2017-10-14T00:00:00.000-0400,4154,17462,24417
2017-10-15T00:00:00.000-0400,5665,17828,24405
2017-10-16T00:00:00.000-0400,9458,18543,24481
2017-10-17T00:00:00.000-0400,9107,18823,24533
2017-10-18T00:00:00.000-0400,8872,18717,24548
2017-10-19T00:00:00.000-0400,8505,18620,24537
2017-10-20T00:00:00.000-0400,6930,18550,24518
2017-10-21T00:00:00.000-0400,4003,18520,24471
2017-10-22T00:00:00.000-0400,5715,18539,24471
2017-10-23T00:00:00.000-0400,9320,18453,24558
2017-10-24T00:00:00.000-0400,9267,18496,24625
2017-10-25T00:00:00.000-0400,8942,18472,24634
2017-10-26T00:00:00.000-0400,8729,18480,24609
2017-10-27T00:00:00.000-0400,6796,18491,24599
2017-10-28T00:00:00.000-0400,4013,18504,24554
2017-10-29T00:00:00.000-0400,5744,18565,24562
2017-10-30T00:00:00.000-0400,9686,18739,24633
2017-10-31T00:00:00.000-0400,8836,18654,24657
2017-11-01T00:00:00.000-0400,9142,18724,24678
2017-11-02T00:00:00.000-0400,8710,18727,24676
2017-11-03T00:00:00.000-0400,6974,18753,24658
2017-11-04T00:00:00.000-0400,4310,18786,24595
2017-11-05T00:00:00.000-0400,5751,18748,24594
2017-11-06T00:00:00.000-0500,9464,18632,24684
2017-11-07T00:00:00.000-0500,9289,18749,24741
2017-11-08T00:00:00.000-0500,9069,18739,24803
2017-11-09T00:00:00.000-0500,8834,18784,24827
2017-11-10T00:00:00.000-0500,6962,18821,24828
2017-11-11T00:00:00.000-0500,4225,18799,24792
2017-11-12T00:00:00.000-0500,5774,18777,24782
2017-11-13T00:00:00.000-0500,9766,18905,24852
2017-11-14T00:00:00.000-0500,9437,18928,24907
2017-11-15T00:00:00.000-0500,9358,18939,24906
2017-11-16T00:00:00.000-0500,8920,18965,24918
2017-11-17T00:00:00.000-0500,7173,18952,24915
2017-11-18T00:00:00.000-0500,4335,18985,24884
2017-11-19T00:00:00.000-0500,5768,19042,24876
2017-11-20T00:00:00.000-0500,9476,18991,24963
2017-11-21T00:00:00.000-0500,8150,18795,24985
2017-11-22T00:00:00.000-0500,4949,18025,24941
2017-11-23T00:00:00.000-0500,3019,16878,24886
2017-11-24T00:00:00.000-0500,4052,16373,24843
2017-11-25T00:00:00.000-0500,4286,16424,24815
2017-11-26T00:00:00.000-0500,6168,16651,24827
2017-11-27T00:00:00.000-0500,10782,17374,24925
2017-11-28T00:00:00.000-0500,10071,17974,24989
2017-11-29T00:00:00.000-0500,9371,18832,24987
2017-11-30T00:00:00.000-0500,8274,19546,24988
2017-12-01T00:00:00.000-0500,7479,19867,24989
2017-12-02T00:00:00.000-0500,4782,19860,24948
2017-12-03T00:00:00.000-0500,5606,19684,24943
2017-12-04T00:00:00.000-0500,8643,19168,25053
2017-12-05T00:00:00.000-0500,7854,18661,25121
2017-12-06T00:00:00.000-0500,7390,18107,25131
2017-12-07T00:00:00.000-0500,6822,17672,25170
2017-12-08T00:00:00.000-0500,5203,17079,25099
2017-12-09T00:00:00.000-0500,3506,16809,25049
2017-12-10T00:00:00.000-0500,3624,16371,24989
2017-12-11T00:00:00.000-0500,5956,15595,25013
2017-12-12T00:00:00.000-0500,5529,14794,25026
2017-12-13T00:00:00.000-0500,5555,14049,24976
2017-12-14T00:00:00.000-0500,5218,13279,24922
2017-12-15T00:00:00.000-0500,4739,13162,24841
2017-12-16T00:00:00.000-0500,2965,13078,24737
2017-12-17T00:00:00.000-0500,3104,12919,24676
2017-12-18T00:00:00.000-0500,5099,12543,24681
2017-12-19T00:00:00.000-0500,4810,12350,24662
2017-12-20T00:00:00.000-0500,4576,11954,24546
2017-12-21T00:00:00.000-0500,4264,11675,24468
2017-12-22T00:00:00.000-0500,3657,11345,24431
2017-12-23T00:00:00.000-0500,2628,11236,24395
2017-12-24T00:00:00.000-0500,2376,11043,24320
2017-12-25T00:00:00.000-0500,2552,10420,24252
2017-12-26T00:00:00.000-0500,3359,10071,24089
2017-12-27T00:00:00.000-0500,3526,9816,23737
2017-12-28T00:00:00.000-0500,3609,9660,23381
2017-12-29T00:00:00.000-0500,3402,9519,22999
2017-12-30T00:00:00.000-0500,2936,9709,22624
2017-12-31T00:00:00.000-0500,2678,9899,22314
2018-01-01T00:00:00.000-0500,3667,10386,22214
2018-01-02T00:00:00.000-0500,6372,12080,22161
2018-01-03T00:00:00.000-0500,6191,13043,21909
2018-01-04T00:00:00.000-0500,6084,13770,21668
2018-01-05T00:00:00.000-0500,5740,14299,21397
2018-01-06T00:00:00.000-0500,3956,14564,20978
2018-01-07T00:00:00.000-0500,5324,15504,21239
2018-01-08T00:00:00.000-0500,14638,19633,22903
2018-01-09T00:00:00.000-0500,8608,17661,22404
2018-01-10T00:00:00.000-0500,8341,18029,22684
2018-01-11T00:00:00.000-0500,7766,18249,22906
2018-01-12T00:00:00.000-0500,6528,18244,22984
2018-01-13T00:00:00.000-0500,3834,18127,22956
2018-01-14T00:00:00.000-0500,4307,17832,23010
2018-01-15T00:00:00.000-0500,5636,17098,23124
2018-01-16T00:00:00.000-0500,8959,17126,23327
2018-01-17T00:00:00.000-0500,5973,16545,23356
2018-01-18T00:00:00.000-0500,5932,16192,23407
2018-01-19T00:00:00.000-0500,6471,16143,23430
2018-01-20T00:00:00.000-0500,4131,16244,23419
2018-01-21T00:00:00.000-0500,5463,16567,23471
2018-01-24T00:00:00.000-0500,8321,17797,23769
2018-01-25T00:00:00.000-0500,8022,18000,23822
2018-01-26T00:00:00.000-0500,6538,17932,23846
2018-01-27T00:00:00.000-0500,4007,17892,23840
2018-01-28T00:00:00.000-0500,5182,17777,23865
2018-01-29T00:00:00.000-0500,8351,17457,23913
2018-01-30T00:00:00.000-0500,9403,17649,24005
2018-01-31T00:00:00.000-0500,8345,17352,24042
2018-02-01T00:00:00.000-0500,7998,17337,24044
2018-02-02T00:00:00.000-0500,6569,17318,24002
2018-02-03T00:00:00.000-0500,4065,17384,23931
2018-02-04T00:00:00.000-0500,4971,17400,23862
2018-02-05T00:00:00.000-0500,8673,17578,23882
2018-02-06T00:00:00.000-0500,8419,17529,23884
2018-02-07T00:00:00.000-0500,8037,17522,23811
2018-02-08T00:00:00.000-0500,7867,17554,23753
2018-02-09T00:00:00.000-0500,6370,17532,23727
2018-02-10T00:00:00.000-0500,3886,17441,23641
2018-02-11T00:00:00.000-0500,5022,17415,23598
2018-02-14T00:00:00.000-0500,7628,17097,23726
2018-02-15T00:00:00.000-0500,7787,17106,23743
2018-02-16T00:00:00.000-0500,6587,17191,23794
2018-02-17T00:00:00.000-0500,3943,17287,23792
2018-02-18T00:00:00.000-0500,5202,17432,23812
2018-02-20T00:00:00.000-0500,8468,17752,23954
2018-02-21T00:00:00.000-0500,8218,17970,23936
2018-02-22T00:00:00.000-0500,7917,17998,23946
2018-02-23T00:00:00.000-0500,6493,17955,23954
2018-02-24T00:00:00.000-0500,3775,17916,23928
2018-02-25T00:00:00.000-0500,5139,17844,23928
2018-02-26T00:00:00.000-0500,8522,17705,24010
2018-02-27T00:00:00.000-0500,8655,17793,24063
2018-02-28T00:00:00.000-0500,8045,17774,24083
2018-03-01T00:00:00.000-0500,7545,17664,24073
2018-03-02T00:00:00.000-0500,6046,17574,24053
2018-03-03T00:00:00.000-0500,3091,17501,24003
2018-03-04T00:00:00.000-0500,3409,17190,23973
2018-03-05T00:00:00.000-0500,4985,16461,23985
2018-03-06T00:00:00.000-0500,4938,15408,23997
2018-03-07T00:00:00.000-0500,4967,14332,23984
2018-03-08T00:00:00.000-0500,5031,13215,23955
2018-03-09T00:00:00.000-0500,4748,12563,23924
2018-03-10T00:00:00.000-0500,3373,12757,23883
2018-03-11T00:00:00.000-0500,4968,13594,23879
2018-03-12T00:00:00.000-0400,7893,15111,23981
2018-03-13T00:00:00.000-0400,8337,16440,24059
2018-03-14T00:00:00.000-0400,9103,17689,24085
2018-03-15T00:00:00.000-0400,9428,18460,24118
2018-03-16T00:00:00.000-0400,6406,18241,24056
2018-03-17T00:00:00.000-0400,3706,18260,24013
2018-03-18T00:00:00.000-0400,4887,18136,23990
2018-03-19T00:00:00.000-0400,8254,17950,24051
2018-03-20T00:00:00.000-0400,8109,17738,24111
2018-03-21T00:00:00.000-0400,7776,17413,24103
2018-03-22T00:00:00.000-0400,7435,17285,24077
2018-03-23T00:00:00.000-0400,6294,17249,24049
2018-03-24T00:00:00.000-0400,3848,17249,23998
2018-03-25T00:00:00.000-0400,5173,17297,23980
2018-03-26T00:00:00.000-0400,8817,17584,24069
2018-03-27T00:00:00.000-0400,8533,17890,24161
2018-03-28T00:00:00.000-0400,8848,18204,24203
2018-03-29T00:00:00.000-0400,7245,18010,24157
2018-03-30T00:00:00.000-0400,4189,17846,24119
2018-03-31T00:00:00.000-0400,3618,17810,24076
2018-04-01T00:00:00.000-0400,4537,17727,24067
2018-04-02T00:00:00.000-0400,8571,17660,24183
2018-04-03T00:00:00.000-0400,8132,17491,24257
2018-04-04T00:00:00.000-0400,8032,17441,24312
2018-04-05T00:00:00.000-0400,7519,17420,24356
2018-04-06T00:00:00.000-0400,6083,17647,24381
2018-04-07T00:00:00.000-0400,3711,17674,24369
2018-04-08T00:00:00.000-0400,5039,17776,24387
2018-04-09T00:00:00.000-0400,8630,17932,24478
2018-04-10T00:00:00.000-0400,8125,18116,24560
2018-04-11T00:00:00.000-0400,7387,18121,24549
2018-04-12T00:00:00.000-0400,8498,18576,24625
2018-04-13T00:00:00.000-0400,5307,18113,24552
2018-04-14T00:00:00.000-0400,3267,18092,24528
2018-04-15T00:00:00.000-0400,7517,18721,24575
2018-04-16T00:00:00.000-0400,7575,18025,24608
2018-04-17T00:00:00.000-0400,7379,17938,24711
2018-04-18T00:00:00.000-0400,7283,17906,24765
2018-04-19T00:00:00.000-0400,6790,17764,24797
2018-04-20T00:00:00.000-0400,5444,17759,24834
2018-04-21T00:00:00.000-0400,3328,17762,24819
2018-04-22T00:00:00.000-0400,4699,17771,24858
2018-04-23T00:00:00.000-0400,8336,17924,24952
2018-04-24T00:00:00.000-0400,8102,18060,25043
2018-04-25T00:00:00.000-0400,7729,18152,25085
2018-04-26T00:00:00.000-0400,6535,18171,25088
2018-04-27T00:00:00.000-0400,5894,18248,25091
2018-04-28T00:00:00.000-0400,3434,18263,25073
2018-04-29T00:00:00.000-0400,4312,18169,25121
2018-04-30T00:00:00.000-0400,7095,17879,25228
2018-05-01T00:00:00.000-0400,6624,17420,25340
2018-05-02T00:00:00.000-0400,5932,16890,25372
2018-05-03T00:00:00.000-0400,5399,16470,25386
2018-05-04T00:00:00.000-0400,4227,15995,25397
2018-05-05T00:00:00.000-0400,2695,15858,25364
2018-05-06T00:00:00.000-0400,2881,15490,25370
2018-05-07T00:00:00.000-0400,5129,14764,25487
2018-05-08T00:00:00.000-0400,4880,13916,25547
2018-05-09T00:00:00.000-0400,5000,13567,25601
2018-05-10T00:00:00.000-0400,5071,13410,25630
2018-05-11T00:00:00.000-0400,4001,13427,25619
2018-05-12T00:00:00.000-0400,2475,13430,25554
2018-05-13T00:00:00.000-0400,2678,13405,25503
2018-05-14T00:00:00.000-0400,4905,13464,25607
2018-05-15T00:00:00.000-0400,4602,13483,25641
2018-05-16T00:00:00.000-0400,4464,13364,25568
2018-05-17T00:00:00.000-0400,4213,13009,25496
2018-05-18T00:00:00.000-0400,3693,12847,25373
2018-05-19T00:00:00.000-0400,2356,12774,25225
2018-05-20T00:00:00.000-0400,2607,12734,25133
2018-05-21T00:00:00.000-0400,4364,12451,25190
2018-05-22T00:00:00.000-0400,4286,12262,25149
2018-05-23T00:00:00.000-0400,4287,12175,24931
2018-05-25T00:00:00.000-0400,3611,12185,24427
2018-05-26T00:00:00.000-0400,2303,12152,24165
2018-05-27T00:00:00.000-0400,2347,12080,23961
2018-05-28T00:00:00.000-0400,3008,11702,23915
2018-05-30T00:00:00.000-0400,4443,12195,23582
2018-05-31T00:00:00.000-0400,4323,12274,23287
2018-06-01T00:00:00.000-0400,3736,12283,23052
2018-06-02T00:00:00.000-0400,2399,12312,22740
2018-06-03T00:00:00.000-0400,2696,12501,22650
2018-06-04T00:00:00.000-0400,4491,12915,22760
2018-06-05T00:00:00.000-0400,4508,12733,22866
2018-06-06T00:00:00.000-0400,4243,12602,22811
2018-06-07T00:00:00.000-0400,4237,12524,22788
2018-06-08T00:00:00.000-0400,3697,12520,22698
2018-06-09T00:00:00.000-0400,2336,12443,22558
2018-06-10T00:00:00.000-0400,2665,12439,22508
2018-06-14T00:00:00.000-0400,4287,12728,22748
2018-06-15T00:00:00.000-0400,3644,12643,22737
2018-06-16T00:00:00.000-0400,2378,12669,22668
2018-06-17T00:00:00.000-0400,2626,12654,22615
2018-06-18T00:00:00.000-0400,4262,12627,22738
2018-06-19T00:00:00.000-0400,4158,12355,22846
2018-06-20T00:00:00.000-0400,4030,12156,22813
2018-06-21T00:00:00.000-0400,3891,11974,22802
2018-06-22T00:00:00.000-0400,3610,11952,22770
2018-06-23T00:00:00.000-0400,2214,11895,22715
2018-06-24T00:00:00.000-0400,2564,11866,22680
2018-06-25T00:00:00.000-0400,4295,11898,22791
2018-06-26T00:00:00.000-0400,4231,11943,22904
2018-06-27T00:00:00.000-0400,4078,11996,22941
2018-06-28T00:00:00.000-0400,4023,12056,22907
2018-06-29T00:00:00.000-0400,3643,12081,22842
2018-06-30T00:00:00.000-0400,2429,12198,22725
2018-07-01T00:00:00.000-0400,2614,12231,22665
2018-07-02T00:00:00.000-0400,4213,12240,22778
2018-07-03T00:00:00.000-0400,3862,12112,22810
2018-07-04T00:00:00.000-0400,2398,11493,22710
2018-07-05T00:00:00.000-0400,4524,11950,22784
2018-07-06T00:00:00.000-0400,3937,12206,22812
2018-07-07T00:00:00.000-0400,2547,12265,22750
2018-07-08T00:00:00.000-0400,2688,12257,22721
2018-07-09T00:00:00.000-0400,4525,12486,22877
2018-07-10T00:00:00.000-0400,4505,12874,23021
2018-07-11T00:00:00.000-0400,4229,13469,23013
2018-07-12T00:00:00.000-0400,4199,13127,22982
2018-07-13T00:00:00.000-0400,3788,12936,22931
2018-07-14T00:00:00.000-0400,2496,12874,22855
2018-07-15T00:00:00.000-0400,2833,12956,22823
2018-07-16T00:00:00.000-0400,4631,13012,22991
2018-07-17T00:00:00.000-0400,4415,12965,23142
2018-07-18T00:00:00.000-0400,4172,12803,23172
2018-07-19T00:00:00.000-0400,4222,12785,23195
2018-07-20T00:00:00.000-0400,6192,14064,23490
2018-07-21T00:00:00.000-0400,2479,12844,23177
2018-07-26T00:00:00.000-0400,4101,12853,23588
2018-07-27T00:00:00.000-0400,3867,12908,23634
2018-08-04T00:00:00.000-0400,2574,13510,24062
2018-08-05T00:00:00.000-0400,2869,13593,23994
2018-08-06T00:00:00.000-0400,5214,13852,24220
2018-08-07T00:00:00.000-0400,5185,14109,24443
2018-08-08T00:00:00.000-0400,5064,14486,24563
2018-08-09T00:00:00.000-0400,5272,14899,24701
2018-08-10T00:00:00.000-0400,5312,15457,24851
2018-08-11T00:00:00.000-0400,3483,15692,24853
2018-08-12T00:00:00.000-0400,4277,16259,24973
2018-08-13T00:00:00.000-0400,7584,17434,25460
2018-08-14T00:00:00.000-0400,8042,18609,25868
2018-08-15T00:00:00.000-0400,7559,19426,26078
2018-08-16T00:00:00.000-0400,6828,19806,26166
2018-08-17T00:00:00.000-0400,7228,20200,26303
2018-08-18T00:00:00.000-0400,3285,19536,26177
2018-08-19T00:00:00.000-0400,4237,19551,26169
2018-08-20T00:00:00.000-0400,7178,19189,26311
2018-08-21T00:00:00.000-0400,6556,18590,26426
2018-08-22T00:00:00.000-0400,6401,18095,26432
2018-08-23T00:00:00.000-0400,6017,17681,26441
2018-08-24T00:00:00.000-0400,4828,17458,26405
2018-08-25T00:00:00.000-0400,2808,17327,26342
2018-08-26T00:00:00.000-0400,3847,17216,26307
2018-08-27T00:00:00.000-0400,6842,17116,26379
2018-08-28T00:00:00.000-0400,6930,17330,26382
2018-08-29T00:00:00.000-0400,6572,17479,26268
2018-08-30T00:00:00.000-0400,6675,17789,26253
2018-08-31T00:00:00.000-0400,4875,17827,26246
2018-09-01T00:00:00.000-0400,2591,17777,26168
2018-09-02T00:00:00.000-0400,2963,17518,26121
2018-09-03T00:00:00.000-0400,3907,16767,26099
2018-09-04T00:00:00.000-0400,7273,16934,26135
2018-09-05T00:00:00.000-0400,6804,17017,26094
2018-09-06T00:00:00.000-0400,6250,16850,26064
2018-09-07T00:00:00.000-0400,4980,16784,25991
2018-09-08T00:00:00.000-0400,2817,16798,25928
2018-09-09T00:00:00.000-0400,3987,17176,25879
2018-09-10T00:00:00.000-0400,6984,17922,25903
2018-09-11T00:00:00.000-0400,7070,17758,25918
2018-09-12T00:00:00.000-0400,4968,17253,25794
2018-09-13T00:00:00.000-0400,3773,16685,25665
2018-09-14T00:00:00.000-0400,3474,16354,25553
2018-09-15T00:00:00.000-0400,3163,16445,25458
2018-09-16T00:00:00.000-0400,3514,16274,25386
2018-09-17T00:00:00.000-0400,5444,15691,25397
2018-09-18T00:00:00.000-0400,7181,15775,25427
2018-09-19T00:00:00.000-0400,6717,16437,25344
2018-09-20T00:00:00.000-0400,6478,17167,25295
2018-09-21T00:00:00.000-0400,4950,17370,25241
2018-09-22T00:00:00.000-0400,2799,17252,25154
2018-09-23T00:00:00.000-0400,3962,17415,25127
2018-09-24T00:00:00.000-0400,7053,17848,25174
2018-09-25T00:00:00.000-0400,7063,17757,25187
2018-09-26T00:00:00.000-0400,6399,17525,25149
2018-09-27T00:00:00.000-0400,5952,17389,25112
2018-09-28T00:00:00.000-0400,4905,17412,25039
2018-09-29T00:00:00.000-0400,2858,17413,24949
2018-09-30T00:00:00.000-0400,4006,17450,24923
2018-10-01T00:00:00.000-0400,6652,17283,24982
2018-10-02T00:00:00.000-0400,6882,17217,25020
2018-10-03T00:00:00.000-0400,6361,17179,25049
2018-10-04T00:00:00.000-0400,6141,17182,25018
2018-10-05T00:00:00.000-0400,4616,17127,24983
2018-10-06T00:00:00.000-0400,2367,17011,24935
2018-10-07T00:00:00.000-0400,2838,16721,24895
2018-10-08T00:00:00.000-0400,4397,16152,24936
2018-10-09T00:00:00.000-0400,5326,15673,24951
2018-10-10T00:00:00.000-0400,7234,16222,24965
2018-10-11T00:00:00.000-0400,5813,16172,24938
2018-10-12T00:00:00.000-0400,4607,16148,24934
2018-10-13T00:00:00.000-0400,2559,16274,24905
2018-10-14T00:00:00.000-0400,3966,16662,24920
2018-10-15T00:00:00.000-0400,6856,17384,24960
2018-10-16T00:00:00.000-0400,6987,17720,24985
2018-10-17T00:00:00.000-0400,6642,17481,24961
2018-10-18T00:00:00.000-0400,6217,17536,24945
2018-10-19T00:00:00.000-0400,4936,17599,24924
2018-10-20T00:00:00.000-0400,2631,17591,24868
2018-10-21T00:00:00.000-0400,3671,17470,24871
2018-10-22T00:00:00.000-0400,6671,17404,24967
2018-10-23T00:00:00.000-0400,6682,17307,25033
2018-10-24T00:00:00.000-0400,6654,17346,25043
2018-10-25T00:00:00.000-0400,6302,17306,25038
2018-10-26T00:00:00.000-0400,4796,17221,25026
2018-10-27T00:00:00.000-0400,2795,17274,25007
2018-10-28T00:00:00.000-0400,3935,17422,24987
2018-10-29T00:00:00.000-0400,6816,17485,25054
2018-10-30T00:00:00.000-0400,6814,17536,25097
2018-10-31T00:00:00.000-0400,6045,17324,25093
2018-11-01T00:00:00.000-0400,6251,17374,25099
2018-11-02T00:00:00.000-0400,4853,17361,25070
2018-11-03T00:00:00.000-0400,2616,17329,25013
2018-11-04T00:00:00.000-0400,3776,17305,24998
2018-11-05T00:00:00.000-0500,7018,17357,25069
2018-11-06T00:00:00.000-0500,6775,17389,25123
2018-11-07T00:00:00.000-0500,6673,17566,25162
2018-11-08T00:00:00.000-0500,6347,17593,25185
2018-11-09T00:00:00.000-0500,4877,17551,25157
2018-11-10T00:00:00.000-0500,2766,17550,25114
2018-11-11T00:00:00.000-0500,3769,17548,25113
2018-11-12T00:00:00.000-0500,6922,17607,25192
2018-11-13T00:00:00.000-0500,7071,17763,25241
2018-11-14T00:00:00.000-0500,6837,17777,25271
2018-11-15T00:00:00.000-0500,6486,17803,25287
2018-11-16T00:00:00.000-0500,5015,17817,25275
2018-11-17T00:00:00.000-0500,2826,17850,25249
2018-11-18T00:00:00.000-0500,3722,17901,25255
2018-11-19T00:00:00.000-0500,7064,17899,25352
2018-11-20T00:00:00.000-0500,5950,17501,25383
2018-11-21T00:00:00.000-0500,3392,16439,25337
2018-11-22T00:00:00.000-0500,2053,15133,25270
2018-11-24T00:00:00.000-0500,2998,14673,25210
2018-11-25T00:00:00.000-0500,4436,15204,25202
2018-11-26T00:00:00.000-0500,10303,16930,25362
2018-11-27T00:00:00.000-0500,10214,17912,25483
2018-11-28T00:00:00.000-0500,6912,17896,25459
2018-11-29T00:00:00.000-0500,5776,18761,25452
2018-11-30T00:00:00.000-0500,5082,19088,25455
2018-12-01T00:00:00.000-0500,3141,19024,25427
2018-12-02T00:00:00.000-0500,3703,18751,25433
2018-12-03T00:00:00.000-0500,6061,17890,25527
2018-12-04T00:00:00.000-0500,5469,17009,25586
2018-12-05T00:00:00.000-0500,5031,16215,25606
2018-12-06T00:00:00.000-0500,4293,15615,25626
2018-12-07T00:00:00.000-0500,3119,14916,25555
2018-12-08T00:00:00.000-0500,2055,14594,25472
2018-12-09T00:00:00.000-0500,2292,14095,25437
2018-12-10T00:00:00.000-0500,3224,12993,25460
2018-12-11T00:00:00.000-0500,3212,12113,25456
2018-12-12T00:00:00.000-0500,3900,11553,25410
2018-12-13T00:00:00.000-0500,3637,11096,25343
2018-12-14T00:00:00.000-0500,3115,11075,25242
2018-12-15T00:00:00.000-0500,1881,11017,25144
2018-12-16T00:00:00.000-0500,2005,10930,25063
2018-12-17T00:00:00.000-0500,3591,11048,25095
2018-12-18T00:00:00.000-0500,3414,11047,25070
2018-12-19T00:00:00.000-0500,3253,10691,24898
2018-12-20T00:00:00.000-0500,4452,11204,24857
2018-12-21T00:00:00.000-0500,2645,10288,24737
2018-12-22T00:00:00.000-0500,1655,10217,24716
2018-12-23T00:00:00.000-0500,3454,11096,24698
2018-12-24T00:00:00.000-0500,1638,9248,24523
2018-12-25T00:00:00.000-0500,1724,8544,24277
2018-12-26T00:00:00.000-0500,2330,8223,23780
2018-12-27T00:00:00.000-0500,2434,7917,23247
2018-12-28T00:00:00.000-0500,2316,7677,22756
2018-12-29T00:00:00.000-0500,1896,7891,22334
2018-12-30T00:00:00.000-0500,1965,8161,21940
2018-12-31T00:00:00.000-0500,2126,8465,21777
2019-01-01T00:00:00.000-0500,2366,8894,21519
2019-01-02T00:00:00.000-0500,4701,10443,21142
2019-01-03T00:00:00.000-0500,4033,11255,20890
2019-01-04T00:00:00.000-0500,6138,13166,20956
2019-01-05T00:00:00.000-0500,2216,11831,20161
2019-01-06T00:00:00.000-0500,2411,12009,20167
2019-01-07T00:00:00.000-0500,4483,12964,20442
2019-01-08T00:00:00.000-0500,4008,13452,20665
2019-01-09T00:00:00.000-0500,4127,13039,20838
2019-01-10T00:00:00.000-0500,4235,13063,21040
2019-01-11T00:00:00.000-0500,4017,13170,21219
2019-01-12T00:00:00.000-0500,2810,13397,21293
2019-01-13T00:00:00.000-0500,4132,14326,21637
2019-01-14T00:00:00.000-0500,6807,15464,22362
2019-01-15T00:00:00.000-0500,6142,16310,22858
2019-01-16T00:00:00.000-0500,6413,17131,23169
2019-01-17T00:00:00.000-0500,6749,17881,23455
2019-01-18T00:00:00.000-0500,4602,17631,23493
2019-01-19T00:00:00.000-0500,2452,17496,23478
2019-01-20T00:00:00.000-0500,2843,17034,23506
2019-01-21T00:00:00.000-0500,3727,16051,23635
2019-01-22T00:00:00.000-0500,6168,15957,23829
2019-01-23T00:00:00.000-0500,5761,15635,23990
2019-01-24T00:00:00.000-0500,5225,15275,24089
2019-01-25T00:00:00.000-0500,4183,15050,24099
2019-01-26T00:00:00.000-0500,2440,15105,24097
2019-01-27T00:00:00.000-0500,4510,15626,24134
2019-01-28T00:00:00.000-0500,6437,16184,24200
2019-01-29T00:00:00.000-0500,5997,16140,24260
2019-01-30T00:00:00.000-0500,6266,16392,24348
2019-01-31T00:00:00.000-0500,5890,16683,24403
2019-02-01T00:00:00.000-0500,4574,16832,24396
2019-02-02T00:00:00.000-0500,2447,16807,24347
2019-02-03T00:00:00.000-0500,3276,16649,24292
2019-02-04T00:00:00.000-0500,5948,16314,24329
2019-02-05T00:00:00.000-0500,5953,16318,24387
2019-02-06T00:00:00.000-0500,5816,16055,24385
2019-02-07T00:00:00.000-0500,5392,15827,24373
2019-02-08T00:00:00.000-0500,4384,15701,24362
2019-02-09T00:00:00.000-0500,2519,15719,24325
2019-02-10T00:00:00.000-0500,3611,15920,24329
2019-02-11T00:00:00.000-0500,6529,16156,24347
2019-02-12T00:00:00.000-0500,6095,16192,24351
2019-02-13T00:00:00.000-0500,6189,16392,24272
2019-02-14T00:00:00.000-0500,5378,16469,24203
2019-02-15T00:00:00.000-0500,4438,16491,24127
2019-02-16T00:00:00.000-0500,2562,16429,24037
2019-02-17T00:00:00.000-0500,3597,16458,24028
2019-02-18T00:00:00.000-0500,6190,16398,24186
2019-02-19T00:00:00.000-0500,6142,16456,24244
2019-02-20T00:00:00.000-0500,5928,16287,24309
2019-02-21T00:00:00.000-0500,5502,16344,24285
2019-02-22T00:00:00.000-0500,4398,16257,24227
2019-02-23T00:00:00.000-0500,2590,16274,24222
2019-02-24T00:00:00.000-0500,3536,16234,24218
2019-02-25T00:00:00.000-0500,6519,16278,24263
2019-02-26T00:00:00.000-0500,6152,16241,24281
2019-02-27T00:00:00.000-0500,6342,16487,24272
2019-02-28T00:00:00.000-0500,5793,16646,24271
2019-03-01T00:00:00.000-0500,4354,16611,24255
2019-03-02T00:00:00.000-0500,2160,16501,24202
2019-03-03T00:00:00.000-0500,2486,16219,24180
2019-03-04T00:00:00.000-0500,3701,15382,24230
2019-03-05T00:00:00.000-0500,3700,14535,24258
2019-03-06T00:00:00.000-0500,3486,13277,24255
2019-03-07T00:00:00.000-0500,3600,12194,24218
2019-03-08T00:00:00.000-0500,3278,11637,24173
2019-03-09T00:00:00.000-0500,2471,11858,24120
2019-03-10T00:00:00.000-0500,3727,12623,24105
2019-03-11T00:00:00.000-0400,7145,14580,24185
2019-03-12T00:00:00.000-0400,6823,15880,24243
2019-03-13T00:00:00.000-0400,6363,16832,24265
2019-03-14T00:00:00.000-0400,5934,17438,24264
2019-03-15T00:00:00.000-0400,4738,17808,24231
2019-03-16T00:00:00.000-0400,2507,17774,24199
2019-03-17T00:00:00.000-0400,3491,17673,24202
2019-03-18T00:00:00.000-0400,6014,17137,24289
2019-03-19T00:00:00.000-0400,5969,16733,24329
2019-03-20T00:00:00.000-0400,5784,16385,24302
2019-03-21T00:00:00.000-0400,5414,16200,24306
2019-03-22T00:00:00.000-0400,4272,15958,24285
2019-03-23T00:00:00.000-0400,2430,15947,24254
2019-03-24T00:00:00.000-0400,3583,15902,24252
2019-03-25T00:00:00.000-0400,6673,16216,24321
2019-03-26T00:00:00.000-0400,6689,16588,24383
2019-03-27T00:00:00.000-0400,6361,16810,24390
2019-03-28T00:00:00.000-0400,6124,17120,24426
2019-03-29T00:00:00.000-0400,4713,17284,24424
2019-03-30T00:00:00.000-0400,2547,17328,24391
2019-03-31T00:00:00.000-0400,3769,17472,24407
2019-04-01T00:00:00.000-0400,6530,17469,24522
2019-04-02T00:00:00.000-0400,6214,17233,24618
2019-04-03T00:00:00.000-0400,5913,17090,24681
2019-04-04T00:00:00.000-0400,5667,16898,24742
2019-04-05T00:00:00.000-0400,4482,16727,24795
2019-04-06T00:00:00.000-0400,2347,16696,24759
2019-04-07T00:00:00.000-0400,3603,16692,24773
2019-04-08T00:00:00.000-0400,6731,16841,24866
2019-04-09T00:00:00.000-0400,6716,16965,24943
2019-04-10T00:00:00.000-0400,6320,17102,24956
2019-04-11T00:00:00.000-0400,6074,17289,24955
2019-04-12T00:00:00.000-0400,4724,17337,24959
2019-04-13T00:00:00.000-0400,2564,17423,24933
2019-04-14T00:00:00.000-0400,3693,17483,24927
2019-04-15T00:00:00.000-0400,6801,17494,25035
2019-04-16T00:00:00.000-0400,6356,17365,25110
2019-04-17T00:00:00.000-0400,6193,17243,25133
2019-04-18T00:00:00.000-0400,5412,17020,25153
2019-04-19T00:00:00.000-0400,2876,16602,25122
2019-04-20T00:00:00.000-0400,2266,16516,25083
2019-04-21T00:00:00.000-0400,3193,16383,25099
2019-04-22T00:00:00.000-0400,6797,16426,25174
2019-04-23T00:00:00.000-0400,6698,16618,25268
2019-04-24T00:00:00.000-0400,6567,16869,25311
2019-04-25T00:00:00.000-0400,6407,17256,25358
2019-04-26T00:00:00.000-0400,4892,17683,25377
2019-04-27T00:00:00.000-0400,2562,17786,25331
2019-04-28T00:00:00.000-0400,3728,17977,25329
2019-04-29T00:00:00.000-0400,7503,18253,25459
2019-04-30T00:00:00.000-0400,7074,18287,25585
2019-05-01T00:00:00.000-0400,6163,18198,25674
2019-05-02T00:00:00.000-0400,5010,17756,25701
2019-05-03T00:00:00.000-0400,4420,17517,25712
2019-05-04T00:00:00.000-0400,2519,17503,25674
2019-05-05T00:00:00.000-0400,3196,17331,25678
2019-05-06T00:00:00.000-0400,5632,16666,25771
2019-05-07T00:00:00.000-0400,5211,15936,25838
2019-05-08T00:00:00.000-0400,4899,15489,25850
2019-05-09T00:00:00.000-0400,4674,15441,25897
2019-05-10T00:00:00.000-0400,3310,15053,25880
2019-05-11T00:00:00.000-0400,2051,14938,25846
2019-05-12T00:00:00.000-0400,2134,14552,25825
2019-05-13T00:00:00.000-0400,4307,14108,25943
2019-05-14T00:00:00.000-0400,4196,13679,25996
2019-05-15T00:00:00.000-0400,4312,13471,26032
2019-05-16T00:00:00.000-0400,3910,13039,26040
2019-05-17T00:00:00.000-0400,3284,12984,26006
2019-05-18T00:00:00.000-0400,1985,12950,25961
2019-05-19T00:00:00.000-0400,2291,13035,25970
2019-05-20T00:00:00.000-0400,4296,12916,26037
2019-05-21T00:00:00.000-0400,4378,12950,26103
2019-05-22T00:00:00.000-0400,4191,12782,26043
2019-05-23T00:00:00.000-0400,4089,12821,25933
2019-05-24T00:00:00.000-0400,4009,13042,25836
2019-05-24T00:00:00.000-0400,4009,13042,25836
2019-05-24T00:00:00.000-0400,4009,13042,25836
2019-05-24T00:00:00.000-0400,4009,13042,25836
2019-05-24T00:00:00.000-0400,4009,13042,25836
2019-05-24T00:00:00.000-0400,4009,13042,25836
2019-05-24T00:00:00.000-0400,4009,13042,25836
2019-05-24T00:00:00.000-0400,4009,13042,25836
2019-05-25T00:00:00.000-0400,1839,12752,25570
2019-05-25T00:00:00.000-0400,1839,12752,25570
2019-05-25T00:00:00.000-0400,1839,12752,25570
2019-05-25T00:00:00.000-0400,1839,12752,25570
2019-05-25T00:00:00.000-0400,1839,12752,25570
2019-05-25T00:00:00.000-0400,1839,12752,25570
2019-05-25T00:00:00.000-0400,1839,12752,25570
2019-05-25T00:00:00.000-0400,1839,12752,25570
2019-05-26T00:00:00.000-0400,1898,12562,25429
2019-05-27T00:00:00.000-0400,2396,11929,25414
2019-05-28T00:00:00.000-0400,4479,12063,25397
2019-05-29T00:00:00.000-0400,4079,12122,25139
2019-05-30T00:00:00.000-0400,3876,12107,24853
2019-05-31T00:00:00.000-0400,3474,12130,24651
2019-06-01T00:00:00.000-0400,2022,12229,24464
2019-06-02T00:00:00.000-0400,2428,12481,24311
2019-06-03T00:00:00.000-0400,4155,13151,24363
2019-06-04T00:00:00.000-0400,3974,12891,24324
2019-06-05T00:00:00.000-0400,3855,12781,24115
2019-06-06T00:00:00.000-0400,3573,12575,23851
2019-06-07T00:00:00.000-0400,3144,12407,23616
2019-06-08T00:00:00.000-0400,1983,12396,23276
2019-06-09T00:00:00.000-0400,2352,12365,23214
2019-06-10T00:00:00.000-0400,3795,12167,23321
2019-06-11T00:00:00.000-0400,3841,12027,23380
2019-06-12T00:00:00.000-0400,3740,12004,23301
2019-06-13T00:00:00.000-0400,3477,12075,23259
2019-06-14T00:00:00.000-0400,3024,12053,23174
2019-06-15T00:00:00.000-0400,2112,12181,23069
2019-06-16T00:00:00.000-0400,2272,12177,23021
2019-06-17T00:00:00.000-0400,4029,12377,23129
2019-06-18T00:00:00.000-0400,4062,12521,23219
2019-06-19T00:00:00.000-0400,3943,12664,23253
2019-06-20T00:00:00.000-0400,3579,12704,23220
2019-06-21T00:00:00.000-0400,3003,12651,23174
2019-06-22T00:00:00.000-0400,1940,12507,23026
2019-06-23T00:00:00.000-0400,2126,12479,22958
2019-06-24T00:00:00.000-0400,3757,12344,23095
2019-06-25T00:00:00.000-0400,3777,12140,23212
2019-06-26T00:00:00.000-0400,3513,11899,23297
2019-06-27T00:00:00.000-0400,3424,11758,23256
2019-06-28T00:00:00.000-0400,2934,11696,23191
2019-06-29T00:00:00.000-0400,1850,11726,23099
2019-06-30T00:00:00.000-0400,2119,11774,23034
2019-07-01T00:00:00.000-0400,3762,11853,23154
2019-07-02T00:00:00.000-0400,3536,11725,23219
2019-07-03T00:00:00.000-0400,3230,11597,23149
2019-07-04T00:00:00.000-0400,1668,10896,22971
2019-07-05T00:00:00.000-0400,3614,11583,23155
2019-07-06T00:00:00.000-0400,1980,11677,23117
2019-07-07T00:00:00.000-0400,2251,11801,23069
2019-07-08T00:00:00.000-0400,4071,12123,23259
2019-07-09T00:00:00.000-0400,3878,12371,23364
2019-07-10T00:00:00.000-0400,3974,12744,23441
2019-07-11T00:00:00.000-0400,3678,13504,23510
2019-07-12T00:00:00.000-0400,3107,13012,23503
2019-07-13T00:00:00.000-0400,1951,12898,23380
2019-07-14T00:00:00.000-0400,2177,12826,23373
2019-07-15T00:00:00.000-0400,4098,12979,23526
2019-07-16T00:00:00.000-0400,3733,12861,23628
2019-07-17T00:00:00.000-0400,3762,12682,23638
2019-07-18T00:00:00.000-0400,3310,12442,23615
2019-07-19T00:00:00.000-0400,3017,12337,23515
2019-07-20T00:00:00.000-0400,1939,12312,23403
2019-07-21T00:00:00.000-0400,2260,12302,23373
2019-07-22T00:00:00.000-0400,4357,12514,23604
2019-07-23T00:00:00.000-0400,4012,12666,23725
2019-07-24T00:00:00.000-0400,3907,12822,23764
2019-07-25T00:00:00.000-0400,3794,13128,23786
2019-07-26T00:00:00.000-0400,3141,13236,23805
2019-07-27T00:00:00.000-0400,1909,13208,23771
2019-07-28T00:00:00.000-0400,2119,13115,23740
2019-07-29T00:00:00.000-0400,4030,12945,23884
2019-07-30T00:00:00.000-0400,3807,12805,24045
2019-07-31T00:00:00.000-0400,3782,12699,24108
2019-08-02T00:00:00.000-0400,3228,12522,24231
2019-08-03T00:00:00.000-0400,1984,12535,24252
2019-08-04T00:00:00.000-0400,2202,12663,24205
2019-08-05T00:00:00.000-0400,4236,12886,24384
2019-08-06T00:00:00.000-0400,3990,13026,24535
2019-08-07T00:00:00.000-0400,3765,13048,24582
2019-08-08T00:00:00.000-0400,3723,13163,24590
2019-08-09T00:00:00.000-0400,3377,13158,24529
2019-08-10T00:00:00.000-0400,2076,13256,24439
2019-08-11T00:00:00.000-0400,2342,13294,24431
2019-08-12T00:00:00.000-0400,4574,13504,24609
2019-08-13T00:00:00.000-0400,4357,13600,24784
2019-08-14T00:00:00.000-0400,4591,14007,24899
2019-08-15T00:00:00.000-0400,4569,14399,25008
2019-08-16T00:00:00.000-0400,4254,14781,25090
2019-08-17T00:00:00.000-0400,2696,14991,25076
