time,google.accounts:drive_used_quota_in_mb,google.accounts:gmail_used_quota_in_mb,google.accounts:gplus_photos_used_quota_in_mb
2015-03-23T00:00:00.000-0400,9537833,29158045,659544
2015-03-24T00:00:00.000-0400,9642866,29226034,660147
2015-03-25T00:00:00.000-0400,9685497,29267718,660152
2015-03-26T00:00:00.000-0400,9712510,29295719,661905
2015-03-27T00:00:00.000-0400,9730366,29312749,662475
2015-03-28T00:00:00.000-0400,9766534,29319137,662552
2015-03-29T00:00:00.000-0400,9791033,29328851,662753
2015-03-30T00:00:00.000-0400,9822766,29378945,663046
2015-03-31T00:00:00.000-0400,9885330,29418071,663140
2015-04-01T00:00:00.000-0400,9971170,29455098,663921
2015-04-02T00:00:00.000-0400,10006753,29480594,663595
2015-04-03T00:00:00.000-0400,10028114,29481373,664366
2015-04-04T00:00:00.000-0400,10042509,29481906,664516
2015-04-05T00:00:00.000-0400,10067408,29489830,665634
2015-04-06T00:00:00.000-0400,10180395,29531580,665763
2015-04-07T00:00:00.000-0400,10230812,29576623,666296
2015-04-08T00:00:00.000-0400,10273205,29617170,666154
2015-04-09T00:00:00.000-0400,10500615,29653106,666233
2015-04-10T00:00:00.000-0400,10533826,29686161,666323
2015-04-11T00:00:00.000-0400,10557748,29693657,666656
2015-04-12T00:00:00.000-0400,10576395,29711656,667937
2015-04-13T00:00:00.000-0400,10651612,29798571,668011
2015-04-14T00:00:00.000-0400,10707231,29854908,668242
2015-04-15T00:00:00.000-0400,10745728,29907766,668833
2015-04-16T00:00:00.000-0400,10801104,29949956,669015
2015-04-17T00:00:00.000-0400,10826705,29970530,669131
2015-04-18T00:00:00.000-0400,10839251,29972322,669743
2015-04-19T00:00:00.000-0400,10872259,29983306,669814
2015-04-20T00:00:00.000-0400,10924652,30011873,670209
2015-04-21T00:00:00.000-0400,10951990,30064038,670031
2015-04-22T00:00:00.000-0400,11036075,30099061,670795
2015-04-23T00:00:00.000-0400,11127441,30124857,671686
2015-04-24T00:00:00.000-0400,11276924,30146812,671773
2015-04-25T00:00:00.000-0400,11301240,30158033,671915
2015-04-26T00:00:00.000-0400,11355422,30170597,671817
2015-04-27T00:00:00.000-0400,11383794,30207816,672080
2015-04-28T00:00:00.000-0400,11467821,30243727,672218
2015-04-29T00:00:00.000-0400,11569367,30283246,671914
2015-04-30T00:00:00.000-0400,11644033,30306778,671989
2015-05-01T00:00:00.000-0400,11738562,30322056,672146
2015-05-02T00:00:00.000-0400,11770266,30325331,672315
2015-05-03T00:00:00.000-0400,11850381,30331655,672763
2015-05-04T00:00:00.000-0400,12163050,30361515,672907
2015-05-05T00:00:00.000-0400,12212798,33067038,673234
2015-05-06T00:00:00.000-0400,12351257,36837106,673999
2015-05-07T00:00:00.000-0400,12449712,37306204,674447
2015-05-08T00:00:00.000-0400,12471299,37809163,675336
2015-05-09T00:00:00.000-0400,12489640,38237473,675412
2015-05-10T00:00:00.000-0400,12507706,38636721,675569
2015-05-11T00:00:00.000-0400,12521115,38901532,675796
2015-05-12T00:00:00.000-0400,12550590,39288528,675800
2015-05-13T00:00:00.000-0400,12572926,39633867,677407
2015-05-14T00:00:00.000-0400,12614562,40031237,678320
2015-05-15T00:00:00.000-0400,12651717,40461215,678467
2015-05-16T00:00:00.000-0400,12376102,40883773,679436
2015-05-17T00:00:00.000-0400,12393008,41307069,679633
2015-05-18T00:00:00.000-0400,12422479,41643752,679719
2015-05-19T00:00:00.000-0400,12499542,42011390,679520
2015-05-20T00:00:00.000-0400,12506895,42475209,679771
2015-05-21T00:00:00.000-0400,12525066,42773854,679956
2015-05-22T00:00:00.000-0400,12544641,43146969,680457
2015-05-23T00:00:00.000-0400,12548707,43622381,681042
2015-05-24T00:00:00.000-0400,12552558,44044078,681494
2015-05-25T00:00:00.000-0400,12557104,44391987,682004
2015-05-26T00:00:00.000-0400,12569240,44712799,682246
2015-05-27T00:00:00.000-0400,12606922,45144624,682307
2015-05-28T00:00:00.000-0400,12633155,45542934,682740
2015-05-29T00:00:00.000-0400,12641578,45961135,683468
2015-05-30T00:00:00.000-0400,12642056,46467739,684460
2015-05-31T00:00:00.000-0400,12647366,46765590,685362
2015-06-01T00:00:00.000-0400,12671795,47034881,685754
2015-06-02T00:00:00.000-0400,12789017,47540411,685973
2015-06-03T00:00:00.000-0400,12997405,47863825,686330
2015-06-04T00:00:00.000-0400,13016011,48271328,686919
2015-06-05T00:00:00.000-0400,13040443,48555968,686985
2015-06-06T00:00:00.000-0400,13052000,48590049,686569
2015-06-07T00:00:00.000-0400,13058516,48568033,687218
2015-06-08T00:00:00.000-0400,13124878,48488000,687313
2015-06-09T00:00:00.000-0400,13134539,48398175,687633
2015-06-10T00:00:00.000-0400,13291251,48476616,687756
2015-06-11T00:00:00.000-0400,13317666,48458411,688183
2015-06-12T00:00:00.000-0400,13353068,48398275,688835
2015-06-13T00:00:00.000-0400,13373435,48399045,690985
2015-06-14T00:00:00.000-0400,13382462,48399233,691660
2015-06-15T00:00:00.000-0400,13484333,48406416,692038
2015-06-16T00:00:00.000-0400,13803792,48344710,692796
2015-06-17T00:00:00.000-0400,13864012,48349633,693186
2015-06-18T00:00:00.000-0400,14033141,48367754,693904
2015-06-19T00:00:00.000-0400,14166095,48342239,694147
2015-06-20T00:00:00.000-0400,14174810,48346237,694401
2015-06-21T00:00:00.000-0400,14177884,48343080,696428
2015-06-22T00:00:00.000-0400,14194612,48304634,698775
2015-06-23T00:00:00.000-0400,14290322,48316292,699054
2015-06-24T00:00:00.000-0400,14299384,48313700,699847
2015-06-25T00:00:00.000-0400,14312228,48326381,700337
2015-06-26T00:00:00.000-0400,14345133,48329830,702437
2015-06-27T00:00:00.000-0400,14354915,48334505,702767
2015-06-28T00:00:00.000-0400,14361325,48338694,703082
2015-06-29T00:00:00.000-0400,14377413,48276140,703555
2015-06-30T00:00:00.000-0400,14385422,48288119,704495
2015-07-01T00:00:00.000-0400,14542711,48290720,705748
2015-07-02T00:00:00.000-0400,14710705,48295687,708162
2015-07-03T00:00:00.000-0400,14923860,48298375,708689
2015-07-04T00:00:00.000-0400,15155693,48299575,709066
2015-07-05T00:00:00.000-0400,15223490,48299815,709434
2015-07-06T00:00:00.000-0400,15325481,48279409,709920
2015-07-07T00:00:00.000-0400,15477894,48288083,710880
2015-07-08T00:00:00.000-0400,15629226,48309014,711730
2015-07-09T00:00:00.000-0400,15636348,48295747,712417
2015-07-10T00:00:00.000-0400,15661579,48313586,712911
2015-07-11T00:00:00.000-0400,15664753,48319431,713151
2015-07-12T00:00:00.000-0400,15677856,48322185,713534
2015-07-13T00:00:00.000-0400,15687956,48329873,713805
2015-07-14T00:00:00.000-0400,15705119,48328876,713961
2015-07-15T00:00:00.000-0400,15728314,48344929,714456
2015-07-16T00:00:00.000-0400,15741419,48354482,715303
2015-07-17T00:00:00.000-0400,15748037,48367137,715747
2015-07-18T00:00:00.000-0400,15754774,48365700,716024
2015-07-19T00:00:00.000-0400,15757362,48363595,717385
2015-07-20T00:00:00.000-0400,15768840,48376862,717775
2015-07-21T00:00:00.000-0400,15778889,48381984,718060
2015-07-22T00:00:00.000-0400,15785637,48379253,718971
2015-07-23T00:00:00.000-0400,15802591,48389952,719421
2015-07-24T00:00:00.000-0400,15811745,48393360,719966
2015-07-25T00:00:00.000-0400,15814318,48398100,721053
2015-07-26T00:00:00.000-0400,15820483,48393228,721916
2015-07-27T00:00:00.000-0400,15842243,48402633,722088
2015-07-28T00:00:00.000-0400,15859778,48411861,725757
2015-07-29T00:00:00.000-0400,15898283,48419007,726561
2015-07-30T00:00:00.000-0400,15941031,48432564,726908
2015-07-31T00:00:00.000-0400,15948322,48433306,727867
2015-08-01T00:00:00.000-0400,15954818,48431255,728381
2015-08-02T00:00:00.000-0400,15965776,48423837,729516
2015-08-03T00:00:00.000-0400,15971870,48446150,731579
2015-08-04T00:00:00.000-0400,15979449,48445799,732481
2015-08-05T00:00:00.000-0400,16007852,48449591,733295
2015-08-06T00:00:00.000-0400,16036476,48456606,733613
2015-08-07T00:00:00.000-0400,16059632,48470267,735923
2015-08-08T00:00:00.000-0400,16076946,48474293,736219
2015-08-09T00:00:00.000-0400,16091915,48480861,737140
2015-08-10T00:00:00.000-0400,16097916,48497030,737470
2015-08-11T00:00:00.000-0400,16161496,48511543,737772
2015-08-12T00:00:00.000-0400,16996703,48541471,738359
2015-08-13T00:00:00.000-0400,17862142,48558164,738813
2015-08-14T00:00:00.000-0400,17962161,48574188,739814
2015-08-15T00:00:00.000-0400,17979078,48584249,742294
2015-08-16T00:00:00.000-0400,18015413,48593833,742690
2015-08-19T00:00:00.000-0400,18195331,48710468,745904
2015-08-20T00:00:00.000-0400,18271393,48740364,746929
2015-08-21T00:00:00.000-0400,18293701,48762499,747292
2015-08-22T00:00:00.000-0400,18301987,48767167,747921
2015-08-23T00:00:00.000-0400,18311108,48774928,748549
2015-08-24T00:00:00.000-0400,18342594,48823980,749372
2015-08-25T00:00:00.000-0400,18360964,48874665,750064
2015-08-26T00:00:00.000-0400,18386882,48917892,750889
2015-08-27T00:00:00.000-0400,18402987,48943740,751804
2015-08-28T00:00:00.000-0400,18420455,48976879,752010
2015-08-29T00:00:00.000-0400,18426004,48982663,753335
2015-08-30T00:00:00.000-0400,18426911,48954412,754326
2015-08-31T00:00:00.000-0400,18457880,48987445,754801
2015-09-01T00:00:00.000-0400,18524207,49009836,757569
2015-09-02T00:00:00.000-0400,18671132,49053772,757810
2015-09-03T00:00:00.000-0400,18724853,49097018,759993
2015-09-04T00:00:00.000-0400,18737157,49118034,760538
2015-09-05T00:00:00.000-0400,18746747,49124543,761472
2015-09-06T00:00:00.000-0400,18762704,49134847,762474
2015-09-07T00:00:00.000-0400,18786540,49147520,764925
2015-09-08T00:00:00.000-0400,18841404,49192890,765521
2015-09-09T00:00:00.000-0400,18883330,49248765,766380
2015-09-10T00:00:00.000-0400,18903630,49273271,766800
2015-09-11T00:00:00.000-0400,18916574,49273775,767481
2015-09-12T00:00:00.000-0400,18927027,49282051,768468
2015-09-14T00:00:00.000-0400,18999198,49345505,775846
2015-09-15T00:00:00.000-0400,19037321,49392876,776723
2015-09-16T00:00:00.000-0400,19065860,49444330,778065
2015-09-17T00:00:00.000-0400,19124057,49477627,778595
2015-09-18T00:00:00.000-0400,19177810,49504210,778245
2015-09-19T00:00:00.000-0400,19238846,49501614,778745
2015-09-20T00:00:00.000-0400,19276236,49491124,779575
2015-09-21T00:00:00.000-0400,19316573,49513747,779990
2015-09-22T00:00:00.000-0400,19424641,49557911,780534
2015-09-23T00:00:00.000-0400,19522037,49592129,780975
2015-09-24T00:00:00.000-0400,19571448,49629889,782178
2015-09-25T00:00:00.000-0400,19608375,49676626,784127
2015-09-26T00:00:00.000-0400,19617225,49695068,788601
2015-09-27T00:00:00.000-0400,19632839,49707438,789628
2015-09-28T00:00:00.000-0400,19674891,49759840,790648
2015-09-29T00:00:00.000-0400,19703022,49806080,791630
2015-09-30T00:00:00.000-0400,19721204,49844185,794331
2015-10-01T00:00:00.000-0400,19789165,49856382,795260
2015-10-02T00:00:00.000-0400,19856943,49870277,796973
2015-10-03T00:00:00.000-0400,19864509,49883668,797480
2015-10-04T00:00:00.000-0400,19903624,49897327,798843
2015-10-05T00:00:00.000-0400,19931692,49941260,799151
2015-10-06T00:00:00.000-0400,19971988,49980918,801281
2015-10-07T00:00:00.000-0400,20012180,50030115,802261
2015-10-08T00:00:00.000-0400,20057835,50067354,803114
2015-10-09T00:00:00.000-0400,20076443,50094297,804985
2015-10-10T00:00:00.000-0400,20093888,50102628,811124
2015-10-11T00:00:00.000-0400,20101726,50112516,814118
2015-10-12T00:00:00.000-0400,20132414,50143954,815179
2015-10-13T00:00:00.000-0400,20204283,50177195,819429
2015-10-14T00:00:00.000-0400,20284539,50212388,820716
2015-10-15T00:00:00.000-0400,20326919,50269403,822448
2015-10-19T00:00:00.000-0400,20419372,50364573,826305
2015-10-20T00:00:00.000-0400,20489102,50415905,829388
2015-10-21T00:00:00.000-0400,20558054,50455867,831285
2015-10-22T00:00:00.000-0400,20643542,50492046,832338
2015-10-23T00:00:00.000-0400,20660996,50508275,833024
2015-10-24T00:00:00.000-0400,20677916,50519635,834422
2015-10-25T00:00:00.000-0400,20694554,50532070,835122
2015-10-26T00:00:00.000-0400,20769451,50582528,835964
2015-10-27T00:00:00.000-0400,20808875,50618422,839886
2015-10-28T00:00:00.000-0400,20887486,50661991,839332
2015-10-29T00:00:00.000-0400,20949987,50671014,843316
2015-10-30T00:00:00.000-0400,20981109,50687136,846519
2015-10-31T00:00:00.000-0400,20995095,50693654,848715
2015-11-01T00:00:00.000-0400,21008942,50701457,852374
2015-11-02T00:00:00.000-0500,21081151,50729788,853174
2015-11-03T00:00:00.000-0500,21142464,50780110,855290
2015-11-04T00:00:00.000-0500,21330517,50813674,855811
2015-11-05T00:00:00.000-0500,21401332,50853010,855619
2015-11-06T00:00:00.000-0500,21462387,50880139,855280
2015-11-07T00:00:00.000-0500,21505689,50889448,856754
2015-11-08T00:00:00.000-0500,21520089,50908568,859379
2015-11-09T00:00:00.000-0500,21657033,50929806,860006
2015-11-10T00:00:00.000-0500,21705807,50960857,860962
2015-11-12T00:00:00.000-0500,21875687,51050657,865250
2015-11-13T00:00:00.000-0500,21976669,51073086,864779
2015-11-14T00:00:00.000-0500,21996751,51085448,866155
2015-11-15T00:00:00.000-0500,22063608,51099638,867192
2015-11-16T00:00:00.000-0500,22119692,51117855,870497
2015-11-17T00:00:00.000-0500,22219281,51182381,873869
2015-11-18T00:00:00.000-0500,22275844,51203383,874504
2015-11-19T00:00:00.000-0500,22352407,51226957,875548
2015-11-20T00:00:00.000-0500,22431599,51254829,876581
2015-11-21T00:00:00.000-0500,22488696,51260398,877127
2015-11-22T00:00:00.000-0500,22539141,51297863,877706
2015-11-23T00:00:00.000-0500,22655335,51328299,879468
2015-11-24T00:00:00.000-0500,22760557,51371666,879998
2015-11-25T00:00:00.000-0500,22854595,51387223,879707
2015-11-26T00:00:00.000-0500,22998125,51395700,880368
2015-11-27T00:00:00.000-0500,23074388,51409113,880561
2015-11-28T00:00:00.000-0500,23084475,51416006,880115
2015-11-29T00:00:00.000-0500,23107399,51421505,881244
2015-11-30T00:00:00.000-0500,23263736,51466970,882606
2015-12-01T00:00:00.000-0500,23398661,51500414,883595
2015-12-02T00:00:00.000-0500,23481701,51540247,884991
2015-12-03T00:00:00.000-0500,23537892,51540485,886265
2015-12-04T00:00:00.000-0500,23679381,51567323,888916
2015-12-05T00:00:00.000-0500,23692217,51585717,889652
2015-12-06T00:00:00.000-0500,23730722,51598566,890510
2015-12-07T00:00:00.000-0500,23818054,51598911,892195
2015-12-08T00:00:00.000-0500,23883041,51629999,893903
2015-12-09T00:00:00.000-0500,23955762,51664725,894508
2015-12-10T00:00:00.000-0500,23949772,51686218,895918
2015-12-12T00:00:00.000-0500,24031806,51708042,897106
2015-12-13T00:00:00.000-0500,24044108,51713854,897829
2015-12-14T00:00:00.000-0500,24171308,51727834,897696
2015-12-15T00:00:00.000-0500,24207843,51748728,898127
2015-12-16T00:00:00.000-0500,24220210,51754973,900498
2015-12-17T00:00:00.000-0500,24315509,51769904,901250
2015-12-18T00:00:00.000-0500,24388007,51775897,901231
2015-12-19T00:00:00.000-0500,24398860,51778328,901443
2015-12-20T00:00:00.000-0500,24420798,51783785,901691
2015-12-21T00:00:00.000-0500,24431663,51795914,903509
2015-12-22T00:00:00.000-0500,24497098,51803929,903666
2015-12-23T00:00:00.000-0500,24515910,51797353,904476
2015-12-24T00:00:00.000-0500,24518970,51799748,905027
2015-12-25T00:00:00.000-0500,24822454,51803411,906828
2015-12-26T00:00:00.000-0500,24549454,51807296,907220
2015-12-27T00:00:00.000-0500,24562286,51811909,908763
2015-12-28T00:00:00.000-0500,24576039,51820713,910601
2015-12-29T00:00:00.000-0500,24603627,51828046,911704
2015-12-30T00:00:00.000-0500,24614193,51834715,911995
2015-12-31T00:00:00.000-0500,24631241,51829925,912478
2016-01-01T00:00:00.000-0500,24642609,51830831,912760
2016-01-02T00:00:00.000-0500,24649273,51832106,913902
2016-01-04T00:00:00.000-0500,24678643,51857128,915796
2016-01-05T00:00:00.000-0500,24715072,51877778,915827
2016-01-06T00:00:00.000-0500,24751223,51885612,916989
2016-01-07T00:00:00.000-0500,24803588,51914464,918173
2016-01-09T00:00:00.000-0500,24803375,51944592,918866
2016-01-10T00:00:00.000-0500,24823870,51942966,918998
2016-01-11T00:00:00.000-0500,24927134,51974019,919350
2016-01-12T00:00:00.000-0500,25029323,52014114,920223
2016-01-13T00:00:00.000-0500,25103772,52063058,919938
2016-01-14T00:00:00.000-0500,25190146,52098100,920521
2016-01-15T00:00:00.000-0500,25217389,52117774,921570
2016-01-16T00:00:00.000-0500,25226893,52115408,921881
2016-01-17T00:00:00.000-0500,25246790,52125177,922108
2016-01-18T00:00:00.000-0500,25278228,52150514,923108
2016-01-19T00:00:00.000-0500,25227371,52195729,923418
2016-01-20T00:00:00.000-0500,25268091,52220714,923714
2016-01-21T00:00:00.000-0500,25345324,52253983,923994
2016-01-22T00:00:00.000-0500,25361391,52270693,924408
2016-01-23T00:00:00.000-0500,25393274,52282490,924589
2016-01-24T00:00:00.000-0500,25438189,52279743,925070
2016-01-25T00:00:00.000-0500,25466673,52312487,925699
2016-01-26T00:00:00.000-0500,25635890,52360162,925793
2016-01-27T00:00:00.000-0500,25694944,52385267,926327
2016-01-28T00:00:00.000-0500,25733538,52419237,927908
2016-01-29T00:00:00.000-0500,25839196,52435751,928536
2016-01-30T00:00:00.000-0500,25851255,52445011,928821
2016-01-31T00:00:00.000-0500,25892720,52458759,928942
2016-02-01T00:00:00.000-0500,26007232,52493300,929860
2016-02-02T00:00:00.000-0500,26087272,52549709,930185
2016-02-03T00:00:00.000-0500,26133894,52562368,930382
2016-02-04T00:00:00.000-0500,26947908,52577747,930649
2016-02-05T00:00:00.000-0500,27974582,52594092,931552
2016-02-06T00:00:00.000-0500,27984859,52601981,929433
2016-02-07T00:00:00.000-0500,27995687,52605594,929660
2016-02-08T00:00:00.000-0500,28261632,52636886,929936
2016-02-09T00:00:00.000-0500,28397660,52687709,930842
2016-02-10T00:00:00.000-0500,28512527,52717347,931281
2016-02-11T00:00:00.000-0500,28618917,52753682,932602
2016-02-12T00:00:00.000-0500,28691212,52782973,933038
2016-02-13T00:00:00.000-0500,28724333,52787385,933584
2016-02-14T00:00:00.000-0500,28738984,52797567,934423
2016-02-15T00:00:00.000-0500,28777633,52818865,934227
2016-02-16T00:00:00.000-0500,28872178,52856779,935118
2016-02-17T00:00:00.000-0500,28968732,52896986,936043
2016-02-18T00:00:00.000-0500,29076970,52923343,936966
2016-02-19T00:00:00.000-0500,29099247,52926978,937129
2016-02-20T00:00:00.000-0500,29124010,52935047,937334
2016-02-21T00:00:00.000-0500,29156256,52950541,938614
2016-02-22T00:00:00.000-0500,29284238,52998877,939973
2016-02-23T00:00:00.000-0500,29399364,53045576,941301
2016-02-24T00:00:00.000-0500,29470188,53071998,941557
2016-02-25T00:00:00.000-0500,29579245,53111666,942355
2016-02-26T00:00:00.000-0500,29713650,53138888,943016
2016-02-27T00:00:00.000-0500,29796229,53146386,942928
2016-02-28T00:00:00.000-0500,29903109,53156794,943601
2016-02-29T00:00:00.000-0500,30162109,53196214,944110
2016-03-01T00:00:00.000-0500,30335527,53237820,945230
2016-03-02T00:00:00.000-0500,30552316,53308392,950551
2016-03-03T00:00:00.000-0500,30655332,53333315,951022
2016-03-04T00:00:00.000-0500,30686117,53353569,953552
2016-03-05T00:00:00.000-0500,30691733,53354347,954310
2016-03-06T00:00:00.000-0500,30702147,53360196,954481
2016-03-07T00:00:00.000-0500,30759026,53368601,954907
2016-03-08T00:00:00.000-0500,30800791,53382895,955773
2016-03-09T00:00:00.000-0500,30824783,53409267,955903
2016-03-10T00:00:00.000-0500,30875130,53397129,956759
2016-03-11T00:00:00.000-0500,30902569,53404030,968045
2016-03-12T00:00:00.000-0500,30927918,53411203,981114
2016-03-13T00:00:00.000-0500,30949463,53424226,981244
2016-03-14T00:00:00.000-0400,31009172,53485015,982674
2016-03-15T00:00:00.000-0400,31117060,53539739,983385
2016-03-16T00:00:00.000-0400,31197951,53586281,984199
2016-03-17T00:00:00.000-0400,31272274,53618114,984697
2016-03-18T00:00:00.000-0400,31300919,53646034,984932
2016-03-19T00:00:00.000-0400,31317936,53655620,985338
2016-03-20T00:00:00.000-0400,31340005,53668578,988588
2016-03-21T00:00:00.000-0400,31433320,53729374,989019
2016-03-22T00:00:00.000-0400,31535750,53783074,989810
2016-03-23T00:00:00.000-0400,31621355,53810218,990419
2016-03-24T00:00:00.000-0400,31677783,53845921,990809
2016-03-25T00:00:00.000-0400,31693301,53844302,990993
2016-03-26T00:00:00.000-0400,31706563,53848601,991552
2016-03-27T00:00:00.000-0400,31730176,53851535,992189
2016-03-28T00:00:00.000-0400,32044918,53889210,992739
2016-03-29T00:00:00.000-0400,32104515,53950080,993146
2016-03-30T00:00:00.000-0400,32236817,53988809,996062
2016-03-31T00:00:00.000-0400,32346992,54024016,997793
2016-04-01T00:00:00.000-0400,32612290,54052337,998291
2016-04-02T00:00:00.000-0400,32744690,54061290,999223
2016-04-03T00:00:00.000-0400,32778312,54075095,1000188
2016-04-04T00:00:00.000-0400,32846893,54116211,1001776
2016-04-05T00:00:00.000-0400,33029259,54170499,1002760
2016-04-08T00:00:00.000-0400,33817455,54255760,1008222
2016-04-09T00:00:00.000-0400,34677015,54263267,1008520
2016-04-10T00:00:00.000-0400,34742154,54262827,1010027
2016-04-11T00:00:00.000-0400,34934338,54314138,1010520
2016-04-12T00:00:00.000-0400,35057863,54361184,1011227
2016-04-13T00:00:00.000-0400,35329496,54406682,1013033
2016-04-15T00:00:00.000-0400,35889416,54470886,1014419
2016-04-16T00:00:00.000-0400,35910477,54479919,1015784
2016-04-17T00:00:00.000-0400,35997349,54496949,1020135
2016-04-18T00:00:00.000-0400,36278427,54542015,1025416
2016-04-20T00:00:00.000-0400,36955970,54659472,1026899
2016-04-21T00:00:00.000-0400,37307251,54685144,1027678
2016-04-22T00:00:00.000-0400,37403361,54698594,1027735
2016-04-23T00:00:00.000-0400,37634975,54708769,1030157
2016-04-24T00:00:00.000-0400,37696674,54725951,1030491
2016-04-25T00:00:00.000-0400,37789191,54770272,1031524
2016-04-26T00:00:00.000-0400,38201873,54810745,1034493
2016-04-27T00:00:00.000-0400,38355521,54851073,1035997
2016-04-29T00:00:00.000-0400,38598994,54890629,1039208
2016-04-30T00:00:00.000-0400,38625076,54900336,1039693
2016-05-01T00:00:00.000-0400,38670698,54912355,1040125
2016-05-02T00:00:00.000-0400,38797023,54909075,1041152
2016-05-03T00:00:00.000-0400,38885452,54936940,1041632
2016-05-04T00:00:00.000-0400,38965830,54964958,1041765
2016-05-05T00:00:00.000-0400,38973332,54988556,1043202
2016-05-06T00:00:00.000-0400,39361204,55005982,1043332
2016-05-07T00:00:00.000-0400,39409791,55010821,1043515
2016-05-08T00:00:00.000-0400,39429085,55018031,1044084
2016-05-09T00:00:00.000-0400,39526334,55037188,1044560
2016-05-10T00:00:00.000-0400,39585807,55050844,1044888
2016-05-11T00:00:00.000-0400,39622553,55069148,1046044
2016-05-12T00:00:00.000-0400,39678204,55093776,1046754
2016-05-13T00:00:00.000-0400,39760267,55095869,1047266
2016-05-14T00:00:00.000-0400,39785999,55101330,1048384
2016-05-15T00:00:00.000-0400,39819877,55106450,1048250
2016-05-16T00:00:00.000-0400,39864038,55124776,1050180
2016-05-17T00:00:00.000-0400,39919192,55148249,1050820
2016-05-18T00:00:00.000-0400,39971371,55161229,1058776
2016-05-19T00:00:00.000-0400,40009218,55169987,1059512
2016-05-20T00:00:00.000-0400,40037463,55178512,1061450
2016-05-21T00:00:00.000-0400,40051277,55180509,1062212
2016-05-22T00:00:00.000-0400,40063865,55186237,1061167
2016-05-23T00:00:00.000-0400,40157149,55218790,1066161
2016-05-24T00:00:00.000-0400,40188319,55232346,1068276
2016-05-25T00:00:00.000-0400,40279539,55249763,1070663
2016-05-27T00:00:00.000-0400,40431525,55288252,1081362
2016-05-28T00:00:00.000-0400,40434136,55291744,1081716
2016-05-29T00:00:00.000-0400,40513396,55294835,1081847
2016-05-30T00:00:00.000-0400,40530836,55303646,1081909
2016-05-31T00:00:00.000-0400,40620582,55335535,1086167
2016-06-02T00:00:00.000-0400,40806943,55371467,1092326
2016-06-03T00:00:00.000-0400,40846250,55381486,1095888
2016-06-04T00:00:00.000-0400,40860198,55381511,1096126
2016-06-05T00:00:00.000-0400,40926226,55405274,1096647
2016-06-06T00:00:00.000-0400,40929186,55408378,1097605
2016-06-08T00:00:00.000-0400,41085618,55440575,1098586
2016-06-09T00:00:00.000-0400,41199650,55445223,1099000
2016-06-10T00:00:00.000-0400,41218237,55456006,1099419
2016-06-11T00:00:00.000-0400,41229399,55459698,1100601
2016-06-12T00:00:00.000-0400,41247905,55464009,1100842
2016-06-13T00:00:00.000-0400,41319947,55488817,1102680
2016-06-14T00:00:00.000-0400,41383434,55499968,1105067
2016-06-15T00:00:00.000-0400,41846526,55518347,1105140
2016-06-16T00:00:00.000-0400,42058274,55530703,1106541
2016-06-17T00:00:00.000-0400,42229789,55542534,1106913
2016-06-18T00:00:00.000-0400,42245308,55543106,1107812
2016-06-19T00:00:00.000-0400,42273431,55549338,1113920
2016-06-20T00:00:00.000-0400,42304202,55543271,1113926
2016-06-21T00:00:00.000-0400,42714909,55563699,1114328
2016-06-22T00:00:00.000-0400,42815303,55579195,1115222
2016-06-23T00:00:00.000-0400,42910086,55575156,1115632
2016-06-24T00:00:00.000-0400,42950081,55590820,1116021
2016-06-25T00:00:00.000-0400,43003804,55591703,1116484
2016-06-26T00:00:00.000-0400,43019364,55590325,1117365
2016-06-27T00:00:00.000-0400,43018811,55604582,1118367
2016-06-28T00:00:00.000-0400,43055939,55619584,1119930
2016-06-29T00:00:00.000-0400,43106210,55641053,1120705
2016-06-30T00:00:00.000-0400,43139599,55661716,1121643
2016-07-02T00:00:00.000-0400,43177289,55662288,1122402
2016-07-03T00:00:00.000-0400,43186069,55666207,1123296
2016-07-04T00:00:00.000-0400,43263552,55671632,1123910
2016-07-05T00:00:00.000-0400,43295764,55691431,1126790
2016-07-07T00:00:00.000-0400,43349353,55712980,1128076
2016-07-08T00:00:00.000-0400,43419453,55725764,1128639
2016-07-09T00:00:00.000-0400,43471549,55732554,1129433
2016-07-10T00:00:00.000-0400,43481729,55738449,1129827
2016-07-11T00:00:00.000-0400,43540138,55755146,1130675
2016-07-12T00:00:00.000-0400,43643778,55774738,1131142
2016-07-13T00:00:00.000-0400,43689473,55797814,1131435
2016-07-14T00:00:00.000-0400,43752318,55814215,1132343
2016-07-15T00:00:00.000-0400,43796909,55825060,1132999
2016-07-16T00:00:00.000-0400,43807869,55816546,1133681
2016-07-17T00:00:00.000-0400,43836177,55820933,1134335
2016-07-18T00:00:00.000-0400,43903156,55842980,1134584
2016-07-19T00:00:00.000-0400,43937805,55860225,1134898
2016-07-20T00:00:00.000-0400,44031005,55880627,1135139
2016-07-21T00:00:00.000-0400,44093137,55897470,1136144
2016-07-22T00:00:00.000-0400,44142737,55916806,1136623
2016-07-23T00:00:00.000-0400,44161574,55921453,1137078
2016-07-24T00:00:00.000-0400,44189593,55926500,1137330
2016-07-25T00:00:00.000-0400,44219523,55949729,1137743
2016-07-26T00:00:00.000-0400,44411444,55961859,1138654
2016-07-27T00:00:00.000-0400,44466479,55980462,1139182
2016-07-28T00:00:00.000-0400,44502373,55998147,1139286
2016-07-29T00:00:00.000-0400,44518131,56018183,1139736
2016-07-30T00:00:00.000-0400,44530678,56017046,1140371
2016-07-31T00:00:00.000-0400,44536906,56024663,1140222
2016-08-01T00:00:00.000-0400,44565486,56045042,1140456
2016-08-02T00:00:00.000-0400,44570690,56072319,1141104
2016-08-03T00:00:00.000-0400,44589663,56099830,1141434
2016-08-04T00:00:00.000-0400,44665703,56123519,1141811
2016-08-05T00:00:00.000-0400,44743157,56121064,1142867
2016-08-06T00:00:00.000-0400,44781697,56125907,1143052
2016-08-07T00:00:00.000-0400,44786331,56127908,1143326
2016-08-08T00:00:00.000-0400,44825117,56147461,1143847
2016-08-09T00:00:00.000-0400,44900320,56169798,1144054
2016-08-10T00:00:00.000-0400,45023847,56183991,1144571
2016-08-11T00:00:00.000-0400,45147872,56190071,1144654
2016-08-12T00:00:00.000-0400,45397463,56210339,1148070
2016-08-13T00:00:00.000-0400,45409397,56217236,1146965
2016-08-14T00:00:00.000-0400,45437098,56223608,1150398
2016-08-15T00:00:00.000-0400,45518065,56254515,1152712
2016-08-16T00:00:00.000-0400,45576959,56267496,1153469
2016-08-17T00:00:00.000-0400,45713229,56299305,1153940
2016-08-18T00:00:00.000-0400,45782976,56324381,1154395
2016-08-19T00:00:00.000-0400,45812673,56349400,1155076
2016-08-20T00:00:00.000-0400,45934117,56358871,1155249
2016-08-21T00:00:00.000-0400,45949716,56370319,1155354
2016-08-22T00:00:00.000-0400,45999795,56411712,1155812
2016-08-23T00:00:00.000-0400,46135923,56453317,1156432
2016-08-24T00:00:00.000-0400,46224699,56492562,1158201
2016-08-25T00:00:00.000-0400,46252009,56514599,1159175
2016-08-26T00:00:00.000-0400,46324516,56545870,1160900
2016-08-27T00:00:00.000-0400,46410665,56552603,1161482
2016-08-28T00:00:00.000-0400,46426863,56570628,1162164
2016-08-29T00:00:00.000-0400,46516262,56627427,1163433
2016-08-30T00:00:00.000-0400,46545656,56665842,1164410
2016-08-31T00:00:00.000-0400,46593873,56701926,1164862
2016-09-01T00:00:00.000-0400,46682247,56736788,1166039
2016-09-02T00:00:00.000-0400,46919563,56762224,1166873
2016-09-03T00:00:00.000-0400,47073122,56768575,1167926
2016-09-04T00:00:00.000-0400,47077288,56773989,1168578
2016-09-05T00:00:00.000-0400,47103266,56779732,1169461
2016-09-06T00:00:00.000-0400,47174386,56821610,1170697
2016-09-07T00:00:00.000-0400,47474059,56869664,1172024
2016-09-08T00:00:00.000-0400,47594753,56881190,1173284
2016-09-09T00:00:00.000-0400,47640660,56907524,1174155
2016-09-10T00:00:00.000-0400,47669227,56912781,1174535
2016-09-11T00:00:00.000-0400,47706154,56926784,1175555
2016-09-12T00:00:00.000-0400,47864133,56950400,1180447
2016-09-13T00:00:00.000-0400,48025944,56991697,1182503
2016-09-14T00:00:00.000-0400,48129398,57038884,1183455
2016-09-15T00:00:00.000-0400,48208411,57070146,1184534
2016-09-16T00:00:00.000-0400,48297232,57095367,1186631
2016-09-17T00:00:00.000-0400,48341805,57098117,1186762
2016-09-18T00:00:00.000-0400,48436193,57109003,1187165
2016-09-19T00:00:00.000-0400,48586639,57144292,1188209
2016-09-20T00:00:00.000-0400,48730813,57181217,1190647
2016-09-21T00:00:00.000-0400,48871565,57206442,1191534
2016-09-22T00:00:00.000-0400,49044573,57246211,1192318
2016-09-23T00:00:00.000-0400,49347910,57283808,1194057
2016-09-24T00:00:00.000-0400,49396345,57291594,1194181
2016-09-25T00:00:00.000-0400,49429082,57303667,1194354
2016-09-26T00:00:00.000-0400,49502798,57350097,1195072
2016-09-27T00:00:00.000-0400,49658603,57412075,1195372
2016-09-28T00:00:00.000-0400,49787643,57470927,1195792
2016-09-29T00:00:00.000-0400,50033310,57523021,1196984
2016-09-30T00:00:00.000-0400,50265731,57578545,1197740
2016-10-01T00:00:00.000-0400,50331102,57585287,1198251
2016-10-02T00:00:00.000-0400,50397162,57595108,1199266
2016-10-03T00:00:00.000-0400,50572865,57645490,1199630
2016-10-04T00:00:00.000-0400,50640382,57703587,1200319
2016-10-05T00:00:00.000-0400,50776743,57744827,1201106
2016-10-06T00:00:00.000-0400,50937593,57780295,1201867
2016-10-07T00:00:00.000-0400,51338883,57805840,1202323
2016-10-08T00:00:00.000-0400,51371231,57813497,1204993
2016-10-09T00:00:00.000-0400,51459704,57828151,1205459
2016-10-10T00:00:00.000-0400,51574038,57877327,1210261
2016-10-11T00:00:00.000-0400,51774823,57929908,1211302
2016-10-12T00:00:00.000-0400,51879388,57967747,1208528
2016-10-13T00:00:00.000-0400,52084593,57986534,1209171
2016-10-14T00:00:00.000-0400,52503710,58014725,1210133
2016-10-15T00:00:00.000-0400,52594300,58019630,1211550
2016-10-16T00:00:00.000-0400,52619023,58027711,1212176
2016-10-17T00:00:00.000-0400,52837984,58053173,1213707
2016-10-18T00:00:00.000-0400,53047773,58122721,1214332
2016-10-19T00:00:00.000-0400,53138045,58161540,1215110
2016-10-22T00:00:00.000-0400,53972586,58224717,1217124
2016-10-23T00:00:00.000-0400,54017069,58243149,1218287
2016-10-24T00:00:00.000-0400,54593247,58344431,1219949
2016-10-25T00:00:00.000-0400,54699960,58367507,1217553
2016-10-26T00:00:00.000-0400,54854812,58404949,1219870
2016-10-27T00:00:00.000-0400,55185314,58439633,1220224
2016-10-28T00:00:00.000-0400,55459093,58460082,1220520
2016-10-29T00:00:00.000-0400,55577890,58466645,1220918
2016-10-30T00:00:00.000-0400,55670824,58479291,1221657
2016-10-31T00:00:00.000-0400,55812680,58528992,1223566
2016-11-01T00:00:00.000-0400,56195354,58606018,1224250
2016-11-02T00:00:00.000-0400,56371289,58646892,1225010
2016-11-03T00:00:00.000-0400,57254109,58683433,1225100
2016-11-04T00:00:00.000-0400,57771039,58715714,1225911
2016-11-05T00:00:00.000-0400,57813526,58723381,1226423
2016-11-06T00:00:00.000-0400,57852840,58734731,1226671
2016-11-07T00:00:00.000-0500,58017419,58790268,1227460
2016-11-08T00:00:00.000-0500,58235461,58856204,1229836
2016-11-09T00:00:00.000-0500,58415447,58898750,1230707
2016-11-10T00:00:00.000-0500,58578196,58933087,1231612
2016-11-11T00:00:00.000-0500,58950953,58959686,1233851
2016-11-12T00:00:00.000-0500,59103460,58970163,1234220
2016-11-13T00:00:00.000-0500,59133558,58987068,1234375
2016-11-14T00:00:00.000-0500,59256097,59039442,1234944
2016-11-15T00:00:00.000-0500,59419825,59122729,1235597
2016-11-16T00:00:00.000-0500,59610683,59172726,1236391
2016-11-17T00:00:00.000-0500,59798432,59219880,1236714
2016-11-18T00:00:00.000-0500,60186023,59249662,1236997
2016-11-19T00:00:00.000-0500,60202378,59256876,1237135
2016-11-20T00:00:00.000-0500,60243619,59264897,1237586
2016-11-21T00:00:00.000-0500,60471897,59302040,1238094
2016-11-22T00:00:00.000-0500,60593828,59322913,1238621
2016-11-23T00:00:00.000-0500,60632897,59353196,1238856
2016-11-24T00:00:00.000-0500,60643677,59353180,1240280
2016-11-25T00:00:00.000-0500,60679660,59360835,1240428
2016-11-26T00:00:00.000-0500,60702702,59372231,1240882
2016-11-27T00:00:00.000-0500,60748638,59386362,1241241
2016-11-28T00:00:00.000-0500,60897320,59476117,1242406
2016-11-29T00:00:00.000-0500,61086104,59523057,1242889
2016-11-30T00:00:00.000-0500,61273364,59570956,1244128
2016-12-01T00:00:00.000-0500,59771296,59618040,1252414
2016-12-02T00:00:00.000-0500,59939449,59651010,1252721
2016-12-03T00:00:00.000-0500,59999607,59658927,1253813
2016-12-04T00:00:00.000-0500,60055106,59676342,1255193
2016-12-05T00:00:00.000-0500,60207579,59713517,1254503
2016-12-06T00:00:00.000-0500,60393186,59751460,1257887
2016-12-07T00:00:00.000-0500,60521606,59775740,1259618
2016-12-08T00:00:00.000-0500,60728520,59809101,1259530
2016-12-09T00:00:00.000-0500,60817213,59832920,1261113
2016-12-10T00:00:00.000-0500,60857859,59845021,1268835
2016-12-11T00:00:00.000-0500,60905764,59853290,1269455
2016-12-12T00:00:00.000-0500,61016501,59876679,1270947
2016-12-13T00:00:00.000-0500,61226289,59899008,1272527
2016-12-14T00:00:00.000-0500,61361198,59917618,1273654
2016-12-15T00:00:00.000-0500,61546100,59935725,1274043
2016-12-16T00:00:00.000-0500,61652170,59957700,1274484
2016-12-17T00:00:00.000-0500,61662633,59959268,1276002
2016-12-18T00:00:00.000-0500,61665443,59963293,1276210
2016-12-20T00:00:00.000-0500,61779070,59995859,1286729
2016-12-21T00:00:00.000-0500,61827703,60017476,1286947
2016-12-22T00:00:00.000-0500,61848833,60029204,1287315
2016-12-23T00:00:00.000-0500,61852744,60038265,1287113
2016-12-24T00:00:00.000-0500,61856393,60021196,1287571
2016-12-25T00:00:00.000-0500,61863294,60022207,1290627
2016-12-26T00:00:00.000-0500,61876960,60023569,1291285
2016-12-27T00:00:00.000-0500,61857101,60023373,1291570
2016-12-28T00:00:00.000-0500,61880689,60026253,1291949
2016-12-30T00:00:00.000-0500,61915031,60032572,1292184
2016-12-31T00:00:00.000-0500,61922305,60034380,1292338
2017-01-01T00:00:00.000-0500,61934870,60038944,1292683
2017-01-02T00:00:00.000-0500,61954602,60046398,1293349
2017-01-03T00:00:00.000-0500,62113799,60063465,1293724
2017-01-04T00:00:00.000-0500,62284643,60080335,1295568
2017-01-05T00:00:00.000-0500,62418688,60106761,1298347
2017-01-06T00:00:00.000-0500,62643240,60125148,1298866
2017-01-07T00:00:00.000-0500,62729922,60134046,1299174
2017-01-08T00:00:00.000-0500,62773495,60133687,1299742
2017-01-09T00:00:00.000-0500,62851893,60125871,1299944
2017-01-10T00:00:00.000-0500,63001943,60149268,1299957
2017-01-11T00:00:00.000-0500,63109713,60175244,1302083
2017-01-12T00:00:00.000-0500,63243851,60201689,1302317
2017-01-13T00:00:00.000-0500,63305961,60231351,1303467
2017-01-14T00:00:00.000-0500,63322657,60235918,1304038
2017-01-15T00:00:00.000-0500,63340070,60244696,1304353
2017-01-16T00:00:00.000-0500,63373194,60252663,1304402
2017-01-17T00:00:00.000-0500,63457062,60297615,1304632
2017-01-18T00:00:00.000-0500,63522769,60336960,1305678
2017-01-19T00:00:00.000-0500,63604296,60359109,1306146
2017-01-20T00:00:00.000-0500,63633884,60390194,1306864
2017-01-21T00:00:00.000-0500,63675273,60398210,1308566
2017-01-22T00:00:00.000-0500,63699206,60410750,1309269
2017-01-23T00:00:00.000-0500,63819492,60460249,1309790
2017-01-24T00:00:00.000-0500,63853818,60522224,1311241
2017-01-25T00:00:00.000-0500,63934868,60563997,1313111
2017-01-26T00:00:00.000-0500,63964176,60576609,1314253
2017-01-27T00:00:00.000-0500,64019224,60609139,1315630
2017-01-28T00:00:00.000-0500,64047722,60610067,1315998
2017-01-29T00:00:00.000-0500,64082073,60620923,1317362
2017-01-30T00:00:00.000-0500,64149192,60691957,1317913
2017-01-31T00:00:00.000-0500,64223427,60784050,1329106
2017-02-01T00:00:00.000-0500,64365079,60827165,1330600
2017-02-02T00:00:00.000-0500,64541108,60867041,1334511
2017-02-03T00:00:00.000-0500,64600764,60892678,1336362
2017-02-04T00:00:00.000-0500,64655562,60898353,1337307
2017-02-05T00:00:00.000-0500,64700658,60909361,1337818
2017-02-06T00:00:00.000-0500,64810307,60972602,1340937
2017-02-07T00:00:00.000-0500,65101195,61037670,1341789
2017-02-08T00:00:00.000-0500,65299587,61074953,1344444
2017-02-09T00:00:00.000-0500,65551556,61105291,1345067
2017-02-10T00:00:00.000-0500,65603065,61130597,1345071
2017-02-11T00:00:00.000-0500,65646750,61138882,1345235
2017-02-12T00:00:00.000-0500,65665654,61137751,1345636
2017-02-13T00:00:00.000-0500,65889139,61183892,1346005
2017-02-14T00:00:00.000-0500,65943962,61236809,1345689
2017-02-16T00:00:00.000-0500,66155942,61315861,1346829
2017-02-17T00:00:00.000-0500,66400933,61347004,1348018
2017-02-18T00:00:00.000-0500,66444177,61353798,1350721
2017-02-21T00:00:00.000-0500,66875398,61472148,1354298
2017-02-23T00:00:00.000-0500,67039649,61546152,1354569
2017-02-24T00:00:00.000-0500,67097740,61586107,1355351
2017-02-25T00:00:00.000-0500,67116842,61584375,1355628
2017-02-27T00:00:00.000-0500,67310208,61708622,1359171
2017-02-28T00:00:00.000-0500,67437470,61739915,1367104
2017-03-01T00:00:00.000-0500,67571730,61826121,1369089
2017-03-02T00:00:00.000-0500,67767545,61843467,1370162
2017-03-03T00:00:00.000-0500,67858756,61877009,1370566
2017-03-04T00:00:00.000-0500,67902620,61887154,1370609
2017-03-06T00:00:00.000-0500,68120721,61959358,1372907
2017-03-07T00:00:00.000-0500,68231040,62025300,1373639
2017-03-08T00:00:00.000-0500,68389787,62069953,1375877
2017-03-09T00:00:00.000-0500,68481583,62129734,1379620
2017-03-10T00:00:00.000-0500,68597174,62157995,1381426
2017-03-11T00:00:00.000-0500,68612170,62162083,1382064
2017-03-12T00:00:00.000-0500,68642220,62163853,1383105
2017-03-14T00:00:00.000-0400,68781883,62234473,1388011
2017-03-16T00:00:00.000-0400,68882229,62281505,1389618
2017-03-20T00:00:00.000-0400,69172849,62406194,1394671
2017-03-21T00:00:00.000-0400,69348144,62463988,1397002
2017-03-22T00:00:00.000-0400,69499940,62510361,1400480
2017-03-23T00:00:00.000-0400,69877282,62540256,1401610
2017-03-24T00:00:00.000-0400,71166836,62577453,1402140
2017-03-25T00:00:00.000-0400,72017333,62589644,1402737
2017-03-26T00:00:00.000-0400,72956544,62600068,1404082
2017-03-27T00:00:00.000-0400,74274809,62661864,1405393
2017-03-28T00:00:00.000-0400,75681544,62715313,1405971
2017-03-29T00:00:00.000-0400,76807423,62752771,1406642
2017-03-30T00:00:00.000-0400,77944248,62784832,1413483
2017-03-31T00:00:00.000-0400,79192366,62806037,1415990
2017-04-01T00:00:00.000-0400,79594611,62815037,1417387
2017-04-02T00:00:00.000-0400,79729441,62828107,1418743
2017-04-03T00:00:00.000-0400,79960671,62882882,1423046
2017-04-04T00:00:00.000-0400,80028608,62941247,1433531
2017-04-05T00:00:00.000-0400,80194474,62967995,1436860
2017-04-06T00:00:00.000-0400,80845143,63013893,1441110
2017-04-07T00:00:00.000-0400,81540267,63058938,1447245
2017-04-08T00:00:00.000-0400,81608977,63066287,1449598
2017-04-09T00:00:00.000-0400,81671566,63078373,1455064
2017-04-10T00:00:00.000-0400,82049775,63154549,1463548
2017-04-11T00:00:00.000-0400,82282033,63217884,1466923
2017-04-12T00:00:00.000-0400,82407375,63284407,1471635
2017-04-13T00:00:00.000-0400,82627390,63317748,1472932
2017-04-14T00:00:00.000-0400,82759087,63331540,1475135
2017-04-15T00:00:00.000-0400,82863714,63337306,1475509
2017-04-16T00:00:00.000-0400,82963278,63344239,1476922
2017-04-17T00:00:00.000-0400,83170415,63391818,1481010
2017-04-18T00:00:00.000-0400,83335585,63445514,1486629
2017-04-19T00:00:00.000-0400,83535463,63516913,1490626
2017-04-20T00:00:00.000-0400,83711943,63558357,1494410
2017-04-21T00:00:00.000-0400,83845120,63584652,1499507
2017-04-22T00:00:00.000-0400,83930666,63592280,1501685
2017-04-23T00:00:00.000-0400,84116012,63609811,1516041
2017-04-24T00:00:00.000-0400,84435468,63672221,1518649
2017-04-25T00:00:00.000-0400,84626653,63730144,1523737
2017-04-26T00:00:00.000-0400,84847522,63796999,1526644
2017-04-27T00:00:00.000-0400,85105544,63837958,1532266
2017-04-28T00:00:00.000-0400,85467321,63869427,1533269
2017-04-29T00:00:00.000-0400,85538348,63879552,1535319
2017-04-30T00:00:00.000-0400,85622419,63901382,1537689
2017-05-01T00:00:00.000-0400,85818457,63965741,1541638
2017-05-02T00:00:00.000-0400,85995272,64016116,1544130
2017-05-03T00:00:00.000-0400,86080943,64047500,1548335
2017-05-04T00:00:00.000-0400,86193520,64087700,1550672
2017-05-05T00:00:00.000-0400,86366672,64118715,1553023
2017-05-06T00:00:00.000-0400,86408084,64122269,1554415
2017-05-07T00:00:00.000-0400,86632397,64131027,1555742
2017-05-08T00:00:00.000-0400,86773539,64168772,1556736
2017-05-09T00:00:00.000-0400,86972429,64198212,1563579
2017-05-10T00:00:00.000-0400,87107160,64229482,1566656
2017-05-11T00:00:00.000-0400,87210181,64256794,1569064
2017-05-12T00:00:00.000-0400,87407724,64278025,1569568
2017-05-13T00:00:00.000-0400,87427192,64280033,1570632
2017-05-14T00:00:00.000-0400,87436620,64281485,1571304
2017-05-15T00:00:00.000-0400,87505719,64306630,1574786
2017-05-16T00:00:00.000-0400,87703074,64330666,1574946
2017-05-17T00:00:00.000-0400,87789085,64353083,1576292
2017-05-18T00:00:00.000-0400,87602522,64378791,1576202
2017-05-19T00:00:00.000-0400,87542515,64393257,1576506
2017-05-20T00:00:00.000-0400,87539699,64396857,1577181
2017-05-21T00:00:00.000-0400,87435141,64408841,1578392
2017-05-22T00:00:00.000-0400,87493323,64428428,1575814
2017-05-23T00:00:00.000-0400,87528056,64444222,1578533
2017-05-24T00:00:00.000-0400,87567312,64463774,1578957
2017-05-25T00:00:00.000-0400,88328758,64488947,1581317
2017-05-26T00:00:00.000-0400,88382016,64509573,1583666
2017-05-27T00:00:00.000-0400,88381902,64514477,1579211
2017-05-28T00:00:00.000-0400,88380069,64518625,1572968
2017-05-29T00:00:00.000-0400,88383128,64527086,1571830
2017-05-30T00:00:00.000-0400,88453039,64540777,1573863
2017-05-31T00:00:00.000-0400,88540278,64572516,1575835
2017-06-01T00:00:00.000-0400,88652586,64596571,1575009
2017-06-02T00:00:00.000-0400,89544636,64616396,1576385
2017-06-03T00:00:00.000-0400,90312016,64619807,1577676
2017-06-04T00:00:00.000-0400,90387259,64626636,1577417
2017-06-05T00:00:00.000-0400,90897338,64653138,1580171
2017-06-06T00:00:00.000-0400,91098213,64680087,1588020
2017-06-07T00:00:00.000-0400,91251924,64700776,1585091
2017-06-08T00:00:00.000-0400,91333923,64719505,1587855
2017-06-09T00:00:00.000-0400,91419606,64716230,1587981
2017-06-10T00:00:00.000-0400,91531426,64717375,1588168
2017-06-11T00:00:00.000-0400,91566741,64723769,1593034
2017-06-12T00:00:00.000-0400,91755132,64720757,1593142
2017-06-13T00:00:00.000-0400,92044201,64743043,1593292
2017-06-14T00:00:00.000-0400,92136007,64764882,1595158
2017-06-15T00:00:00.000-0400,92178784,64789805,1596263
2017-06-16T00:00:00.000-0400,92221540,64808599,1596588
2017-06-17T00:00:00.000-0400,92247484,64813415,1597075
2017-06-18T00:00:00.000-0400,92258778,64818479,1597307
2017-06-19T00:00:00.000-0400,92312450,64837430,1598129
2017-06-20T00:00:00.000-0400,92386889,64853792,1600117
2017-06-21T00:00:00.000-0400,92457338,64880067,1601986
2017-06-22T00:00:00.000-0400,92549772,64901237,1602735
2017-06-23T00:00:00.000-0400,92599283,64858392,1604145
2017-06-24T00:00:00.000-0400,92614731,64862630,1604415
2017-06-25T00:00:00.000-0400,92702932,64868202,1604104
2017-07-03T00:00:00.000-0400,93024729,64963560,1610269
2017-07-04T00:00:00.000-0400,93035134,64969419,1610782
2017-07-05T00:00:00.000-0400,93020037,64996174,1612278
2017-07-06T00:00:00.000-0400,93075620,65018061,1613382
2017-07-07T00:00:00.000-0400,93144146,65034863,1613890
2017-07-08T00:00:00.000-0400,93150807,65041325,1614711
2017-07-09T00:00:00.000-0400,93628705,65045179,1620322
2017-07-11T00:00:00.000-0400,94068216,65089129,1628959
2017-07-12T00:00:00.000-0400,94172981,65125681,1629168
2017-07-14T00:00:00.000-0400,94569108,65160555,1635994
2017-07-15T00:00:00.000-0400,94588671,65166121,1654155
2017-07-16T00:00:00.000-0400,94609484,65169625,1655497
2017-07-17T00:00:00.000-0400,94704948,65201304,1659357
2017-07-21T00:00:00.000-0400,94952508,65279552,1664400
2017-07-22T00:00:00.000-0400,95007995,65284018,1664880
2017-07-27T00:00:00.000-0400,97064724,65395170,1696349
2017-07-28T00:00:00.000-0400,97084261,65405058,1698165
2017-07-29T00:00:00.000-0400,97098247,65410527,1698285
2017-07-30T00:00:00.000-0400,97127997,65416376,1698760
2017-07-31T00:00:00.000-0400,97777553,65438789,1700497
2017-08-01T00:00:00.000-0400,99164436,65466755,1701707
2017-08-02T00:00:00.000-0400,100158901,65495112,1702318
2017-08-03T00:00:00.000-0400,100720868,65517196,1703797
2017-08-04T00:00:00.000-0400,101401598,65543142,1707787
2017-08-05T00:00:00.000-0400,101412919,65543898,1707989
2017-08-06T00:00:00.000-0400,101464082,65552415,1710189
2017-08-12T00:00:00.000-0400,102170857,65696039,1726714
2017-08-13T00:00:00.000-0400,102181438,65707029,1730706
2017-08-14T00:00:00.000-0400,102311678,65743247,1740620
2017-08-18T00:00:00.000-0400,106132224,65927188,1744557
2017-08-19T00:00:00.000-0400,106950212,65909912,1745076
2017-08-20T00:00:00.000-0400,107752806,65922506,1746528
2017-08-21T00:00:00.000-0400,108595327,65993352,1749585
2017-08-22T00:00:00.000-0400,108885763,66039185,1750377
2017-08-23T00:00:00.000-0400,108960447,66100543,1752404
2017-08-24T00:00:00.000-0400,109011400,66131045,1754439
2017-08-25T00:00:00.000-0400,109017320,66129097,1754988
2017-08-27T00:00:00.000-0400,109098734,66166245,1754050
2017-08-28T00:00:00.000-0400,109212272,66235681,1756788
2017-08-30T00:00:00.000-0400,109884582,66312777,1813126
2017-08-31T00:00:00.000-0400,110010889,66332568,1812979
2017-09-01T00:00:00.000-0400,110061502,66360587,1815213
2017-09-03T00:00:00.000-0400,110887326,66376319,1816174
2017-09-05T00:00:00.000-0400,111921103,66447628,1822337
2017-09-06T00:00:00.000-0400,112043786,66503356,1824030
2017-09-07T00:00:00.000-0400,112080476,66505995,1824388
2017-09-08T00:00:00.000-0400,112226795,66536853,1824697
2017-09-09T00:00:00.000-0400,112271974,66544492,1824335
2017-09-10T00:00:00.000-0400,112399328,66561403,1832029
2017-09-11T00:00:00.000-0400,112526606,66613210,1835088
2017-09-12T00:00:00.000-0400,112653404,66671317,1835942
2017-09-13T00:00:00.000-0400,112764399,66740678,1837174
2017-09-14T00:00:00.000-0400,112905371,66775645,1838628
2017-09-15T00:00:00.000-0400,113099762,66817732,1841757
2017-09-16T00:00:00.000-0400,113158368,66822712,1841081
2017-09-17T00:00:00.000-0400,113225539,66833179,1841520
2017-09-18T00:00:00.000-0400,113332357,66929057,1842510
2017-09-19T00:00:00.000-0400,113439318,66968741,1843097
2017-09-20T00:00:00.000-0400,113516778,67024816,1844060
2017-09-21T00:00:00.000-0400,113667837,67057030,1844404
2017-09-22T00:00:00.000-0400,113855506,67064184,1845438
2017-09-23T00:00:00.000-0400,113893319,67071287,1845514
2017-09-24T00:00:00.000-0400,119353799,67085109,1846010
2017-09-25T00:00:00.000-0400,122222286,67134398,1846739
2017-09-26T00:00:00.000-0400,122326607,67214234,1848930
2017-09-27T00:00:00.000-0400,122390090,67276641,1849441
2017-09-28T00:00:00.000-0400,122690755,67326245,1849253
2017-09-29T00:00:00.000-0400,122766696,67380940,1849863
2017-09-30T00:00:00.000-0400,122809408,67394221,1850003
2017-10-01T00:00:00.000-0400,122869255,67411855,1850477
2017-10-02T00:00:00.000-0400,123019773,67493994,1852426
2017-10-03T00:00:00.000-0400,123143855,67541615,1853083
2017-10-04T00:00:00.000-0400,123299899,67627191,1854906
2017-10-05T00:00:00.000-0400,123349840,67703675,1855506
2017-10-06T00:00:00.000-0400,123450516,67738145,1856008
2017-10-07T00:00:00.000-0400,123460875,67745153,1856723
2017-10-08T00:00:00.000-0400,123479604,67755149,1858331
2017-10-09T00:00:00.000-0400,123581514,67782297,1858356
2017-10-10T00:00:00.000-0400,123715313,67814844,1859345
2017-10-11T00:00:00.000-0400,123830666,67899600,1862217
2017-10-12T00:00:00.000-0400,124049451,67937302,1863178
2017-10-13T00:00:00.000-0400,124252149,67969409,1863861
2017-10-14T00:00:00.000-0400,124317760,67973750,1864772
2017-10-15T00:00:00.000-0400,124444254,67990144,1865821
2017-10-16T00:00:00.000-0400,124559194,68052998,1872439
2017-10-17T00:00:00.000-0400,124653544,68114718,1875444
2017-10-18T00:00:00.000-0400,124756689,68183520,1884714
2017-10-19T00:00:00.000-0400,124851507,68214568,1889333
2017-10-20T00:00:00.000-0400,124928083,68252940,1893226
2017-10-21T00:00:00.000-0400,125330481,68286069,1903099
2017-10-22T00:00:00.000-0400,107837699,68300075,1903438
2017-10-23T00:00:00.000-0400,98513134,68357411,1904089
2017-10-24T00:00:00.000-0400,99769747,68479891,1908534
2017-10-25T00:00:00.000-0400,100597320,68527771,1920855
2017-10-26T00:00:00.000-0400,101909775,68577379,1922194
2017-10-27T00:00:00.000-0400,103111258,68615182,1924075
2017-10-28T00:00:00.000-0400,103751040,68622774,1948781
2017-10-29T00:00:00.000-0400,104421061,68637520,1950936
2017-10-30T00:00:00.000-0400,105120572,68701980,1951821
2017-10-31T00:00:00.000-0400,105809373,68769951,1954845
2017-11-01T00:00:00.000-0400,106670404,68864964,1957328
2017-11-02T00:00:00.000-0400,106990766,68886354,1957466
2017-11-03T00:00:00.000-0400,107589202,68913444,1958171
2017-11-04T00:00:00.000-0400,108111799,68920207,1957972
2017-11-05T00:00:00.000-0400,108598702,68938435,1959169
2017-11-06T00:00:00.000-0500,108830469,69101599,1961336
2017-11-07T00:00:00.000-0500,109030108,69181028,1963860
2017-11-08T00:00:00.000-0500,109148137,69229164,1966080
2017-11-09T00:00:00.000-0500,109193928,69257279,1968035
2017-11-10T00:00:00.000-0500,109294974,69305748,1976169
2017-11-11T00:00:00.000-0500,109320447,69309890,1976340
2017-11-12T00:00:00.000-0500,109523340,69368940,1977960
2017-11-13T00:00:00.000-0500,109606880,69405576,1979761
2017-11-14T00:00:00.000-0500,109716006,69471663,1981245
2017-11-15T00:00:00.000-0500,109847119,69520622,1986564
2017-11-16T00:00:00.000-0500,109974092,69549001,1988115
2017-11-17T00:00:00.000-0500,110137687,69584534,1989696
2017-11-18T00:00:00.000-0500,110225080,69568787,1990030
2017-11-19T00:00:00.000-0500,110404928,69609293,1991925
2017-11-20T00:00:00.000-0500,110523216,69630574,1992467
2017-11-22T00:00:00.000-0500,110792498,69687326,1995912
2017-11-23T00:00:00.000-0500,110798791,69692487,1996311
2017-11-24T00:00:00.000-0500,110818388,69703855,1996586
2017-11-25T00:00:00.000-0500,110871488,69714860,1997205
2017-11-26T00:00:00.000-0500,111099506,69754141,1999116
2017-11-27T00:00:00.000-0500,111895984,69801132,1999838
2017-11-28T00:00:00.000-0500,112791623,69868548,2001574
2017-11-29T00:00:00.000-0500,113175372,69909893,2002942
2017-11-30T00:00:00.000-0500,113728713,69952172,2003374
2017-12-01T00:00:00.000-0500,114111052,69980921,2004272
2017-12-02T00:00:00.000-0500,114579448,69991507,2005864
2017-12-03T00:00:00.000-0500,115037532,70005036,2006289
2017-12-04T00:00:00.000-0500,115266724,70041214,2007359
2017-12-05T00:00:00.000-0500,115418676,70081063,2009379
2017-12-06T00:00:00.000-0500,115470221,70109762,2011065
2017-12-07T00:00:00.000-0500,115492217,70120566,2010999
2017-12-11T00:00:00.000-0500,115642755,70166543,2013968
2017-12-17T00:00:00.000-0500,116121219,70291836,2023902
2017-12-18T00:00:00.000-0500,116178346,70309426,2025583
2017-12-19T00:00:00.000-0500,116213420,70360709,2025604
2017-12-20T00:00:00.000-0500,116462486,70378458,2029701
2017-12-21T00:00:00.000-0500,116972207,70380887,2030330
2017-12-22T00:00:00.000-0500,117819718,70389604,2030004
2017-12-23T00:00:00.000-0500,118646184,70389199,2030754
2017-12-24T00:00:00.000-0500,119820447,70391047,2032369
2017-12-25T00:00:00.000-0500,120929104,70388466,2034062
2017-12-26T00:00:00.000-0500,122330697,70393064,2039696
2017-12-27T00:00:00.000-0500,123189124,70397648,2042437
2017-12-28T00:00:00.000-0500,123645050,70402277,2046556
2017-12-29T00:00:00.000-0500,124025231,70405367,2046643
2017-12-30T00:00:00.000-0500,124404628,70399818,2046792
2017-12-31T00:00:00.000-0500,124947287,70402065,2047089
2018-01-01T00:00:00.000-0500,125169168,70401973,2047455
2018-01-02T00:00:00.000-0500,125188029,70417224,2049836
2018-01-03T00:00:00.000-0500,125226295,70444688,2050249
2018-01-04T00:00:00.000-0500,125244648,70454107,2052116
2018-01-05T00:00:00.000-0500,125290600,70484435,2058360
2018-01-06T00:00:00.000-0500,125297187,70490198,2058501
2018-01-07T00:00:00.000-0500,125317263,70505475,2058752
2018-01-08T00:00:00.000-0500,125358321,70563195,2059658
2018-01-09T00:00:00.000-0500,125440017,70795686,2060720
2018-01-10T00:00:00.000-0500,125577604,70838579,2063666
2018-01-11T00:00:00.000-0500,125652305,70845688,2063118
2018-01-12T00:00:00.000-0500,125764340,70879187,2063019
2018-01-13T00:00:00.000-0500,125788735,70883610,2063310
2018-01-14T00:00:00.000-0500,125897326,70881599,2063865
2018-01-15T00:00:00.000-0500,125960426,70897254,2064365
2018-01-16T00:00:00.000-0500,126031844,70956286,2064946
2018-01-17T00:00:00.000-0500,126061609,70979798,2068250
2018-01-18T00:00:00.000-0500,126114931,71005670,2071992
2018-01-19T00:00:00.000-0500,126291808,71045270,2074852
2018-01-20T00:00:00.000-0500,126300992,71049342,2074906
2018-01-24T00:00:00.000-0500,126556737,71205749,2075071
2018-01-25T00:00:00.000-0500,126775187,71257731,2079230
2018-01-28T00:00:00.000-0500,126927659,71291822,2082917
2018-01-29T00:00:00.000-0500,127090537,71381857,2090762
2018-01-30T00:00:00.000-0500,127214925,71420849,2096985
2018-01-31T00:00:00.000-0500,127310273,71473878,2096117
2018-02-01T00:00:00.000-0500,127415086,71527559,2099374
2018-02-02T00:00:00.000-0500,127686842,71564148,2100219
2018-02-03T00:00:00.000-0500,127432972,71571652,2100805
2018-02-04T00:00:00.000-0500,127472098,71576542,2106072
2018-02-05T00:00:00.000-0500,127556127,71628877,2107866
2018-02-06T00:00:00.000-0500,127576633,71698200,2110098
2018-02-07T00:00:00.000-0500,127637473,71751955,2114193
2018-02-08T00:00:00.000-0500,127757205,71785264,2109076
2018-02-09T00:00:00.000-0500,127838629,71826159,2109788
2018-02-10T00:00:00.000-0500,127863433,71827555,2110464
2018-02-11T00:00:00.000-0500,127911059,71843896,2112740
2018-02-14T00:00:00.000-0500,128363272,72050997,2127813
2018-02-15T00:00:00.000-0500,128315058,72040414,2122956
2018-02-16T00:00:00.000-0500,128480485,72106114,2130169
2018-02-17T00:00:00.000-0500,128557812,72123097,2134462
2018-02-18T00:00:00.000-0500,128675384,72147600,2137012
2018-02-20T00:00:00.000-0500,128956396,72231640,2138255
2018-02-21T00:00:00.000-0500,129058470,72286046,2139938
2018-02-22T00:00:00.000-0500,129146618,72328611,2145282
2018-02-23T00:00:00.000-0500,129346406,72382314,2146566
2018-02-24T00:00:00.000-0500,129384622,72393398,2148034
2018-02-25T00:00:00.000-0500,129451171,72416923,2150844
2018-02-26T00:00:00.000-0500,129662418,72508567,2151755
2018-02-27T00:00:00.000-0500,129799276,72556145,2153041
2018-02-28T00:00:00.000-0500,129938698,72648213,2155557
2018-03-01T00:00:00.000-0500,130004143,72685644,2158186
2018-03-02T00:00:00.000-0500,130114088,72712269,2158810
2018-03-03T00:00:00.000-0500,130144592,72717703,2159109
2018-03-04T00:00:00.000-0500,130263534,72713381,2159415
2018-03-05T00:00:00.000-0500,130319842,72712930,2160100
2018-03-06T00:00:00.000-0500,130361915,72729435,2163095
2018-03-07T00:00:00.000-0500,130426521,72757142,2163203
2018-03-08T00:00:00.000-0500,130517623,72782427,2163838
2018-03-09T00:00:00.000-0500,130559971,72799102,2165418
2018-03-10T00:00:00.000-0500,130614730,72806906,2166096
2018-03-11T00:00:00.000-0500,130719442,72831022,2168250
2018-03-15T00:00:00.000-0400,131128193,73113419,2182097
2018-03-16T00:00:00.000-0400,131156498,73197043,2183358
2018-03-17T00:00:00.000-0400,131225332,73206611,2183691
2018-03-18T00:00:00.000-0400,131319725,73224882,2184356
2018-03-19T00:00:00.000-0400,131426109,73282696,2190780
2018-03-20T00:00:00.000-0400,131543791,73343169,2192855
2018-03-21T00:00:00.000-0400,131650526,73406640,2195625
2018-03-22T00:00:00.000-0400,131743053,73452670,2199319
2018-03-23T00:00:00.000-0400,131815171,73531874,2201733
2018-03-24T00:00:00.000-0400,131870855,73544592,2201975
2018-03-25T00:00:00.000-0400,131986406,73565018,2202338
2018-03-26T00:00:00.000-0400,132118548,73617932,2206173
2018-03-27T00:00:00.000-0400,132265801,73675231,2211423
2018-03-28T00:00:00.000-0400,132355192,73717749,2213182
2018-03-29T00:00:00.000-0400,132474282,73757429,2216448
2018-03-30T00:00:00.000-0400,132584065,73771195,2218390
2018-03-31T00:00:00.000-0400,132660831,73779753,2218649
2018-04-01T00:00:00.000-0400,132712084,73789519,2220969
2018-04-02T00:00:00.000-0400,132808756,73848809,2221163
2018-04-03T00:00:00.000-0400,132981603,73902652,2221311
2018-04-04T00:00:00.000-0400,133187887,73947606,2222034
2018-04-05T00:00:00.000-0400,133407240,74003777,2223660
2018-04-06T00:00:00.000-0400,133549190,74055151,2223982
2018-04-07T00:00:00.000-0400,133620866,74068062,2225260
2018-04-08T00:00:00.000-0400,133710524,74084183,2226098
2018-04-09T00:00:00.000-0400,133840689,74150350,2228788
2018-04-10T00:00:00.000-0400,134069592,74199902,2231307
2018-04-11T00:00:00.000-0400,134215182,74248713,2241417
2018-04-12T00:00:00.000-0400,134317844,74301551,2248230
2018-04-13T00:00:00.000-0400,134464195,74333456,2251233
2018-04-14T00:00:00.000-0400,134550923,74344983,2252599
2018-04-15T00:00:00.000-0400,134665203,74360959,2255910
2018-04-16T00:00:00.000-0400,134871216,74407207,2257854
2018-04-17T00:00:00.000-0400,135047570,74474735,2260565
2018-04-18T00:00:00.000-0400,135273479,74543821,2262697
2018-04-19T00:00:00.000-0400,135376660,74588021,2272568
2018-04-20T00:00:00.000-0400,135448417,74670701,2273776
2018-04-21T00:00:00.000-0400,135535049,74682266,2274998
2018-04-22T00:00:00.000-0400,135642275,74697731,2281072
2018-04-23T00:00:00.000-0400,135907147,74751817,2283773
2018-04-24T00:00:00.000-0400,136072962,74807372,2284103
2018-04-25T00:00:00.000-0400,136342247,74873471,2287525
2018-04-26T00:00:00.000-0400,136496925,74910867,2288219
2018-04-27T00:00:00.000-0400,136665644,74954837,2288309
2018-04-28T00:00:00.000-0400,136708659,74963846,2290181
2018-04-29T00:00:00.000-0400,136766367,74978894,2290557
2018-04-30T00:00:00.000-0400,136966288,75019641,2299996
2018-05-01T00:00:00.000-0400,137162152,75060282,2300264
2018-05-02T00:00:00.000-0400,137199574,75094609,2301139
2018-05-03T00:00:00.000-0400,137247322,75129664,2301576
2018-05-04T00:00:00.000-0400,137362139,75152623,2301944
2018-05-05T00:00:00.000-0400,137381624,75162796,2302298
2018-05-06T00:00:00.000-0400,137411899,75168052,2302320
2018-05-07T00:00:00.000-0400,137511690,75189238,2302380
2018-05-08T00:00:00.000-0400,137597443,75215028,2304246
2018-05-09T00:00:00.000-0400,137641082,75244149,2304423
2018-05-11T00:00:00.000-0400,137752720,75286732,2304606
2018-05-12T00:00:00.000-0400,137803664,75283064,2304645
2018-05-13T00:00:00.000-0400,137825640,75288324,2307715
2018-05-14T00:00:00.000-0400,137929265,75287285,2310819
2018-05-15T00:00:00.000-0400,138492263,75319996,2316518
2018-05-16T00:00:00.000-0400,138546734,75349547,2317123
2018-05-17T00:00:00.000-0400,138658962,75376562,2331076
2018-05-18T00:00:00.000-0400,138683773,75401208,2331120
2018-05-19T00:00:00.000-0400,138709136,75408645,2331395
2018-05-20T00:00:00.000-0400,138725765,75414951,2342699
2018-05-21T00:00:00.000-0400,138785227,75443964,2347251
2018-05-22T00:00:00.000-0400,138974118,75470217,2347560
2018-05-23T00:00:00.000-0400,139016043,75481750,2348103
2018-05-25T00:00:00.000-0400,139596373,75524326,2350604
2018-05-26T00:00:00.000-0400,139623784,75527042,2350686
2018-05-27T00:00:00.000-0400,139635223,75532185,2352087
2018-05-28T00:00:00.000-0400,139653929,75539985,2352503
2018-05-30T00:00:00.000-0400,140620174,75577152,2352720
2018-05-31T00:00:00.000-0400,140779105,75606421,2352918
2018-06-01T00:00:00.000-0400,140799303,75613107,2353304
2018-06-02T00:00:00.000-0400,140809743,75619642,2353367
2018-06-03T00:00:00.000-0400,140816516,75624915,2353391
2018-06-04T00:00:00.000-0400,140856082,75644266,2353730
2018-06-05T00:00:00.000-0400,140887963,75677233,2358316
2018-06-06T00:00:00.000-0400,140914851,75698874,2361936
2018-06-07T00:00:00.000-0400,140958006,75718972,2362007
2018-06-08T00:00:00.000-0400,140991065,75736012,2362562
2018-06-09T00:00:00.000-0400,141010064,75737528,2362691
2018-06-10T00:00:00.000-0400,141043141,75746379,2363297
2018-06-14T00:00:00.000-0400,141387792,75831739,2372227
2018-06-15T00:00:00.000-0400,141427414,75843337,2374622
2018-06-16T00:00:00.000-0400,141440191,75848595,2374809
2018-06-17T00:00:00.000-0400,141464345,75854535,2374819
2018-06-18T00:00:00.000-0400,141511949,75876322,2368581
2018-06-19T00:00:00.000-0400,141610333,75899714,2368655
2018-06-20T00:00:00.000-0400,141693880,75921214,2369274
2018-06-21T00:00:00.000-0400,141822310,75942271,2370550
2018-06-22T00:00:00.000-0400,141918885,75961982,2370556
2018-06-23T00:00:00.000-0400,141921489,75967545,2370556
2018-06-24T00:00:00.000-0400,141988142,75973177,2371207
2018-06-25T00:00:00.000-0400,142202419,75996326,2371420
2018-06-26T00:00:00.000-0400,142404610,76016252,2371184
2018-06-27T00:00:00.000-0400,142639981,76042343,2371298
2018-06-28T00:00:00.000-0400,143235468,76066347,2371488
2018-06-29T00:00:00.000-0400,143376236,76095219,2371674
2018-06-30T00:00:00.000-0400,143457095,76100419,2371989
2018-07-01T00:00:00.000-0400,143611817,76085030,2372287
2018-07-02T00:00:00.000-0400,143660140,76106515,2372218
2018-07-03T00:00:00.000-0400,143958458,76120587,2372515
2018-07-04T00:00:00.000-0400,144059316,76121096,2372753
2018-07-05T00:00:00.000-0400,144183221,76149219,2372869
2018-07-06T00:00:00.000-0400,144240691,76166793,2373300
2018-07-07T00:00:00.000-0400,144291146,76163386,2373377
2018-07-08T00:00:00.000-0400,144340104,76168744,2373478
2018-07-09T00:00:00.000-0400,144427570,76192811,2374203
2018-07-10T00:00:00.000-0400,144530830,76205853,2374630
2018-07-11T00:00:00.000-0400,144608218,76232232,2374801
2018-07-12T00:00:00.000-0400,144735698,76256418,2375212
2018-07-13T00:00:00.000-0400,144779732,76277453,2379753
2018-07-14T00:00:00.000-0400,144834121,76284061,2380845
2018-07-15T00:00:00.000-0400,144969011,76293095,2380997
2018-07-16T00:00:00.000-0400,145169715,76312985,2381129
2018-07-17T00:00:00.000-0400,142893915,76328869,2381547
2018-07-18T00:00:00.000-0400,141430100,76353322,2383323
2018-07-19T00:00:00.000-0400,141724958,76379202,2383889
2018-07-20T00:00:00.000-0400,141846350,76397805,2386121
2018-07-21T00:00:00.000-0400,141850905,76400810,2387897
2018-08-04T00:00:00.000-0400,142481485,76683330,2409684
2018-08-05T00:00:00.000-0400,142488471,76690829,2407725
2018-08-06T00:00:00.000-0400,142532676,76715123,2414707
2018-08-07T00:00:00.000-0400,142539857,76748035,2415162
2018-08-10T00:00:00.000-0400,142745385,76892555,2418697
2018-08-11T00:00:00.000-0400,142792623,76900349,2419750
2018-08-13T00:00:00.000-0400,142895465,76954772,2420681
2018-08-14T00:00:00.000-0400,142987866,76994946,2421767
2018-08-15T00:00:00.000-0400,143104448,77053212,2432599
2018-08-16T00:00:00.000-0400,143135816,77115590,2432983
2018-08-17T00:00:00.000-0400,143162963,77170446,2433243
2018-08-18T00:00:00.000-0400,143147745,77180567,2433768
2018-08-19T00:00:00.000-0400,143168300,77217696,2434063
2018-08-20T00:00:00.000-0400,143214786,77262046,2434127
2018-08-21T00:00:00.000-0400,143152731,77311570,2435131
2018-08-22T00:00:00.000-0400,143237961,77369673,2436416
2018-08-23T00:00:00.000-0400,143324584,77422124,2436583
2018-08-24T00:00:00.000-0400,143329183,77468241,2436572
2018-08-25T00:00:00.000-0400,143341629,77477312,2436593
2018-08-26T00:00:00.000-0400,143365139,77487129,2436593
2018-08-27T00:00:00.000-0400,143493477,77537134,2436569
2018-08-28T00:00:00.000-0400,143606978,77585856,2436585
2018-08-29T00:00:00.000-0400,143686388,77640315,2436585
2018-08-30T00:00:00.000-0400,143823351,77701913,2436596
2018-08-31T00:00:00.000-0400,143851646,77751972,2436596
2018-09-01T00:00:00.000-0400,143878688,77759475,2436077
2018-09-02T00:00:00.000-0400,143898658,77775591,2436077
2018-09-03T00:00:00.000-0400,143985446,77789412,2436077
2018-09-04T00:00:00.000-0400,144110851,77873730,2436077
2018-09-05T00:00:00.000-0400,144183943,77926717,2436077
2018-09-06T00:00:00.000-0400,144448301,77985224,2436092
2018-09-07T00:00:00.000-0400,144617784,78026562,2436092
2018-09-08T00:00:00.000-0400,144658011,78040166,2436103
2018-09-09T00:00:00.000-0400,144720795,78057459,2436046
2018-09-10T00:00:00.000-0400,144823796,78120194,2436046
2018-09-11T00:00:00.000-0400,144905213,78173011,2436046
2018-09-12T00:00:00.000-0400,144969975,78213968,2436031
2018-09-13T00:00:00.000-0400,144978882,78236093,2436031
2018-09-14T00:00:00.000-0400,144987262,78248648,2436031
2018-09-15T00:00:00.000-0400,144778050,78258988,2436031
2018-09-16T00:00:00.000-0400,144805537,78269508,2436031
2018-09-17T00:00:00.000-0400,144912604,78331793,2434180
2018-09-18T00:00:00.000-0400,144985476,78398481,2434180
2018-09-19T00:00:00.000-0400,145089867,78476610,2433529
2018-09-20T00:00:00.000-0400,145330087,78516119,2428708
2018-09-21T00:00:00.000-0400,145211987,78591452,2428708
2018-09-22T00:00:00.000-0400,145249199,78602804,2428708
2018-09-23T00:00:00.000-0400,145563450,78706650,2424784
2018-09-24T00:00:00.000-0400,145379016,78672629,2424784
2018-09-25T00:00:00.000-0400,145645668,78725710,2424784
2018-09-26T00:00:00.000-0400,145806529,78806747,2424971
2018-09-27T00:00:00.000-0400,145893918,78879469,2424971
2018-09-28T00:00:00.000-0400,146010332,78921444,2419624
2018-09-29T00:00:00.000-0400,146058131,78931679,2419080
2018-09-30T00:00:00.000-0400,146141952,78937455,2419080
2018-10-01T00:00:00.000-0400,146343384,78995420,2419080
2018-10-02T00:00:00.000-0400,146432206,79054780,2419100
2018-10-03T00:00:00.000-0400,146596172,79120494,2419110
2018-10-04T00:00:00.000-0400,146667027,79149302,2419122
2018-10-05T00:00:00.000-0400,146670268,79211472,2419122
2018-10-06T00:00:00.000-0400,146695557,79220415,2419106
2018-10-07T00:00:00.000-0400,146742740,79230147,2419106
2018-10-08T00:00:00.000-0400,146868089,79266768,2419106
2018-10-09T00:00:00.000-0400,146946501,79307243,2419106
2018-10-10T00:00:00.000-0400,147140247,79362688,2419106
2018-10-11T00:00:00.000-0400,147232147,79411484,2419116
2018-10-12T00:00:00.000-0400,147314749,79486740,2419116
2018-10-13T00:00:00.000-0400,147346597,79499709,2419116
2018-10-14T00:00:00.000-0400,147386343,79515737,2419116
2018-10-15T00:00:00.000-0400,147496834,79662373,2419129
2018-10-16T00:00:00.000-0400,147599565,79750376,2419142
2018-10-17T00:00:00.000-0400,147690303,79828946,2419166
2018-10-18T00:00:00.000-0400,147801647,79875574,2419166
2018-10-19T00:00:00.000-0400,148025301,79955047,2419166
2018-10-20T00:00:00.000-0400,148068910,79964385,2419166
2018-10-21T00:00:00.000-0400,148073730,79969506,2419166
2018-10-22T00:00:00.000-0400,148194668,80034320,2419166
2018-10-23T00:00:00.000-0400,148332238,80102351,2419178
2018-10-24T00:00:00.000-0400,148420088,80168628,2419188
2018-10-25T00:00:00.000-0400,148548655,80207623,2419188
2018-10-26T00:00:00.000-0400,148637331,80263876,2419188
2018-10-27T00:00:00.000-0400,148613251,80275616,2419188
2018-10-28T00:00:00.000-0400,148632180,80303037,2419188
2018-10-29T00:00:00.000-0400,148733662,80387384,2419199
2018-10-30T00:00:00.000-0400,148885300,80445262,2419199
2018-10-31T00:00:00.000-0400,148986353,80512864,2419212
2018-11-01T00:00:00.000-0400,149044829,80590950,2419212
2018-11-02T00:00:00.000-0400,149250987,80638646,2419212
2018-11-03T00:00:00.000-0400,149310751,80648639,2419212
2018-11-04T00:00:00.000-0400,149353727,80668478,2419212
2018-11-05T00:00:00.000-0500,149569722,80769209,2419212
2018-11-06T00:00:00.000-0500,149780152,80835985,2418894
2018-11-07T00:00:00.000-0500,149963450,80904346,2418925
2018-11-08T00:00:00.000-0500,150160292,80976552,2418925
2018-11-09T00:00:00.000-0500,150144660,81032255,2418925
2018-11-10T00:00:00.000-0500,150171617,81046865,2418939
2018-11-11T00:00:00.000-0500,150239382,81068965,2418939
2018-11-12T00:00:00.000-0500,150388110,81133801,2418928
2018-11-13T00:00:00.000-0500,150575218,81199581,2418928
2018-11-14T00:00:00.000-0500,150703503,81263466,2418928
2018-11-15T00:00:00.000-0500,150861884,81332276,2418928
2018-11-16T00:00:00.000-0500,151111286,81382898,2418948
2018-11-17T00:00:00.000-0500,151181052,81395395,2418948
2018-11-18T00:00:00.000-0500,151347912,81412527,2418875
2018-11-19T00:00:00.000-0500,151544127,81471785,2418875
2018-11-20T00:00:00.000-0500,151729017,81562833,2418875
2018-11-21T00:00:00.000-0500,151814883,81608680,2418875
2018-11-22T00:00:00.000-0500,151860745,81621001,2418897
2018-11-24T00:00:00.000-0500,152029204,81652245,2418897
2018-11-25T00:00:00.000-0500,152087707,81675800,2418897
2018-11-26T00:00:00.000-0500,152363091,81741251,2418897
2018-11-27T00:00:00.000-0500,152601879,81806885,2418909
2018-11-28T00:00:00.000-0500,152735299,81892638,2418870
2018-11-29T00:00:00.000-0500,152908198,81977254,2418870
2018-11-30T00:00:00.000-0500,153058339,82016117,2418885
2018-12-01T00:00:00.000-0500,153214718,82032543,2418885
2018-12-02T00:00:00.000-0500,153300551,82050053,2418885
2018-12-03T00:00:00.000-0500,153441845,82082002,2418885
2018-12-04T00:00:00.000-0500,153523113,82164494,2418897
2018-12-05T00:00:00.000-0500,153658639,82196973,2418897
2018-12-06T00:00:00.000-0500,153806680,82235418,2418897
2018-12-07T00:00:00.000-0500,153951329,82263963,2418923
2018-12-08T00:00:00.000-0500,154020035,82274985,2418923
2018-12-09T00:00:00.000-0500,154050437,82285220,2418954
2018-12-10T00:00:00.000-0500,154093722,82299555,2418943
2018-12-11T00:00:00.000-0500,154078182,82310829,2418943
2018-12-12T00:00:00.000-0500,154150894,82331500,2418943
2018-12-13T00:00:00.000-0500,154161330,82381981,2418943
2018-12-14T00:00:00.000-0500,154259570,82408155,2418980
2018-12-15T00:00:00.000-0500,154296301,82417154,2418980
2018-12-16T00:00:00.000-0500,154298905,82426084,2418980
2018-12-17T00:00:00.000-0500,154347300,82450152,2418980
2018-12-18T00:00:00.000-0500,154354539,82475706,2418992
2018-12-19T00:00:00.000-0500,154361113,82498348,2418992
2018-12-20T00:00:00.000-0500,154379800,82541864,2418992
2018-12-21T00:00:00.000-0500,154420177,82561196,2418992
2018-12-22T00:00:00.000-0500,154433215,82568297,2418992
2018-12-23T00:00:00.000-0500,154448344,82575523,2418992
2018-12-24T00:00:00.000-0500,154469196,82583492,2418992
2018-12-25T00:00:00.000-0500,154497730,82586328,2418992
2018-12-26T00:00:00.000-0500,154505839,82595401,2418992
2018-12-27T00:00:00.000-0500,154520604,82603256,2418992
2018-12-28T00:00:00.000-0500,154527528,82611850,2418992
2018-12-29T00:00:00.000-0500,154532792,82617049,2418992
2018-12-30T00:00:00.000-0500,154579810,82621747,2418609
2018-12-31T00:00:00.000-0500,154596290,82630067,2418609
2019-01-01T00:00:00.000-0500,154627215,82637988,2418609
2019-01-02T00:00:00.000-0500,154744887,82660249,2418623
2019-01-03T00:00:00.000-0500,154758434,82683221,2418561
2019-01-04T00:00:00.000-0500,154789797,82703316,2418214
2019-01-05T00:00:00.000-0500,154794265,82707227,2418214
2019-01-06T00:00:00.000-0500,154814193,82712933,2418202
2019-01-07T00:00:00.000-0500,154839809,82720378,2418202
2019-01-08T00:00:00.000-0500,154852933,82747610,2417702
2019-01-09T00:00:00.000-0500,154907518,82773559,2417724
2019-01-10T00:00:00.000-0500,154870102,82786655,2417783
2019-01-11T00:00:00.000-0500,154887845,82825745,2417784
2019-01-12T00:00:00.000-0500,154885509,82841109,2417784
2019-01-13T00:00:00.000-0500,154900855,82853939,2417677
2019-01-14T00:00:00.000-0500,154946238,82916570,2417677
2019-01-15T00:00:00.000-0500,154973637,82964235,2417677
2019-01-16T00:00:00.000-0500,155060098,82999526,2417677
2019-01-17T00:00:00.000-0500,155147630,83046095,2417699
2019-01-18T00:00:00.000-0500,155246215,83094177,2413157
2019-01-19T00:00:00.000-0500,155261561,83104061,2413157
2019-01-20T00:00:00.000-0500,155285731,83116929,2413157
2019-01-21T00:00:00.000-0500,155312971,83146343,2413157
2019-01-22T00:00:00.000-0500,155385162,83211726,2413157
2019-01-23T00:00:00.000-0500,155541776,83263610,2413157
2019-01-24T00:00:00.000-0500,155615303,83349278,2413191
2019-01-25T00:00:00.000-0500,155699002,83399191,2413202
2019-01-26T00:00:00.000-0500,155548658,83413380,2413202
2019-01-27T00:00:00.000-0500,155582595,83420920,2413202
2019-01-28T00:00:00.000-0500,155643202,83487598,2413202
2019-01-29T00:00:00.000-0500,155792514,83531829,2413202
2019-01-30T00:00:00.000-0500,156143934,83581852,2413232
2019-01-31T00:00:00.000-0500,156301511,83640563,2413187
2019-02-01T00:00:00.000-0500,156400166,83705486,2413240
2019-02-02T00:00:00.000-0500,156467715,83714738,2413240
2019-02-03T00:00:00.000-0500,156526964,83735108,2413240
2019-02-04T00:00:00.000-0500,156671603,83828087,2413160
2019-02-05T00:00:00.000-0500,156793164,83883545,2413171
2019-02-06T00:00:00.000-0500,156977771,83961215,2413235
2019-02-11T00:00:00.000-0500,157368481,84217856,2413367
2019-02-12T00:00:00.000-0500,157600925,84267716,2413367
2019-02-13T00:00:00.000-0500,157696393,84340814,2413367
2019-02-14T00:00:00.000-0500,157858825,84388460,2413428
2019-02-15T00:00:00.000-0500,158054646,84442086,2413438
2019-02-16T00:00:00.000-0500,158064433,84454775,2413438
2019-02-17T00:00:00.000-0500,158140244,84470699,2413422
2019-02-18T00:00:00.000-0500,158371828,84529514,2413432
2019-02-19T00:00:00.000-0500,158548934,84577072,2413432
2019-02-20T00:00:00.000-0500,158857330,84621929,2413446
2019-02-21T00:00:00.000-0500,159065386,84662955,2413467
2019-02-22T00:00:00.000-0500,159066152,84704954,2413453
2019-02-23T00:00:00.000-0500,159080578,84716548,2413427
2019-02-24T00:00:00.000-0500,159194069,84731185,2413427
2019-02-25T00:00:00.000-0500,159414052,84789854,2413776
2019-02-26T00:00:00.000-0500,159606413,84852614,2414097
2019-02-27T00:00:00.000-0500,159737766,84907176,2414353
2019-02-28T00:00:00.000-0500,159889254,84952194,2417540
2019-03-01T00:00:00.000-0500,159973556,85007400,2417651
2019-03-02T00:00:00.000-0500,160032582,85018111,2419187
2019-03-03T00:00:00.000-0500,160053459,85031699,2419596
2019-03-04T00:00:00.000-0500,160250201,85058855,2419703
2019-03-05T00:00:00.000-0500,160411342,85102838,2421464
2019-03-06T00:00:00.000-0500,160509912,85157150,2422173
2019-03-07T00:00:00.000-0500,160640310,85185590,2429471
2019-03-08T00:00:00.000-0500,160686881,85197859,2488638
2019-03-09T00:00:00.000-0500,160721322,85206584,2489943
2019-03-10T00:00:00.000-0500,160819755,85233875,2490700
2019-03-11T00:00:00.000-0400,161076917,85286655,2492089
2019-03-12T00:00:00.000-0400,161178675,85342489,2495762
2019-03-13T00:00:00.000-0400,161365874,85385777,2503653
2019-03-14T00:00:00.000-0400,161508087,85438752,2506268
2019-03-18T00:00:00.000-0400,161794776,85646576,2469616
2019-03-19T00:00:00.000-0400,161973795,85710271,2473686
2019-03-20T00:00:00.000-0400,162132490,85787354,2474104
2019-03-21T00:00:00.000-0400,162290057,85834075,2474495
2019-03-22T00:00:00.000-0400,162455081,85882658,2473591
2019-03-23T00:00:00.000-0400,162558861,85884768,2474474
2019-03-24T00:00:00.000-0400,162543708,85909330,2474632
2019-03-25T00:00:00.000-0400,162821843,85989703,2476009
2019-03-26T00:00:00.000-0400,162951663,86045919,2478887
2019-03-28T00:00:00.000-0400,163152285,86158185,2483097
2019-03-29T00:00:00.000-0400,163324347,86222719,2472271
2019-03-30T00:00:00.000-0400,163388587,86239708,2472558
2019-03-31T00:00:00.000-0400,163476739,86259118,2472678
2019-04-01T00:00:00.000-0400,163712541,86336826,2474169
2019-04-08T00:00:00.000-0400,164578579,86691731,2533074
2019-04-09T00:00:00.000-0400,164763659,86761744,2534288
2019-04-10T00:00:00.000-0400,165029832,86806530,2535356
2019-04-11T00:00:00.000-0400,165349842,86863623,2536268
2019-04-12T00:00:00.000-0400,165457527,86909030,2536407
2019-04-13T00:00:00.000-0400,165583932,86923787,2538466
2019-04-14T00:00:00.000-0400,165724124,86941340,2543166
2019-04-15T00:00:00.000-0400,166013942,86999335,2545576
2019-04-16T00:00:00.000-0400,166213607,87046810,2548329
2019-04-17T00:00:00.000-0400,166362853,87124264,2550026
2019-04-18T00:00:00.000-0400,166503905,87173669,2562810
2019-04-19T00:00:00.000-0400,166859044,87200225,2563730
2019-04-20T00:00:00.000-0400,166925612,87218802,2563344
2019-04-21T00:00:00.000-0400,166972646,87228856,2564548
2019-04-22T00:00:00.000-0400,167110099,87289026,2574020
2019-04-23T00:00:00.000-0400,167368894,87357302,2582464
2019-04-24T00:00:00.000-0400,167513893,87412371,2592153
2019-04-25T00:00:00.000-0400,167169973,87474492,2596580
2019-04-26T00:00:00.000-0400,167353309,87526901,2597765
2019-04-27T00:00:00.000-0400,167372126,87543909,2598322
2019-04-28T00:00:00.000-0400,167474716,87566095,2599434
2019-04-29T00:00:00.000-0400,167727121,87627429,2603521
2019-04-30T00:00:00.000-0400,167953734,87686484,2604000
2019-05-01T00:00:00.000-0400,168362256,87737363,2607400
2019-05-02T00:00:00.000-0400,168742545,87793370,2608898
2019-05-03T00:00:00.000-0400,168912575,87900039,2610251
2019-05-04T00:00:00.000-0400,169022593,87911010,2611739
2019-05-05T00:00:00.000-0400,168945610,87927945,2612086
2019-05-06T00:00:00.000-0400,169144338,87967437,2612710
2019-05-07T00:00:00.000-0400,169291051,88009273,2614435
2019-05-08T00:00:00.000-0400,169533843,88050273,2614745
2019-05-09T00:00:00.000-0400,169714965,88064567,2615932
2019-05-10T00:00:00.000-0400,169702231,88077277,2616087
2019-05-11T00:00:00.000-0400,169728587,88086462,2618687
2019-05-12T00:00:00.000-0400,169748783,88095082,2619783
2019-05-13T00:00:00.000-0400,169814631,88126439,2620929
2019-05-14T00:00:00.000-0400,169904093,88161124,2621447
2019-05-15T00:00:00.000-0400,170179201,88191770,2621778
2019-05-16T00:00:00.000-0400,170336763,88220185,2622418
2019-05-17T00:00:00.000-0400,170393019,88244800,2628747
2019-05-18T00:00:00.000-0400,170358211,88254855,2629332
2019-05-19T00:00:00.000-0400,170497008,88261648,2633993
2019-05-20T00:00:00.000-0400,170647593,88282572,2640629
2019-05-21T00:00:00.000-0400,170764914,88308066,2640842
2019-05-22T00:00:00.000-0400,170880637,88332412,2641727
2019-05-23T00:00:00.000-0400,171195055,88358811,2642187
2019-05-24T00:00:00.000-0400,171181364,88377166,2643461
2019-05-24T00:00:00.000-0400,171181364,88377166,2643461
2019-05-24T00:00:00.000-0400,171181364,88377166,2643461
2019-05-24T00:00:00.000-0400,171181364,88377166,2643461
2019-05-24T00:00:00.000-0400,171181364,88377166,2643461
2019-05-24T00:00:00.000-0400,171181364,88377166,2643461
2019-05-24T00:00:00.000-0400,171181364,88377166,2643461
2019-05-24T00:00:00.000-0400,171181364,88377166,2643461
2019-05-25T00:00:00.000-0400,171200718,88380085,2647511
2019-05-25T00:00:00.000-0400,171200718,88380085,2647511
2019-05-25T00:00:00.000-0400,171200718,88380085,2647511
2019-05-25T00:00:00.000-0400,171200718,88380085,2647511
2019-05-25T00:00:00.000-0400,171200718,88380085,2647511
2019-05-25T00:00:00.000-0400,171200718,88380085,2647511
2019-05-25T00:00:00.000-0400,171200718,88380085,2647511
2019-05-25T00:00:00.000-0400,171200718,88380085,2647511
2019-05-26T00:00:00.000-0400,171213653,88382092,2647664
2019-05-27T00:00:00.000-0400,171231888,88389692,2647800
2019-05-28T00:00:00.000-0400,171560151,88419454,2657121
2019-05-29T00:00:00.000-0400,171656210,88446153,2671685
2019-05-30T00:00:00.000-0400,171710207,88478759,2672422
2019-05-31T00:00:00.000-0400,171812199,88504605,2676242
2019-06-01T00:00:00.000-0400,171855889,88511854,2677367
2019-06-02T00:00:00.000-0400,171857864,88517872,2678348
2019-06-03T00:00:00.000-0400,172043163,88521181,2680621
2019-06-04T00:00:00.000-0400,172155847,88531993,2680570
2019-06-05T00:00:00.000-0400,172514525,88548990,2683254
2019-06-06T00:00:00.000-0400,173035080,88566131,2688605
2019-06-07T00:00:00.000-0400,172968585,88582947,2690587
2019-06-08T00:00:00.000-0400,172975940,88588645,2694235
2019-06-09T00:00:00.000-0400,173007990,88598641,2700723
2019-06-10T00:00:00.000-0400,173035013,88622372,2701520
2019-06-11T00:00:00.000-0400,173061782,88646544,2702367
2019-06-12T00:00:00.000-0400,173019527,88668813,2721620
2019-06-13T00:00:00.000-0400,173011013,88691761,2732541
2019-06-14T00:00:00.000-0400,173041352,88713513,2744070
2019-06-15T00:00:00.000-0400,173057871,88720339,2750447
2019-06-16T00:00:00.000-0400,173076284,88726812,2750952
2019-06-17T00:00:00.000-0400,173207928,88754191,2757598
2019-06-18T00:00:00.000-0400,173411673,88778967,2763186
2019-06-19T00:00:00.000-0400,173604137,88804771,2773978
2019-06-20T00:00:00.000-0400,173601096,88821929,2779961
2019-06-21T00:00:00.000-0400,173774642,88839918,2780508
2019-06-22T00:00:00.000-0400,173779902,88847949,2785134
2019-06-23T00:00:00.000-0400,173782378,88857679,2786189
2019-06-24T00:00:00.000-0400,173912409,88884766,2786594
2019-06-25T00:00:00.000-0400,173888861,88904706,2791899
2019-06-26T00:00:00.000-0400,173983905,88925062,2792488
2019-06-27T00:00:00.000-0400,174104806,88949212,2794008
2019-06-28T00:00:00.000-0400,174178478,88973762,2794972
2019-06-29T00:00:00.000-0400,174246118,88983562,2795903
2019-06-30T00:00:00.000-0400,174257149,88992034,2799534
2019-07-01T00:00:00.000-0400,174312269,89016160,2802010
2019-07-02T00:00:00.000-0400,174374409,89042183,2803996
2019-07-03T00:00:00.000-0400,174660344,89065098,2804055
2019-07-04T00:00:00.000-0400,174672778,89072150,2804533
2019-07-05T00:00:00.000-0400,174690833,89082781,2805763
2019-07-06T00:00:00.000-0400,174738509,89088392,2805585
2019-07-07T00:00:00.000-0400,174755556,89093578,2808550
2019-07-08T00:00:00.000-0400,174814341,89121254,2809473
2019-07-09T00:00:00.000-0400,175194058,89142274,2809701
2019-07-10T00:00:00.000-0400,175354353,89170155,2809910
2019-07-11T00:00:00.000-0400,175293100,89194623,2810507
2019-07-12T00:00:00.000-0400,175343426,89208761,2810790
2019-07-13T00:00:00.000-0400,175364643,89216086,2811298
2019-07-14T00:00:00.000-0400,175392001,89219215,2811675
2019-07-15T00:00:00.000-0400,175431429,89246318,2813691
2019-07-16T00:00:00.000-0400,175464255,89271903,2815196
2019-07-17T00:00:00.000-0400,175474379,89295245,2816517
2019-07-18T00:00:00.000-0400,175588770,89319142,2817402
2019-07-19T00:00:00.000-0400,175724121,89342759,2818742
2019-07-20T00:00:00.000-0400,176434833,89352368,2819339
2019-07-21T00:00:00.000-0400,176509596,89360232,2819845
2019-07-22T00:00:00.000-0400,176643577,89391178,2821864
2019-07-23T00:00:00.000-0400,176863486,89418261,2826359
2019-07-24T00:00:00.000-0400,177065592,89445893,2827072
2019-07-25T00:00:00.000-0400,177310464,89470000,2827188
2019-07-26T00:00:00.000-0400,177372755,89494557,2827449
2019-07-27T00:00:00.000-0400,177435091,89501551,2827277
2019-07-28T00:00:00.000-0400,177467428,89509858,2824897
2019-07-29T00:00:00.000-0400,177495734,89532490,2826547
2019-07-30T00:00:00.000-0400,177492015,89560431,2827223
2019-07-31T00:00:00.000-0400,178413316,89582847,2829141
2019-08-02T00:00:00.000-0400,179748697,89632791,2833190
2019-08-03T00:00:00.000-0400,179776833,89641189,2833945
2019-08-04T00:00:00.000-0400,179801570,89647114,2836452
2019-08-05T00:00:00.000-0400,180196332,89676196,2850870
2019-08-06T00:00:00.000-0400,180468153,89700192,2845919
2019-08-07T00:00:00.000-0400,180487233,89721991,2850509
2019-08-08T00:00:00.000-0400,180554870,89745298,2851594
2019-08-09T00:00:00.000-0400,180558822,89768944,2860468
2019-08-10T00:00:00.000-0400,180595188,89775127,2869491
2019-08-11T00:00:00.000-0400,180608334,89777164,2870567
2019-08-12T00:00:00.000-0400,180675253,89820346,2872401
2019-08-13T00:00:00.000-0400,180751401,89863295,2874231
2019-08-14T00:00:00.000-0400,180860832,89917638,2876476
2019-08-15T00:00:00.000-0400,180993573,89968726,2879767
2019-08-16T00:00:00.000-0400,181083089,90010115,2880685
2019-08-17T00:00:00.000-0400,181105049,90024071,2880911
