time,google.accounts:num_users,google.accounts:num_disabled_accounts,google.accounts:num_suspended_users
2015-03-23T00:00:00.000-0400,63991,34125,34123
2015-03-24T00:00:00.000-0400,64051,34126,34125
2015-03-25T00:00:00.000-0400,64115,34112,34112
2015-03-26T00:00:00.000-0400,64155,34110,34110
2015-03-27T00:00:00.000-0400,64177,34126,34124
2015-03-28T00:00:00.000-0400,64206,34130,34128
2015-03-29T00:00:00.000-0400,64232,34120,34118
2015-03-30T00:00:00.000-0400,64287,34111,34111
2015-03-31T00:00:00.000-0400,64340,34111,34111
2015-04-01T00:00:00.000-0400,64396,34110,34110
2015-04-02T00:00:00.000-0400,64442,34100,34098
2015-04-03T00:00:00.000-0400,64463,34101,34099
2015-04-04T00:00:00.000-0400,64487,34094,34094
2015-04-05T00:00:00.000-0400,64514,34095,34095
2015-04-06T00:00:00.000-0400,64568,34097,34097
2015-04-07T00:00:00.000-0400,64646,34102,34100
2015-04-08T00:00:00.000-0400,64683,34100,34098
2015-04-09T00:00:00.000-0400,64748,34093,34091
2015-04-10T00:00:00.000-0400,64813,34092,34088
2015-04-11T00:00:00.000-0400,64854,34116,34112
2015-04-12T00:00:00.000-0400,64880,34078,34078
2015-04-13T00:00:00.000-0400,64943,34080,34080
2015-04-14T00:00:00.000-0400,65015,34080,34080
2015-04-15T00:00:00.000-0400,65075,34082,34082
2015-04-16T00:00:00.000-0400,65115,34075,34075
2015-04-17T00:00:00.000-0400,65154,34073,34073
2015-04-18T00:00:00.000-0400,65175,34098,34098
2015-04-19T00:00:00.000-0400,65216,34081,34080
2015-04-20T00:00:00.000-0400,65270,34072,34072
2015-04-21T00:00:00.000-0400,68822,37551,37551
2015-04-22T00:00:00.000-0400,68887,37552,37552
2015-04-23T00:00:00.000-0400,68925,37547,37547
2015-04-24T00:00:00.000-0400,68965,37545,37545
2015-04-25T00:00:00.000-0400,68990,37545,37545
2015-04-26T00:00:00.000-0400,69023,37545,37544
2015-04-27T00:00:00.000-0400,69081,37550,37550
2015-04-28T00:00:00.000-0400,69138,37544,37544
2015-04-29T00:00:00.000-0400,69203,37540,37539
2015-04-30T00:00:00.000-0400,69275,37523,37523
2015-05-01T00:00:00.000-0400,69330,37519,37519
2015-05-02T00:00:00.000-0400,69352,37520,37519
2015-05-03T00:00:00.000-0400,69380,37518,37516
2015-05-04T00:00:00.000-0400,69451,37519,37519
2015-05-05T00:00:00.000-0400,69508,37513,37513
2015-05-06T00:00:00.000-0400,69560,37532,37531
2015-05-07T00:00:00.000-0400,69613,37517,37517
2015-05-08T00:00:00.000-0400,69645,37486,37485
2015-05-09T00:00:00.000-0400,69664,37484,37483
2015-05-10T00:00:00.000-0400,69688,37488,37487
2015-05-11T00:00:00.000-0400,69750,37480,37478
2015-05-12T00:00:00.000-0400,69824,37490,37487
2015-05-13T00:00:00.000-0400,69900,37476,37475
2015-05-14T00:00:00.000-0400,69968,37469,37467
2015-05-15T00:00:00.000-0400,70020,37465,37464
2015-05-16T00:00:00.000-0400,70035,37443,37443
2015-05-17T00:00:00.000-0400,70063,37444,37443
2015-05-18T00:00:00.000-0400,70125,37440,37437
2015-05-19T00:00:00.000-0400,70189,37451,37445
2015-05-20T00:00:00.000-0400,70231,37446,37438
2015-05-21T00:00:00.000-0400,70273,37876,37869
2015-05-22T00:00:00.000-0400,70306,37879,37871
2015-05-23T00:00:00.000-0400,70319,37883,37871
2015-05-24T00:00:00.000-0400,70335,37856,37856
2015-05-25T00:00:00.000-0400,70360,37859,37855
2015-05-26T00:00:00.000-0400,70417,37856,37853
2015-05-27T00:00:00.000-0400,70470,37852,37849
2015-05-28T00:00:00.000-0400,70517,37850,37849
2015-05-29T00:00:00.000-0400,70570,37855,37854
2015-05-30T00:00:00.000-0400,70588,37856,37854
2015-05-31T00:00:00.000-0400,70608,37851,37850
2015-06-01T00:00:00.000-0400,70677,37829,37829
2015-06-02T00:00:00.000-0400,70718,37836,37835
2015-06-03T00:00:00.000-0400,70788,37830,37828
2015-06-04T00:00:00.000-0400,70825,37829,37825
2015-06-05T00:00:00.000-0400,70868,37822,37819
2015-06-06T00:00:00.000-0400,70881,37821,37818
2015-06-07T00:00:00.000-0400,70898,37819,37816
2015-06-08T00:00:00.000-0400,70933,37809,37808
2015-06-09T00:00:00.000-0400,71111,37797,37797
2015-06-10T00:00:00.000-0400,71136,37793,37793
2015-06-11T00:00:00.000-0400,71180,37794,37794
2015-06-12T00:00:00.000-0400,71200,37793,37792
2015-06-13T00:00:00.000-0400,71212,37797,37792
2015-06-14T00:00:00.000-0400,71228,37793,37789
2015-06-15T00:00:00.000-0400,71271,37786,37783
2015-06-16T00:00:00.000-0400,71307,37787,37785
2015-06-17T00:00:00.000-0400,71355,37773,37773
2015-06-18T00:00:00.000-0400,71415,39243,39243
2015-06-19T00:00:00.000-0400,71450,39245,39243
2015-06-20T00:00:00.000-0400,71461,39243,39241
2015-06-21T00:00:00.000-0400,71471,39238,39236
2015-06-22T00:00:00.000-0400,71511,39237,39236
2015-06-23T00:00:00.000-0400,71544,39221,39221
2015-06-24T00:00:00.000-0400,71573,39223,39223
2015-06-25T00:00:00.000-0400,71602,39221,39219
2015-06-26T00:00:00.000-0400,71624,39224,39222
2015-06-27T00:00:00.000-0400,71632,39223,39221
2015-06-28T00:00:00.000-0400,71645,39225,39223
2015-06-29T00:00:00.000-0400,71690,39219,39218
2015-06-30T00:00:00.000-0400,71715,39218,39216
2015-07-01T00:00:00.000-0400,71741,39207,39207
2015-07-02T00:00:00.000-0400,71759,39203,39203
2015-07-03T00:00:00.000-0400,71769,39204,39204
2015-07-04T00:00:00.000-0400,71769,39204,39204
2015-07-05T00:00:00.000-0400,71775,39200,39200
2015-07-06T00:00:00.000-0400,71804,39199,39199
2015-07-07T00:00:00.000-0400,71834,39197,39197
2015-07-08T00:00:00.000-0400,71865,39193,39193
2015-07-09T00:00:00.000-0400,71884,39189,39189
2015-07-10T00:00:00.000-0400,71906,39185,39185
2015-07-11T00:00:00.000-0400,71915,39185,39185
2015-07-12T00:00:00.000-0400,71924,39184,39184
2015-07-13T00:00:00.000-0400,71951,39180,39180
2015-07-14T00:00:00.000-0400,71982,39175,39175
2015-07-15T00:00:00.000-0400,72001,39179,39178
2015-07-16T00:00:00.000-0400,72019,39261,39240
2015-07-17T00:00:00.000-0400,72036,39174,39174
2015-07-18T00:00:00.000-0400,72045,39178,39178
2015-07-19T00:00:00.000-0400,72093,39219,39219
2015-07-20T00:00:00.000-0400,72093,39219,39219
2015-07-21T00:00:00.000-0400,72112,39158,39158
2015-07-22T00:00:00.000-0400,72141,39174,39174
2015-07-23T00:00:00.000-0400,72164,39169,39169
2015-07-24T00:00:00.000-0400,72193,39140,39140
2015-07-25T00:00:00.000-0400,72202,39149,39149
2015-07-26T00:00:00.000-0400,72213,39148,39148
2015-07-27T00:00:00.000-0400,72250,39144,39144
2015-07-28T00:00:00.000-0400,72293,39136,39136
2015-07-29T00:00:00.000-0400,72324,39135,39135
2015-07-30T00:00:00.000-0400,72346,39133,39133
2015-07-31T00:00:00.000-0400,72364,39124,39124
2015-08-01T00:00:00.000-0400,72368,39105,39105
2015-08-02T00:00:00.000-0400,72375,39105,39105
2015-08-03T00:00:00.000-0400,72404,39102,39102
2015-08-04T00:00:00.000-0400,72438,39093,39093
2015-08-05T00:00:00.000-0400,72482,39086,39086
2015-08-06T00:00:00.000-0400,72518,39079,39079
2015-08-07T00:00:00.000-0400,72550,39070,39070
2015-08-08T00:00:00.000-0400,72557,39069,39069
2015-08-09T00:00:00.000-0400,72569,39054,39054
2015-08-10T00:00:00.000-0400,72615,39058,39055
2015-08-11T00:00:00.000-0400,72663,39047,39045
2015-08-12T00:00:00.000-0400,72695,39031,39029
2015-08-13T00:00:00.000-0400,72767,39066,39064
2015-08-14T00:00:00.000-0400,72818,39048,39046
2015-08-15T00:00:00.000-0400,72827,39043,39040
2015-08-16T00:00:00.000-0400,72854,39027,39025
2015-08-17T00:00:00.000-0400,72941,38977,38977
2015-08-18T00:00:00.000-0400,72974,38973,38973
2015-08-19T00:00:00.000-0400,73012,38973,38972
2015-08-20T00:00:00.000-0400,73036,39451,39447
2015-08-21T00:00:00.000-0400,73058,39448,39443
2015-08-22T00:00:00.000-0400,73064,39448,39444
2015-08-23T00:00:00.000-0400,73067,39447,39443
2015-08-24T00:00:00.000-0400,73111,39440,39439
2015-08-25T00:00:00.000-0400,73153,39427,39427
2015-08-26T00:00:00.000-0400,73182,39430,39430
2015-08-27T00:00:00.000-0400,73199,39428,39428
2015-08-28T00:00:00.000-0400,73227,39416,39416
2015-08-29T00:00:00.000-0400,73229,39417,39417
2015-08-30T00:00:00.000-0400,73236,39417,39417
2015-08-31T00:00:00.000-0400,73279,39416,39416
2015-09-01T00:00:00.000-0400,73293,39419,39417
2015-09-02T00:00:00.000-0400,73297,39417,39417
2015-09-03T00:00:00.000-0400,73344,39419,39419
2015-09-04T00:00:00.000-0400,73345,39420,39419
2015-09-05T00:00:00.000-0400,73346,39414,39414
2015-09-06T00:00:00.000-0400,73349,39415,39414
2015-09-07T00:00:00.000-0400,73350,39416,39416
2015-09-08T00:00:00.000-0400,73352,39417,39417
2015-09-09T00:00:00.000-0400,73356,39416,39416
2015-09-10T00:00:00.000-0400,73360,39417,39417
2015-09-11T00:00:00.000-0400,73360,39415,39415
2015-09-12T00:00:00.000-0400,73360,39423,39419
2015-09-13T00:00:00.000-0400,73375,39413,39413
2015-09-14T00:00:00.000-0400,73380,39417,39417
2015-09-15T00:00:00.000-0400,73386,39416,39416
2015-09-16T00:00:00.000-0400,73389,39416,39415
2015-09-17T00:00:00.000-0400,73393,41686,41685
2015-09-18T00:00:00.000-0400,73395,41781,41781
2015-09-19T00:00:00.000-0400,73395,41782,41780
2015-09-20T00:00:00.000-0400,73397,41783,41780
2015-09-21T00:00:00.000-0400,73399,41773,41773
2015-09-22T00:00:00.000-0400,73405,41771,41771
2015-09-23T00:00:00.000-0400,73412,41774,41772
2015-09-24T00:00:00.000-0400,73416,41774,41772
2015-09-25T00:00:00.000-0400,73423,41774,41772
2015-09-26T00:00:00.000-0400,73424,41773,41771
2015-09-27T00:00:00.000-0400,73428,41771,41770
2015-09-28T00:00:00.000-0400,73439,41770,41769
2015-09-29T00:00:00.000-0400,73451,41765,41765
2015-09-30T00:00:00.000-0400,73468,41755,41755
2015-10-01T00:00:00.000-0400,73473,41751,41750
2015-10-02T00:00:00.000-0400,73476,41747,41747
2015-10-03T00:00:00.000-0400,73481,41748,41748
2015-10-04T00:00:00.000-0400,73487,41749,41748
2015-10-05T00:00:00.000-0400,73501,41745,41744
2015-10-06T00:00:00.000-0400,73523,41739,41739
2015-10-07T00:00:00.000-0400,73537,41735,41734
2015-10-08T00:00:00.000-0400,73541,41732,41732
2015-10-09T00:00:00.000-0400,73550,41732,41732
2015-10-10T00:00:00.000-0400,73550,41733,41732
2015-10-11T00:00:00.000-0400,73552,41733,41732
2015-10-12T00:00:00.000-0400,73564,41728,41727
2015-10-13T00:00:00.000-0400,73617,41727,41727
2015-10-14T00:00:00.000-0400,73634,41725,41725
2015-10-15T00:00:00.000-0400,73646,41724,41724
2015-10-16T00:00:00.000-0400,73657,41724,41724
2015-10-17T00:00:00.000-0400,73664,41724,41724
2015-10-18T00:00:00.000-0400,73665,41724,41724
2015-10-19T00:00:00.000-0400,73671,41724,41724
2015-10-20T00:00:00.000-0400,73684,41724,41723
2015-10-21T00:00:00.000-0400,73692,41721,41721
2015-10-22T00:00:00.000-0400,73707,41806,41806
2015-10-23T00:00:00.000-0400,73732,41806,41806
2015-10-24T00:00:00.000-0400,73737,41805,41804
2015-10-25T00:00:00.000-0400,73741,41806,41804
2015-10-26T00:00:00.000-0400,73753,41802,41802
2015-10-27T00:00:00.000-0400,73765,41800,41800
2015-10-28T00:00:00.000-0400,73776,41798,41798
2015-10-29T00:00:00.000-0400,73785,41799,41799
2015-10-30T00:00:00.000-0400,73796,41798,41798
2015-10-31T00:00:00.000-0400,73802,41798,41798
2015-11-01T00:00:00.000-0400,73808,41795,41795
2015-11-02T00:00:00.000-0500,73831,41793,41792
2015-11-03T00:00:00.000-0500,73847,41787,41787
2015-11-04T00:00:00.000-0500,73863,41783,41783
2015-11-05T00:00:00.000-0500,73879,41780,41780
2015-11-06T00:00:00.000-0500,73888,41778,41778
2015-11-07T00:00:00.000-0500,73888,41778,41777
2015-11-08T00:00:00.000-0500,73894,41777,41777
2015-11-09T00:00:00.000-0500,73907,41775,41775
2015-11-10T00:00:00.000-0500,73917,41772,41772
2015-11-11T00:00:00.000-0500,73959,41770,41770
2015-11-12T00:00:00.000-0500,73977,41768,41768
2015-11-13T00:00:00.000-0500,73993,41770,41770
2015-11-14T00:00:00.000-0500,73997,41770,41770
2015-11-15T00:00:00.000-0500,74011,41766,41766
2015-11-16T00:00:00.000-0500,74027,41758,41758
2015-11-17T00:00:00.000-0500,74047,41756,41756
2015-11-18T00:00:00.000-0500,74048,41751,41751
2015-11-19T00:00:00.000-0500,74075,41812,41812
2015-11-20T00:00:00.000-0500,74087,41811,41811
2015-11-21T00:00:00.000-0500,74109,41811,41807
2015-11-22T00:00:00.000-0500,74120,41805,41805
2015-11-23T00:00:00.000-0500,74145,41802,41802
2015-11-24T00:00:00.000-0500,74176,41800,41800
2015-11-25T00:00:00.000-0500,74200,41798,41798
2015-11-26T00:00:00.000-0500,74211,41798,41798
2015-11-27T00:00:00.000-0500,74223,41797,41797
2015-11-28T00:00:00.000-0500,74231,41797,41797
2015-11-29T00:00:00.000-0500,74247,41792,41792
2015-11-30T00:00:00.000-0500,74296,41783,41783
2015-12-01T00:00:00.000-0500,74328,41777,41777
2015-12-02T00:00:00.000-0500,74364,41775,41775
2015-12-03T00:00:00.000-0500,74398,41768,41768
2015-12-04T00:00:00.000-0500,74428,41761,41761
2015-12-05T00:00:00.000-0500,74438,41761,41761
2015-12-06T00:00:00.000-0500,74456,41758,41758
2015-12-07T00:00:00.000-0500,74480,41762,41755
2015-12-08T00:00:00.000-0500,74504,41752,41752
2015-12-09T00:00:00.000-0500,74529,41749,41749
2015-12-10T00:00:00.000-0500,74546,41742,41742
2015-12-11T00:00:00.000-0500,74559,41743,41742
2015-12-12T00:00:00.000-0500,74566,41740,41740
2015-12-13T00:00:00.000-0500,74571,41741,41740
2015-12-14T00:00:00.000-0500,74589,41738,41737
2015-12-15T00:00:00.000-0500,74609,41730,41730
2015-12-16T00:00:00.000-0500,74640,41730,41729
2015-12-17T00:00:00.000-0500,74670,41758,41758
2015-12-18T00:00:00.000-0500,74692,41747,41747
2015-12-19T00:00:00.000-0500,74708,41750,41750
2015-12-20T00:00:00.000-0500,74715,41750,41750
2015-12-21T00:00:00.000-0500,74734,41751,41747
2015-12-22T00:00:00.000-0500,74750,41745,41741
2015-12-23T00:00:00.000-0500,74758,41742,41739
2015-12-24T00:00:00.000-0500,74765,41739,41736
2015-12-25T00:00:00.000-0500,74772,41732,41732
2015-12-26T00:00:00.000-0500,74781,41730,41730
2015-12-27T00:00:00.000-0500,74786,41729,41729
2015-12-28T00:00:00.000-0500,74798,41729,41728
2015-12-29T00:00:00.000-0500,74815,41725,41725
2015-12-30T00:00:00.000-0500,74822,41725,41725
2015-12-31T00:00:00.000-0500,74828,41730,41730
2016-01-01T00:00:00.000-0500,74833,41730,41730
2016-01-02T00:00:00.000-0500,74843,41726,41726
2016-01-03T00:00:00.000-0500,74846,41728,41726
2016-01-04T00:00:00.000-0500,74905,41717,41717
2016-01-05T00:00:00.000-0500,74927,41723,41722
2016-01-06T00:00:00.000-0500,74965,41719,41717
2016-01-07T00:00:00.000-0500,75005,41709,41708
2016-01-08T00:00:00.000-0500,75035,41699,41699
2016-01-09T00:00:00.000-0500,75050,41697,41697
2016-01-10T00:00:00.000-0500,75071,41697,41697
2016-01-11T00:00:00.000-0500,75120,41682,41682
2016-01-12T00:00:00.000-0500,75160,41674,41674
2016-01-13T00:00:00.000-0500,75189,41671,41667
2016-01-14T00:00:00.000-0500,75223,41664,41663
2016-01-15T00:00:00.000-0500,75251,41660,41658
2016-01-16T00:00:00.000-0500,75261,41662,41659
2016-01-17T00:00:00.000-0500,75264,41655,41654
2016-01-18T00:00:00.000-0500,75279,41652,41651
2016-01-19T00:00:00.000-0500,75303,41650,41648
2016-01-20T00:00:00.000-0500,75333,41649,41645
2016-01-21T00:00:00.000-0500,75409,44237,44236
2016-01-22T00:00:00.000-0500,75427,46456,46455
2016-01-23T00:00:00.000-0500,75438,46456,46455
2016-01-24T00:00:00.000-0500,75451,46456,46454
2016-01-25T00:00:00.000-0500,75501,46454,46453
2016-01-26T00:00:00.000-0500,75532,46444,46443
2016-01-27T00:00:00.000-0500,75552,46434,46433
2016-01-28T00:00:00.000-0500,75577,46423,46422
2016-01-29T00:00:00.000-0500,75577,46424,46423
2016-01-30T00:00:00.000-0500,75598,46423,46420
2016-01-31T00:00:00.000-0500,75614,46419,46418
2016-02-01T00:00:00.000-0500,75633,46416,46414
2016-02-02T00:00:00.000-0500,75655,46409,46408
2016-02-03T00:00:00.000-0500,75673,46407,46406
2016-02-04T00:00:00.000-0500,75689,46407,46407
2016-02-05T00:00:00.000-0500,75700,46408,46408
2016-02-06T00:00:00.000-0500,75727,46407,46407
2016-02-07T00:00:00.000-0500,75749,46407,46407
2016-02-08T00:00:00.000-0500,75792,46413,46413
2016-02-09T00:00:00.000-0500,75830,46405,46405
2016-02-10T00:00:00.000-0500,75875,46407,46407
2016-02-11T00:00:00.000-0500,75910,46399,46399
2016-02-12T00:00:00.000-0500,75929,46399,46398
2016-02-13T00:00:00.000-0500,75956,46400,46400
2016-02-14T00:00:00.000-0500,75983,46399,46399
2016-02-15T00:00:00.000-0500,76091,46396,46396
2016-02-16T00:00:00.000-0500,76136,46395,46395
2016-02-17T00:00:00.000-0500,76170,46394,46393
2016-02-18T00:00:00.000-0500,76204,46615,46615
2016-02-19T00:00:00.000-0500,76235,46612,46611
2016-02-20T00:00:00.000-0500,76267,46609,46609
2016-02-21T00:00:00.000-0500,76289,46608,46608
2016-02-22T00:00:00.000-0500,76328,46605,46605
2016-02-23T00:00:00.000-0500,76357,46601,46601
2016-02-24T00:00:00.000-0500,76386,46594,46594
2016-02-25T00:00:00.000-0500,76421,46593,46593
2016-02-26T00:00:00.000-0500,76434,46593,46592
2016-02-27T00:00:00.000-0500,76448,46593,46592
2016-02-28T00:00:00.000-0500,76467,46593,46592
2016-02-29T00:00:00.000-0500,76499,46592,46591
2016-03-01T00:00:00.000-0500,76527,46587,46586
2016-03-02T00:00:00.000-0500,76565,46585,46584
2016-03-03T00:00:00.000-0500,76599,46581,46580
2016-03-04T00:00:00.000-0500,76608,46581,46580
2016-03-05T00:00:00.000-0500,76608,46581,46580
2016-03-06T00:00:00.000-0500,76608,46581,46580
2016-03-07T00:00:00.000-0500,76649,46580,46579
2016-03-08T00:00:00.000-0500,76682,46578,46577
2016-03-09T00:00:00.000-0500,76712,46575,46574
2016-03-10T00:00:00.000-0500,76743,46574,46572
2016-03-11T00:00:00.000-0500,76769,46569,46568
2016-03-12T00:00:00.000-0500,76786,46568,46567
2016-03-13T00:00:00.000-0500,76817,46565,46564
2016-03-14T00:00:00.000-0400,76878,46558,46557
2016-03-15T00:00:00.000-0400,76919,46559,46557
2016-03-16T00:00:00.000-0400,76963,46559,46558
2016-03-17T00:00:00.000-0400,77006,46848,46847
2016-03-18T00:00:00.000-0400,77066,46842,46841
2016-03-19T00:00:00.000-0400,77115,46841,46840
2016-03-20T00:00:00.000-0400,77154,46837,46836
2016-03-21T00:00:00.000-0400,77200,46832,46831
2016-03-22T00:00:00.000-0400,77254,46830,46829
2016-03-23T00:00:00.000-0400,77342,46828,46827
2016-03-24T00:00:00.000-0400,77391,46821,46820
2016-03-25T00:00:00.000-0400,77419,46819,46818
2016-03-26T00:00:00.000-0400,77447,46819,46818
2016-03-27T00:00:00.000-0400,77471,46820,46819
2016-03-28T00:00:00.000-0400,77524,46813,46812
2016-03-29T00:00:00.000-0400,77561,46799,46798
2016-03-30T00:00:00.000-0400,77613,46791,46790
2016-03-31T00:00:00.000-0400,77681,46782,46781
2016-04-01T00:00:00.000-0400,77753,46784,46783
2016-04-02T00:00:00.000-0400,77780,46783,46782
2016-04-03T00:00:00.000-0400,77831,46783,46782
2016-04-04T00:00:00.000-0400,77902,46783,46782
2016-04-05T00:00:00.000-0400,77976,46778,46777
2016-04-06T00:00:00.000-0400,78035,46772,46771
2016-04-07T00:00:00.000-0400,78074,46770,46769
2016-04-08T00:00:00.000-0400,78139,46763,46762
2016-04-09T00:00:00.000-0400,78175,46762,46761
2016-04-10T00:00:00.000-0400,78207,46759,46758
2016-04-11T00:00:00.000-0400,78252,46756,46755
2016-04-12T00:00:00.000-0400,78310,46751,46750
2016-04-13T00:00:00.000-0400,78363,46743,46742
2016-04-14T00:00:00.000-0400,78399,46740,46739
2016-04-15T00:00:00.000-0400,78441,46732,46731
2016-04-16T00:00:00.000-0400,78457,46730,46729
2016-04-17T00:00:00.000-0400,78480,46728,46727
2016-04-18T00:00:00.000-0400,78530,46725,46723
2016-04-19T00:00:00.000-0400,78572,46721,46720
2016-04-20T00:00:00.000-0400,78641,46716,46715
2016-04-21T00:00:00.000-0400,78685,46816,46815
2016-04-22T00:00:00.000-0400,78739,46812,46811
2016-04-23T00:00:00.000-0400,78766,46812,46811
2016-04-24T00:00:00.000-0400,78800,46809,46808
2016-04-25T00:00:00.000-0400,78875,46802,46801
2016-04-26T00:00:00.000-0400,78875,46802,46801
2016-04-27T00:00:00.000-0400,79007,46797,46796
2016-04-28T00:00:00.000-0400,79082,46796,46795
2016-04-29T00:00:00.000-0400,79140,46787,46786
2016-04-30T00:00:00.000-0400,79179,46784,46783
2016-05-01T00:00:00.000-0400,79232,46784,46783
2016-05-02T00:00:00.000-0400,79298,46769,46768
2016-05-03T00:00:00.000-0400,79345,46759,46758
2016-05-04T00:00:00.000-0400,79393,46758,46757
2016-05-05T00:00:00.000-0400,79451,46751,46750
2016-05-06T00:00:00.000-0400,79483,46750,46748
2016-05-07T00:00:00.000-0400,79506,46747,46746
2016-05-08T00:00:00.000-0400,79530,46746,46745
2016-05-09T00:00:00.000-0400,79582,46732,46731
2016-05-10T00:00:00.000-0400,79633,46720,46719
2016-05-11T00:00:00.000-0400,79692,46712,46711
2016-05-12T00:00:00.000-0400,79767,46698,46697
2016-05-13T00:00:00.000-0400,79804,46692,46691
2016-05-14T00:00:00.000-0400,79822,46689,46688
2016-05-15T00:00:00.000-0400,79860,46685,46684
2016-05-16T00:00:00.000-0400,79924,46680,46679
2016-05-17T00:00:00.000-0400,79986,46669,46668
2016-05-18T00:00:00.000-0400,80040,46663,46662
2016-05-19T00:00:00.000-0400,80090,46655,46654
2016-05-20T00:00:00.000-0400,80117,46649,46648
2016-05-21T00:00:00.000-0400,80118,46652,46650
2016-05-22T00:00:00.000-0400,80118,46653,46651
2016-05-23T00:00:00.000-0400,80174,46649,46647
2016-05-24T00:00:00.000-0400,80223,48157,48156
2016-05-25T00:00:00.000-0400,80279,48153,48152
2016-05-26T00:00:00.000-0400,80319,48149,48144
2016-05-27T00:00:00.000-0400,80352,48140,48137
2016-05-28T00:00:00.000-0400,80367,48135,48132
2016-05-29T00:00:00.000-0400,80381,48134,48131
2016-05-30T00:00:00.000-0400,80401,48134,48131
2016-05-31T00:00:00.000-0400,80452,48132,48129
2016-06-01T00:00:00.000-0400,80494,48116,48115
2016-06-02T00:00:00.000-0400,80557,48107,48106
2016-06-03T00:00:00.000-0400,80566,48105,48104
2016-06-04T00:00:00.000-0400,80576,48105,48104
2016-06-05T00:00:00.000-0400,80645,48092,48091
2016-06-06T00:00:00.000-0400,80665,48090,48089
2016-06-07T00:00:00.000-0400,80681,48089,48088
2016-06-08T00:00:00.000-0400,80711,48089,48087
2016-06-09T00:00:00.000-0400,80734,48082,48081
2016-06-10T00:00:00.000-0400,80761,48082,48081
2016-06-11T00:00:00.000-0400,80783,48080,48079
2016-06-12T00:00:00.000-0400,80796,48072,48071
2016-06-13T00:00:00.000-0400,80844,48064,48063
2016-06-14T00:00:00.000-0400,80875,48057,48056
2016-06-15T00:00:00.000-0400,80920,48051,48050
2016-06-16T00:00:00.000-0400,80964,48042,48041
2016-06-17T00:00:00.000-0400,80999,48041,48040
2016-06-18T00:00:00.000-0400,81017,48039,48038
2016-06-19T00:00:00.000-0400,81029,48037,48036
2016-06-20T00:00:00.000-0400,81061,48034,48033
2016-06-21T00:00:00.000-0400,81084,48032,48031
2016-06-22T00:00:00.000-0400,81108,48030,48029
2016-06-23T00:00:00.000-0400,81152,48026,48025
2016-06-24T00:00:00.000-0400,81178,48023,48022
2016-06-25T00:00:00.000-0400,81183,48021,48020
2016-06-26T00:00:00.000-0400,81197,48915,48914
2016-06-27T00:00:00.000-0400,81239,48906,48904
2016-06-28T00:00:00.000-0400,81282,48903,48900
2016-06-29T00:00:00.000-0400,81321,48909,48907
2016-06-30T00:00:00.000-0400,81348,48922,48921
2016-07-01T00:00:00.000-0400,81388,48917,48915
2016-07-02T00:00:00.000-0400,81396,48915,48914
2016-07-03T00:00:00.000-0400,81402,48916,48915
2016-07-04T00:00:00.000-0400,81413,48918,48917
2016-07-05T00:00:00.000-0400,81439,48922,48914
2016-07-07T00:00:00.000-0400,81477,48921,48918
2016-07-08T00:00:00.000-0400,81494,48939,48936
2016-07-09T00:00:00.000-0400,81497,48944,48939
2016-07-10T00:00:00.000-0400,81506,48959,48957
2016-07-11T00:00:00.000-0400,81543,48960,48958
2016-07-12T00:00:00.000-0400,81567,48959,48957
2016-07-13T00:00:00.000-0400,81617,48951,48949
2016-07-14T00:00:00.000-0400,81647,48954,48952
2016-07-15T00:00:00.000-0400,81670,48971,48970
2016-07-16T00:00:00.000-0400,81677,48971,48970
2016-07-17T00:00:00.000-0400,81680,48971,48970
2016-07-18T00:00:00.000-0400,81726,48968,48966
2016-07-19T00:00:00.000-0400,81761,48968,48967
2016-07-20T00:00:00.000-0400,81783,48963,48962
2016-07-21T00:00:00.000-0400,81814,48978,48977
2016-07-22T00:00:00.000-0400,81837,48975,48974
2016-07-23T00:00:00.000-0400,81842,48973,48972
2016-07-24T00:00:00.000-0400,81852,48969,48968
2016-07-25T00:00:00.000-0400,81897,48967,48966
2016-07-26T00:00:00.000-0400,81936,48957,48956
2016-07-27T00:00:00.000-0400,81968,48950,48949
2016-07-28T00:00:00.000-0400,81992,48951,48950
2016-07-29T00:00:00.000-0400,82021,48953,48952
2016-07-30T00:00:00.000-0400,82025,48953,48952
2016-07-31T00:00:00.000-0400,82030,51361,51360
2016-08-01T00:00:00.000-0400,82069,51365,51364
2016-08-02T00:00:00.000-0400,82100,51340,51339
2016-08-03T00:00:00.000-0400,82123,51342,51341
2016-08-04T00:00:00.000-0400,82148,51338,51337
2016-08-05T00:00:00.000-0400,82175,51346,51345
2016-08-06T00:00:00.000-0400,82181,51346,51345
2016-08-07T00:00:00.000-0400,82189,51344,51343
2016-08-08T00:00:00.000-0400,82259,51336,51335
2016-08-09T00:00:00.000-0400,82286,51331,51330
2016-08-10T00:00:00.000-0400,82310,51335,51334
2016-08-11T00:00:00.000-0400,82326,51326,51325
2016-08-12T00:00:00.000-0400,82335,51325,51324
2016-08-13T00:00:00.000-0400,82340,51322,51321
2016-08-14T00:00:00.000-0400,82351,51343,51342
2016-08-15T00:00:00.000-0400,82389,51335,51334
2016-08-16T00:00:00.000-0400,82425,51326,51325
2016-08-17T00:00:00.000-0400,82459,51323,51322
2016-08-18T00:00:00.000-0400,82497,51311,51310
2016-08-19T00:00:00.000-0400,82532,51331,51330
2016-08-20T00:00:00.000-0400,82540,51328,51327
2016-08-21T00:00:00.000-0400,82555,51322,51321
2016-08-22T00:00:00.000-0400,82618,51298,51297
2016-08-23T00:00:00.000-0400,82708,51284,51283
2016-08-24T00:00:00.000-0400,82737,51279,51278
2016-08-25T00:00:00.000-0400,82760,51278,51276
2016-08-26T00:00:00.000-0400,82774,51279,51277
2016-08-27T00:00:00.000-0400,82780,51281,51279
2016-08-28T00:00:00.000-0400,82785,51280,51278
2016-08-29T00:00:00.000-0400,82796,51279,51277
2016-08-30T00:00:00.000-0400,82809,51275,51273
2016-08-31T00:00:00.000-0400,82817,51288,51286
2016-09-01T00:00:00.000-0400,82824,51291,51290
2016-09-02T00:00:00.000-0400,82827,51294,51293
2016-09-03T00:00:00.000-0400,82827,51294,51293
2016-09-04T00:00:00.000-0400,82827,51296,51295
2016-09-05T00:00:00.000-0400,82827,51298,51296
2016-09-06T00:00:00.000-0400,82833,51296,51294
2016-09-07T00:00:00.000-0400,82839,51295,51293
2016-09-08T00:00:00.000-0400,82848,51293,51291
2016-09-09T00:00:00.000-0400,82850,51297,51296
2016-09-10T00:00:00.000-0400,82851,51305,51304
2016-09-11T00:00:00.000-0400,82852,51303,51302
2016-09-12T00:00:00.000-0400,82856,51298,51297
2016-09-13T00:00:00.000-0400,82861,51295,51294
2016-09-14T00:00:00.000-0400,82862,51299,51298
2016-09-15T00:00:00.000-0400,82867,51298,51297
2016-09-16T00:00:00.000-0400,82868,51301,51300
2016-09-17T00:00:00.000-0400,82868,51303,51302
2016-09-18T00:00:00.000-0400,82869,51302,51301
2016-09-19T00:00:00.000-0400,82875,51301,51300
2016-09-20T00:00:00.000-0400,82879,51301,51300
2016-09-21T00:00:00.000-0400,82881,51299,51298
2016-09-22T00:00:00.000-0400,82883,51299,51298
2016-09-23T00:00:00.000-0400,82885,51300,51299
2016-09-24T00:00:00.000-0400,82885,51300,51299
2016-09-25T00:00:00.000-0400,82888,51300,51299
2016-09-26T00:00:00.000-0400,82891,51299,51298
2016-09-27T00:00:00.000-0400,82895,51295,51294
2016-09-28T00:00:00.000-0400,82913,51299,51298
2016-09-29T00:00:00.000-0400,82924,51297,51296
2016-09-30T00:00:00.000-0400,82931,51311,51310
2016-10-01T00:00:00.000-0400,82931,51312,51311
2016-10-02T00:00:00.000-0400,82935,51313,51312
2016-10-03T00:00:00.000-0400,82951,51311,51310
2016-10-04T00:00:00.000-0400,82955,51310,51309
2016-10-05T00:00:00.000-0400,82968,51307,51306
2016-10-06T00:00:00.000-0400,82979,51306,51305
2016-10-07T00:00:00.000-0400,82988,51307,51306
2016-10-08T00:00:00.000-0400,82991,51307,51306
2016-10-09T00:00:00.000-0400,82995,51306,51305
2016-10-10T00:00:00.000-0400,83020,51311,51310
2016-10-11T00:00:00.000-0400,83028,51306,51305
2016-10-12T00:00:00.000-0400,83035,51304,51303
2016-10-13T00:00:00.000-0400,83042,51305,51304
2016-10-14T00:00:00.000-0400,83053,51304,51303
2016-10-15T00:00:00.000-0400,83055,51304,51303
2016-10-16T00:00:00.000-0400,83058,51304,51303
2016-10-17T00:00:00.000-0400,83065,51299,51298
2016-10-18T00:00:00.000-0400,83074,51297,51296
2016-10-19T00:00:00.000-0400,83089,51294,51293
2016-10-22T00:00:00.000-0400,83108,51290,51289
2016-10-23T00:00:00.000-0400,83130,51291,51290
2016-10-24T00:00:00.000-0400,83156,51291,51290
2016-10-25T00:00:00.000-0400,83166,51289,51286
2016-10-26T00:00:00.000-0400,83175,51287,51286
2016-10-27T00:00:00.000-0400,83184,51284,51283
2016-10-28T00:00:00.000-0400,83190,51283,51282
2016-10-29T00:00:00.000-0400,83193,51288,51287
2016-10-30T00:00:00.000-0400,83197,51287,51286
2016-10-31T00:00:00.000-0400,83207,51284,51283
2016-11-01T00:00:00.000-0400,83219,51284,51283
2016-11-02T00:00:00.000-0400,83233,51279,51278
2016-11-03T00:00:00.000-0400,83251,51279,51278
2016-11-04T00:00:00.000-0400,83256,51283,51282
2016-11-05T00:00:00.000-0400,83258,51282,51281
2016-11-06T00:00:00.000-0400,83273,51281,51280
2016-11-07T00:00:00.000-0500,83288,51280,51279
2016-11-08T00:00:00.000-0500,83301,51281,51280
2016-11-09T00:00:00.000-0500,83312,51277,51276
2016-11-10T00:00:00.000-0500,83326,51275,51274
2016-11-11T00:00:00.000-0500,83333,51270,51269
2016-11-12T00:00:00.000-0500,83351,51270,51269
2016-11-13T00:00:00.000-0500,83364,51268,51267
2016-11-14T00:00:00.000-0500,83398,51263,51262
2016-11-15T00:00:00.000-0500,83429,51262,51261
2016-11-16T00:00:00.000-0500,83442,51261,51260
2016-11-17T00:00:00.000-0500,83471,51255,51254
2016-11-18T00:00:00.000-0500,83502,51252,51251
2016-11-19T00:00:00.000-0500,83508,51251,51250
2016-11-20T00:00:00.000-0500,83524,51250,51249
2016-11-21T00:00:00.000-0500,83551,51251,51250
2016-11-22T00:00:00.000-0500,83565,51252,51251
2016-11-23T00:00:00.000-0500,83589,51250,51249
2016-11-24T00:00:00.000-0500,83593,51249,51248
2016-11-25T00:00:00.000-0500,83603,51248,51247
2016-11-26T00:00:00.000-0500,83612,51248,51247
2016-11-27T00:00:00.000-0500,83623,51242,51241
2016-11-28T00:00:00.000-0500,83665,51229,51228
2016-11-29T00:00:00.000-0500,83686,51220,51219
2016-11-30T00:00:00.000-0500,83729,51211,51210
2016-12-01T00:00:00.000-0500,83761,51204,51203
2016-12-02T00:00:00.000-0500,83782,51199,51198
2016-12-03T00:00:00.000-0500,83798,51197,51196
2016-12-04T00:00:00.000-0500,83811,51194,51192
2016-12-05T00:00:00.000-0500,83838,51188,51187
2016-12-06T00:00:00.000-0500,83869,51183,51182
2016-12-07T00:00:00.000-0500,83900,51184,51183
2016-12-08T00:00:00.000-0500,83928,51176,51175
2016-12-09T00:00:00.000-0500,83945,51174,51173
2016-12-10T00:00:00.000-0500,83959,51193,51192
2016-12-11T00:00:00.000-0500,83975,51193,51192
2016-12-12T00:00:00.000-0500,83993,51193,51192
2016-12-13T00:00:00.000-0500,84007,55523,55522
2016-12-14T00:00:00.000-0500,84027,55410,55409
2016-12-15T00:00:00.000-0500,84046,55383,55382
2016-12-16T00:00:00.000-0500,84063,55371,55370
2016-12-17T00:00:00.000-0500,84068,55367,55366
2016-12-18T00:00:00.000-0500,84080,55367,55366
2016-12-19T00:00:00.000-0500,84097,55371,55370
2016-12-20T00:00:00.000-0500,84115,55351,55350
2016-12-21T00:00:00.000-0500,84131,55440,55439
2016-12-22T00:00:00.000-0500,84155,55451,55450
2016-12-23T00:00:00.000-0500,84167,55452,55451
2016-12-24T00:00:00.000-0500,84168,55463,55462
2016-12-25T00:00:00.000-0500,84170,55465,55464
2016-12-26T00:00:00.000-0500,84178,55464,55463
2016-12-27T00:00:00.000-0500,84188,55457,55456
2016-12-28T00:00:00.000-0500,84197,55473,55472
2016-12-30T00:00:00.000-0500,84212,55510,55509
2016-12-31T00:00:00.000-0500,84217,55520,55519
2017-01-01T00:00:00.000-0500,84222,55521,55520
2017-01-02T00:00:00.000-0500,84231,55518,55517
2017-01-03T00:00:00.000-0500,84251,55499,55498
2017-01-04T00:00:00.000-0500,84268,55490,55489
2017-01-05T00:00:00.000-0500,84290,55485,55484
2017-01-06T00:00:00.000-0500,84316,55480,55479
2017-01-07T00:00:00.000-0500,84324,55479,55478
2017-01-08T00:00:00.000-0500,84333,55476,55475
2017-01-09T00:00:00.000-0500,84356,55465,55464
2017-01-10T00:00:00.000-0500,84380,55473,55472
2017-01-11T00:00:00.000-0500,84416,55478,55477
2017-01-12T00:00:00.000-0500,84445,55473,55472
2017-01-13T00:00:00.000-0500,84473,55470,55469
2017-01-14T00:00:00.000-0500,84484,55471,55470
2017-01-15T00:00:00.000-0500,84490,55468,55467
2017-01-16T00:00:00.000-0500,84513,55467,55466
2017-01-17T00:00:00.000-0500,84565,55449,55448
2017-01-18T00:00:00.000-0500,84595,55433,55432
2017-01-19T00:00:00.000-0500,84632,55416,55415
2017-01-20T00:00:00.000-0500,84651,55411,55410
2017-01-21T00:00:00.000-0500,84663,55410,55409
2017-01-22T00:00:00.000-0500,84681,55410,55409
2017-01-23T00:00:00.000-0500,84703,55405,55404
2017-01-24T00:00:00.000-0500,84723,55402,55401
2017-01-25T00:00:00.000-0500,84749,55419,55418
2017-01-26T00:00:00.000-0500,84763,55416,55415
2017-01-27T00:00:00.000-0500,84786,55413,55412
2017-01-28T00:00:00.000-0500,84800,55412,55411
2017-01-29T00:00:00.000-0500,84812,55412,55411
2017-01-30T00:00:00.000-0500,84836,55412,55411
2017-01-31T00:00:00.000-0500,84847,55413,55412
2017-02-01T00:00:00.000-0500,84869,55411,55410
2017-02-02T00:00:00.000-0500,84904,55411,55410
2017-02-03T00:00:00.000-0500,84918,55414,55413
2017-02-04T00:00:00.000-0500,84931,55413,55412
2017-02-05T00:00:00.000-0500,84942,55416,55415
2017-02-06T00:00:00.000-0500,84961,55421,55420
2017-02-07T00:00:00.000-0500,84981,55408,55407
2017-02-08T00:00:00.000-0500,85012,55408,55407
2017-02-09T00:00:00.000-0500,85033,55411,55410
2017-02-10T00:00:00.000-0500,85054,55412,55411
2017-02-11T00:00:00.000-0500,85066,55412,55411
2017-02-12T00:00:00.000-0500,85085,55410,55409
2017-02-13T00:00:00.000-0500,85122,55410,55409
2017-02-14T00:00:00.000-0500,85194,55413,55412
2017-02-15T00:00:00.000-0500,85345,55419,55418
2017-02-16T00:00:00.000-0500,85399,55416,55415
2017-02-17T00:00:00.000-0500,85433,55416,55415
2017-02-18T00:00:00.000-0500,85453,55417,55416
2017-02-19T00:00:00.000-0500,85479,55417,55416
2017-02-20T00:00:00.000-0500,85507,55411,55410
2017-02-21T00:00:00.000-0500,85541,55410,55409
2017-02-22T00:00:00.000-0500,85591,55409,55408
2017-02-23T00:00:00.000-0500,85631,55411,55410
2017-02-24T00:00:00.000-0500,85649,55407,55406
2017-02-25T00:00:00.000-0500,85670,55408,55407
2017-02-26T00:00:00.000-0500,85710,55406,55405
2017-02-27T00:00:00.000-0500,85755,55405,55404
2017-02-28T00:00:00.000-0500,85786,55403,55402
2017-03-01T00:00:00.000-0500,85841,55393,55392
2017-03-02T00:00:00.000-0500,85863,55390,55389
2017-03-03T00:00:00.000-0500,85902,55391,55390
2017-03-04T00:00:00.000-0500,85915,55389,55388
2017-03-06T00:00:00.000-0500,85982,55389,55388
2017-03-07T00:00:00.000-0500,86014,55388,55387
2017-03-08T00:00:00.000-0500,86050,55394,55393
2017-03-09T00:00:00.000-0500,86080,55390,55389
2017-03-10T00:00:00.000-0500,86113,55393,55392
2017-03-11T00:00:00.000-0500,86136,55392,55391
2017-03-12T00:00:00.000-0500,86170,55391,55390
2017-03-14T00:00:00.000-0400,86228,55389,55388
2017-03-16T00:00:00.000-0400,86299,55391,55390
2017-03-20T00:00:00.000-0400,86467,55382,55381
2017-03-21T00:00:00.000-0400,86512,55378,55377
2017-03-22T00:00:00.000-0400,86561,55377,55376
2017-03-23T00:00:00.000-0400,86601,55374,55373
2017-03-24T00:00:00.000-0400,86629,55377,55376
2017-03-25T00:00:00.000-0400,86659,55375,55374
2017-03-26T00:00:00.000-0400,86683,55373,55372
2017-03-27T00:00:00.000-0400,86734,55379,55378
2017-03-28T00:00:00.000-0400,86769,55375,55374
2017-03-29T00:00:00.000-0400,86838,55384,55383
2017-03-30T00:00:00.000-0400,86873,55386,55385
2017-03-31T00:00:00.000-0400,86908,55383,55382
2017-04-01T00:00:00.000-0400,86934,55382,55381
2017-04-02T00:00:00.000-0400,86968,55379,55378
2017-04-03T00:00:00.000-0400,87026,55376,55375
2017-04-04T00:00:00.000-0400,87066,55377,55376
2017-04-05T00:00:00.000-0400,87103,55373,55372
2017-04-06T00:00:00.000-0400,87144,55372,55371
2017-04-07T00:00:00.000-0400,87184,55376,55375
2017-04-08T00:00:00.000-0400,87219,55375,55374
2017-04-09T00:00:00.000-0400,87255,55377,55376
2017-04-10T00:00:00.000-0400,87305,55385,55384
2017-04-11T00:00:00.000-0400,87361,55385,55383
2017-04-12T00:00:00.000-0400,87400,55383,55382
2017-04-13T00:00:00.000-0400,87453,55374,55373
2017-04-14T00:00:00.000-0400,87485,55371,55370
2017-04-15T00:00:00.000-0400,87506,55373,55372
2017-04-16T00:00:00.000-0400,87525,55373,55372
2017-04-17T00:00:00.000-0400,87582,55367,55366
2017-04-18T00:00:00.000-0400,87639,55369,55368
2017-04-19T00:00:00.000-0400,87701,55362,55361
2017-04-20T00:00:00.000-0400,87740,55364,55363
2017-04-21T00:00:00.000-0400,87786,55364,55363
2017-04-22T00:00:00.000-0400,87815,55364,55362
2017-04-23T00:00:00.000-0400,87849,55363,55361
2017-04-24T00:00:00.000-0400,87941,55362,55361
2017-04-25T00:00:00.000-0400,88001,55359,55358
2017-04-26T00:00:00.000-0400,88065,55358,55357
2017-04-27T00:00:00.000-0400,88121,55357,55356
2017-04-28T00:00:00.000-0400,88169,55359,55358
2017-04-29T00:00:00.000-0400,88205,55358,55357
2017-04-30T00:00:00.000-0400,88273,55362,55361
2017-05-01T00:00:00.000-0400,88417,55366,55365
2017-05-02T00:00:00.000-0400,88417,55366,55365
2017-05-03T00:00:00.000-0400,88459,55364,55363
2017-05-04T00:00:00.000-0400,88509,55366,55365
2017-05-05T00:00:00.000-0400,88595,55363,55362
2017-05-06T00:00:00.000-0400,88571,55365,55364
2017-05-07T00:00:00.000-0400,88595,55363,55362
2017-05-08T00:00:00.000-0400,88661,55363,55361
2017-05-09T00:00:00.000-0400,88709,55361,55360
2017-05-10T00:00:00.000-0400,88770,56646,56645
2017-05-11T00:00:00.000-0400,88820,56647,56646
2017-05-12T00:00:00.000-0400,88853,56648,56647
2017-05-13T00:00:00.000-0400,88868,56649,56648
2017-05-14T00:00:00.000-0400,88892,56649,56648
2017-05-15T00:00:00.000-0400,88958,56639,56637
2017-05-16T00:00:00.000-0400,89023,56639,56636
2017-05-17T00:00:00.000-0400,89110,56624,56623
2017-05-18T00:00:00.000-0400,89187,56619,56618
2017-05-19T00:00:00.000-0400,89231,56618,56617
2017-05-20T00:00:00.000-0400,89236,56618,56617
2017-05-21T00:00:00.000-0400,89273,56617,56616
2017-05-22T00:00:00.000-0400,89338,56621,56620
2017-05-23T00:00:00.000-0400,89393,56614,56613
2017-05-24T00:00:00.000-0400,89453,56618,56617
2017-05-25T00:00:00.000-0400,89508,56620,56619
2017-05-26T00:00:00.000-0400,89542,56641,56640
2017-05-27T00:00:00.000-0400,89564,56639,56638
2017-05-28T00:00:00.000-0400,89581,56636,56635
2017-05-29T00:00:00.000-0400,89601,56670,56669
2017-05-30T00:00:00.000-0400,89661,56668,56667
2017-05-31T00:00:00.000-0400,89701,56670,56669
2017-06-01T00:00:00.000-0400,89723,56669,56668
2017-06-02T00:00:00.000-0400,89746,56672,56671
2017-06-03T00:00:00.000-0400,89752,56671,56670
2017-06-04T00:00:00.000-0400,89763,56670,56669
2017-06-05T00:00:00.000-0400,89807,56672,56671
2017-06-06T00:00:00.000-0400,89835,56676,56675
2017-06-07T00:00:00.000-0400,89864,56674,56673
2017-06-08T00:00:00.000-0400,89902,56672,56671
2017-06-09T00:00:00.000-0400,89929,56673,56672
2017-06-10T00:00:00.000-0400,89933,56689,56688
2017-06-11T00:00:00.000-0400,89951,56689,56688
2017-06-12T00:00:00.000-0400,89991,56684,56683
2017-06-13T00:00:00.000-0400,90011,56684,56683
2017-06-14T00:00:00.000-0400,90043,56697,56696
2017-06-15T00:00:00.000-0400,90076,56699,56698
2017-06-16T00:00:00.000-0400,90108,56700,56699
2017-06-17T00:00:00.000-0400,90120,56700,56699
2017-06-18T00:00:00.000-0400,90132,56696,56695
2017-06-19T00:00:00.000-0400,90168,56699,56698
2017-06-20T00:00:00.000-0400,90191,56701,56700
2017-06-21T00:00:00.000-0400,90239,56693,56692
2017-06-22T00:00:00.000-0400,90279,56687,56686
2017-06-23T00:00:00.000-0400,90306,56689,56688
2017-06-24T00:00:00.000-0400,90306,56689,56688
2017-06-25T00:00:00.000-0400,90306,56689,56688
2017-06-26T00:00:00.000-0400,90352,56677,56676
2017-06-27T00:00:00.000-0400,90383,56673,56672
2017-06-28T00:00:00.000-0400,90419,56670,56669
2017-06-29T00:00:00.000-0400,90484,56665,56664
2017-06-30T00:00:00.000-0400,90475,56666,56665
2017-07-01T00:00:00.000-0400,90492,56665,56664
2017-07-02T00:00:00.000-0400,90492,56665,56664
2017-07-03T00:00:00.000-0400,90511,56657,56656
2017-07-04T00:00:00.000-0400,90516,56656,56655
2017-07-05T00:00:00.000-0400,90546,56656,56655
2017-07-06T00:00:00.000-0400,90575,56652,56651
2017-07-07T00:00:00.000-0400,90599,56646,56645
2017-07-08T00:00:00.000-0400,90607,56643,56642
2017-07-09T00:00:00.000-0400,90613,56643,56642
2017-07-10T00:00:00.000-0400,90644,56637,56636
2017-07-11T00:00:00.000-0400,90672,56632,56631
2017-07-12T00:00:00.000-0400,90700,56627,56626
2017-07-13T00:00:00.000-0400,90728,56624,56623
2017-07-14T00:00:00.000-0400,90749,56621,56620
2017-07-15T00:00:00.000-0400,90757,56620,56619
2017-07-16T00:00:00.000-0400,90766,56620,56619
2017-07-17T00:00:00.000-0400,90801,56614,56613
2017-07-18T00:00:00.000-0400,90834,56604,56602
2017-07-19T00:00:00.000-0400,90871,56591,56589
2017-07-20T00:00:00.000-0400,90903,56586,56584
2017-07-21T00:00:00.000-0400,90932,56579,56577
2017-07-22T00:00:00.000-0400,90939,56577,56576
2017-07-23T00:00:00.000-0400,90946,56574,56573
2017-07-24T00:00:00.000-0400,90981,56568,56567
2017-07-25T00:00:00.000-0400,91006,56564,56563
2017-07-26T00:00:00.000-0400,91035,56556,56555
2017-07-27T00:00:00.000-0400,91068,56547,56546
2017-07-28T00:00:00.000-0400,91095,56539,56538
2017-07-29T00:00:00.000-0400,91100,56536,56535
2017-07-30T00:00:00.000-0400,91111,56532,56531
2017-07-31T00:00:00.000-0400,91135,56770,56769
2017-08-01T00:00:00.000-0400,91166,56783,56782
2017-08-02T00:00:00.000-0400,91189,56756,56755
2017-08-03T00:00:00.000-0400,91216,56756,56755
2017-08-04T00:00:00.000-0400,91237,56756,56755
2017-08-05T00:00:00.000-0400,91246,56753,56752
2017-08-06T00:00:00.000-0400,91258,56752,56751
2017-08-07T00:00:00.000-0400,91293,59762,59761
2017-08-08T00:00:00.000-0400,91321,59754,59753
2017-08-09T00:00:00.000-0400,91359,59747,59746
2017-08-10T00:00:00.000-0400,91399,59741,59740
2017-08-11T00:00:00.000-0400,91424,59735,59734
2017-08-12T00:00:00.000-0400,91434,59734,59733
2017-08-13T00:00:00.000-0400,91446,59729,59728
2017-08-14T00:00:00.000-0400,91501,59757,59756
2017-08-15T00:00:00.000-0400,91549,59755,59754
2017-08-17T00:00:00.000-0400,91611,59745,59744
2017-08-18T00:00:00.000-0400,91630,59751,59750
2017-08-19T00:00:00.000-0400,91635,59753,59752
2017-08-20T00:00:00.000-0400,91640,59753,59752
2017-08-21T00:00:00.000-0400,91660,59757,59756
2017-08-22T00:00:00.000-0400,91660,59757,59756
2017-08-23T00:00:00.000-0400,91676,59787,59786
2017-08-24T00:00:00.000-0400,91740,59777,59776
2017-08-25T00:00:00.000-0400,91741,59779,59778
2017-08-26T00:00:00.000-0400,91741,59779,59778
2017-08-27T00:00:00.000-0400,91742,59778,59777
2017-08-28T00:00:00.000-0400,91746,59774,59773
2017-08-29T00:00:00.000-0400,91752,59778,59777
2017-08-30T00:00:00.000-0400,91756,59780,59779
2017-08-31T00:00:00.000-0400,91760,59800,59799
2017-09-01T00:00:00.000-0400,91762,59800,59799
2017-09-02T00:00:00.000-0400,91762,59800,59799
2017-09-03T00:00:00.000-0400,91762,59800,59799
2017-09-04T00:00:00.000-0400,91763,59799,59798
2017-09-05T00:00:00.000-0400,91769,59790,59789
2017-09-06T00:00:00.000-0400,91777,59798,59797
2017-09-07T00:00:00.000-0400,91779,59797,59796
2017-09-08T00:00:00.000-0400,91783,59795,59794
2017-09-09T00:00:00.000-0400,91783,59796,59795
2017-09-10T00:00:00.000-0400,91783,59806,59805
2017-09-11T00:00:00.000-0400,91784,59806,59805
2017-09-12T00:00:00.000-0400,91790,59810,59809
2017-09-13T00:00:00.000-0400,91790,59811,59810
2017-09-14T00:00:00.000-0400,91791,59808,59807
2017-09-15T00:00:00.000-0400,91792,59811,59810
2017-09-16T00:00:00.000-0400,91793,59814,59813
2017-09-17T00:00:00.000-0400,91794,59813,59812
2017-09-18T00:00:00.000-0400,91796,59812,59811
2017-09-19T00:00:00.000-0400,91801,59814,59813
2017-09-20T00:00:00.000-0400,91803,59815,59814
2017-09-21T00:00:00.000-0400,91807,59812,59811
2017-09-22T00:00:00.000-0400,91811,59814,59813
2017-09-23T00:00:00.000-0400,91816,59813,59812
2017-09-24T00:00:00.000-0400,91816,59813,59812
2017-09-25T00:00:00.000-0400,91818,59815,59814
2017-09-26T00:00:00.000-0400,91825,59814,59813
2017-09-27T00:00:00.000-0400,91828,59815,59814
2017-09-28T00:00:00.000-0400,91833,59820,59819
2017-09-29T00:00:00.000-0400,91838,59819,59818
2017-09-30T00:00:00.000-0400,91839,59821,59820
2017-10-01T00:00:00.000-0400,91840,59822,59821
2017-10-02T00:00:00.000-0400,91845,59821,59820
2017-10-03T00:00:00.000-0400,91849,59820,59819
2017-10-04T00:00:00.000-0400,91867,59813,59812
2017-10-05T00:00:00.000-0400,91873,59813,59812
2017-10-06T00:00:00.000-0400,91879,59818,59817
2017-10-07T00:00:00.000-0400,91880,59817,59816
2017-10-08T00:00:00.000-0400,91882,59816,59815
2017-10-09T00:00:00.000-0400,91894,59811,59810
2017-10-10T00:00:00.000-0400,91899,59810,59809
2017-10-11T00:00:00.000-0400,91907,59810,59809
2017-10-12T00:00:00.000-0400,91915,59810,59809
2017-10-13T00:00:00.000-0400,91927,59810,59809
2017-10-14T00:00:00.000-0400,91930,59809,59808
2017-10-15T00:00:00.000-0400,91934,59808,59807
2017-10-16T00:00:00.000-0400,91956,59807,59806
2017-10-17T00:00:00.000-0400,91968,59810,59809
2017-10-18T00:00:00.000-0400,91978,59805,59804
2017-10-19T00:00:00.000-0400,91982,59802,59801
2017-10-20T00:00:00.000-0400,91990,59805,59804
2017-10-21T00:00:00.000-0400,91995,59805,59804
2017-10-22T00:00:00.000-0400,92008,59805,59804
2017-10-23T00:00:00.000-0400,92024,59802,59801
2017-10-24T00:00:00.000-0400,92039,59801,59800
2017-10-25T00:00:00.000-0400,92052,59796,59795
2017-10-26T00:00:00.000-0400,92063,59797,59796
2017-10-27T00:00:00.000-0400,92077,59797,59796
2017-10-28T00:00:00.000-0400,92078,59797,59796
2017-10-29T00:00:00.000-0400,92084,59800,59799
2017-10-30T00:00:00.000-0400,92092,59801,59800
2017-10-31T00:00:00.000-0400,92100,59797,59796
2017-11-01T00:00:00.000-0400,92111,59796,59795
2017-11-02T00:00:00.000-0400,92121,59794,59793
2017-11-03T00:00:00.000-0400,92131,59794,59793
2017-11-04T00:00:00.000-0400,92139,59794,59793
2017-11-05T00:00:00.000-0400,92142,59793,59792
2017-11-06T00:00:00.000-0500,92161,59791,59790
2017-11-07T00:00:00.000-0500,92184,59796,59795
2017-11-08T00:00:00.000-0500,92208,59793,59792
2017-11-09T00:00:00.000-0500,92225,59783,59782
2017-11-10T00:00:00.000-0500,92239,59785,59784
2017-11-11T00:00:00.000-0500,92246,59784,59783
2017-11-12T00:00:00.000-0500,92251,59784,59783
2017-11-13T00:00:00.000-0500,92275,59781,59780
2017-11-14T00:00:00.000-0500,92304,59779,59778
2017-11-15T00:00:00.000-0500,92323,59780,59779
2017-11-16T00:00:00.000-0500,92347,59783,59782
2017-11-17T00:00:00.000-0500,92370,59784,59783
2017-11-18T00:00:00.000-0500,92377,59783,59782
2017-11-19T00:00:00.000-0500,92390,59781,59780
2017-11-20T00:00:00.000-0500,92424,59774,59773
2017-11-21T00:00:00.000-0500,92455,59770,59769
2017-11-22T00:00:00.000-0500,92474,59769,59768
2017-11-23T00:00:00.000-0500,92483,59766,59765
2017-11-24T00:00:00.000-0500,92487,59767,59766
2017-11-25T00:00:00.000-0500,92492,59767,59766
2017-11-26T00:00:00.000-0500,92509,59767,59766
2017-11-27T00:00:00.000-0500,92528,59762,59761
2017-11-28T00:00:00.000-0500,92552,59758,59757
2017-11-29T00:00:00.000-0500,92589,59754,59753
2017-11-30T00:00:00.000-0500,92618,59752,59751
2017-12-01T00:00:00.000-0500,92641,59751,59750
2017-12-02T00:00:00.000-0500,92649,59751,59750
2017-12-03T00:00:00.000-0500,92652,59750,59749
2017-12-04T00:00:00.000-0500,92691,59746,59745
2017-12-05T00:00:00.000-0500,92716,59737,59736
2017-12-06T00:00:00.000-0500,92736,59732,59731
2017-12-07T00:00:00.000-0500,92759,64035,64034
2017-12-08T00:00:00.000-0500,92771,64027,64026
2017-12-09T00:00:00.000-0500,92782,64031,64030
2017-12-10T00:00:00.000-0500,92789,64053,64052
2017-12-11T00:00:00.000-0500,92814,64031,64030
2017-12-12T00:00:00.000-0500,92831,64025,64024
2017-12-13T00:00:00.000-0500,92851,64011,64010
2017-12-14T00:00:00.000-0500,92882,64005,64004
2017-12-15T00:00:00.000-0500,92897,64002,64001
2017-12-16T00:00:00.000-0500,92900,64012,64011
2017-12-17T00:00:00.000-0500,92907,64008,64007
2017-12-18T00:00:00.000-0500,92928,64016,64015
2017-12-19T00:00:00.000-0500,92959,64008,64007
2017-12-20T00:00:00.000-0500,92974,64004,64003
2017-12-21T00:00:00.000-0500,92999,63998,63997
2017-12-22T00:00:00.000-0500,93015,64005,64004
2017-12-23T00:00:00.000-0500,93023,64004,64003
2017-12-24T00:00:00.000-0500,93029,64004,64003
2017-12-25T00:00:00.000-0500,93031,64005,64004
2017-12-26T00:00:00.000-0500,93039,64006,64005
2017-12-27T00:00:00.000-0500,93044,64002,64001
2017-12-28T00:00:00.000-0500,93055,64004,64003
2017-12-29T00:00:00.000-0500,93060,64037,64036
2017-12-30T00:00:00.000-0500,93065,64037,64036
2017-12-31T00:00:00.000-0500,93067,64047,64046
2018-01-01T00:00:00.000-0500,93082,64044,64043
2018-01-02T00:00:00.000-0500,93123,64035,64034
2018-01-03T00:00:00.000-0500,93171,64010,64009
2018-01-04T00:00:00.000-0500,93225,63995,63994
2018-01-05T00:00:00.000-0500,93284,63980,63979
2018-01-06T00:00:00.000-0500,93304,63978,63977
2018-01-07T00:00:00.000-0500,93325,63975,63974
2018-01-08T00:00:00.000-0500,93499,63942,63941
2018-01-09T00:00:00.000-0500,93460,63942,63941
2018-01-10T00:00:00.000-0500,93499,63942,63941
2018-01-11T00:00:00.000-0500,93528,63931,63930
2018-01-12T00:00:00.000-0500,93550,63934,63933
2018-01-13T00:00:00.000-0500,93555,63933,63932
2018-01-14T00:00:00.000-0500,93568,63936,63935
2018-01-15T00:00:00.000-0500,93580,63935,63934
2018-01-16T00:00:00.000-0500,93594,63935,63934
2018-01-17T00:00:00.000-0500,93605,63935,63934
2018-01-18T00:00:00.000-0500,93612,63940,63939
2018-01-19T00:00:00.000-0500,93624,63964,63963
2018-01-20T00:00:00.000-0500,93628,63963,63962
2018-01-21T00:00:00.000-0500,93642,63963,63962
2018-01-24T00:00:00.000-0500,93684,63946,63945
2018-01-25T00:00:00.000-0500,93696,63946,63945
2018-01-26T00:00:00.000-0500,93707,63939,63938
2018-01-27T00:00:00.000-0500,93718,63939,63938
2018-01-28T00:00:00.000-0500,93730,63938,63937
2018-01-29T00:00:00.000-0500,93754,63936,63935
2018-01-30T00:00:00.000-0500,93772,63936,63935
2018-01-31T00:00:00.000-0500,93788,63939,63938
2018-02-01T00:00:00.000-0500,93801,63939,63938
2018-02-02T00:00:00.000-0500,93812,63939,63938
2018-02-03T00:00:00.000-0500,93820,63938,63937
2018-02-04T00:00:00.000-0500,93827,63937,63936
2018-02-05T00:00:00.000-0500,93840,63940,63939
2018-02-06T00:00:00.000-0500,93853,63941,63940
2018-02-07T00:00:00.000-0500,93866,63943,63942
2018-02-08T00:00:00.000-0500,93889,63940,63939
2018-02-09T00:00:00.000-0500,93900,63937,63936
2018-02-10T00:00:00.000-0500,93906,63941,63940
2018-02-11T00:00:00.000-0500,93921,63941,63940
2018-02-14T00:00:00.000-0500,94017,63951,63950
2018-02-15T00:00:00.000-0500,94071,63951,63950
2018-02-16T00:00:00.000-0500,94415,63953,63952
2018-02-17T00:00:00.000-0500,94445,63953,63952
2018-02-18T00:00:00.000-0500,94475,63953,63952
2018-02-20T00:00:00.000-0500,94595,63951,63950
2018-02-21T00:00:00.000-0500,94632,63951,63950
2018-02-22T00:00:00.000-0500,94668,63946,63945
2018-02-23T00:00:00.000-0500,94705,63948,63947
2018-02-24T00:00:00.000-0500,94733,63948,63947
2018-02-25T00:00:00.000-0500,94777,63947,63946
2018-02-26T00:00:00.000-0500,94835,63948,63947
2018-02-27T00:00:00.000-0500,94889,63949,63948
2018-02-28T00:00:00.000-0500,94926,63955,63954
2018-03-01T00:00:00.000-0500,94952,63954,63953
2018-03-02T00:00:00.000-0500,94967,63949,63948
2018-03-03T00:00:00.000-0500,94967,63949,63948
2018-03-04T00:00:00.000-0500,94967,63949,63948
2018-03-05T00:00:00.000-0500,95013,63952,63951
2018-03-06T00:00:00.000-0500,95037,63949,63948
2018-03-07T00:00:00.000-0500,95084,63946,63945
2018-03-08T00:00:00.000-0500,95116,63945,63944
2018-03-09T00:00:00.000-0500,95144,63945,63944
2018-03-10T00:00:00.000-0500,95156,63945,63944
2018-03-11T00:00:00.000-0500,95185,63946,63944
2018-03-12T00:00:00.000-0400,95227,63946,63945
2018-03-13T00:00:00.000-0400,95269,63949,63948
2018-03-14T00:00:00.000-0400,95301,63949,63948
2018-03-15T00:00:00.000-0400,95342,63944,63943
2018-03-16T00:00:00.000-0400,95357,63947,63946
2018-03-17T00:00:00.000-0400,95372,63947,63946
2018-03-18T00:00:00.000-0400,95393,63945,63944
2018-03-19T00:00:00.000-0400,95448,63946,63944
2018-03-20T00:00:00.000-0400,95487,63943,63942
2018-03-21T00:00:00.000-0400,95530,63941,63940
2018-03-22T00:00:00.000-0400,95567,63941,63940
2018-03-23T00:00:00.000-0400,95597,63938,63937
2018-03-24T00:00:00.000-0400,95621,63937,63936
2018-03-25T00:00:00.000-0400,95651,63935,63934
2018-03-26T00:00:00.000-0400,95692,63932,63931
2018-03-27T00:00:00.000-0400,95742,63932,63931
2018-03-28T00:00:00.000-0400,95785,63931,63930
2018-03-29T00:00:00.000-0400,95816,63931,63930
2018-03-30T00:00:00.000-0400,95841,63931,63930
2018-03-31T00:00:00.000-0400,95859,63933,63932
2018-04-01T00:00:00.000-0400,95880,63934,63933
2018-04-02T00:00:00.000-0400,95928,63931,63930
2018-04-03T00:00:00.000-0400,95968,63932,63931
2018-04-04T00:00:00.000-0400,96015,63930,63929
2018-04-05T00:00:00.000-0400,96048,63931,63930
2018-04-06T00:00:00.000-0400,96080,63931,63930
2018-04-07T00:00:00.000-0400,96106,63931,63930
2018-04-08T00:00:00.000-0400,96132,63930,63929
2018-04-09T00:00:00.000-0400,96187,63928,63927
2018-04-10T00:00:00.000-0400,96250,63942,63941
2018-04-11T00:00:00.000-0400,96299,63943,63940
2018-04-12T00:00:00.000-0400,96361,63945,63944
2018-04-13T00:00:00.000-0400,96379,63950,63949
2018-04-14T00:00:00.000-0400,96408,63951,63950
2018-04-15T00:00:00.000-0400,96482,63943,63942
2018-04-16T00:00:00.000-0400,96522,63944,63943
2018-04-17T00:00:00.000-0400,96584,63943,63942
2018-04-18T00:00:00.000-0400,96644,63943,63942
2018-04-19T00:00:00.000-0400,96705,63937,63936
2018-04-20T00:00:00.000-0400,96730,63936,63935
2018-04-21T00:00:00.000-0400,96752,63934,63933
2018-04-22T00:00:00.000-0400,96780,63933,63932
2018-04-23T00:00:00.000-0400,96841,63933,63932
2018-04-24T00:00:00.000-0400,96890,63931,63930
2018-04-25T00:00:00.000-0400,96943,63931,63930
2018-04-26T00:00:00.000-0400,96997,63932,63931
2018-04-27T00:00:00.000-0400,97053,63927,63926
2018-04-28T00:00:00.000-0400,97071,63925,63924
2018-04-29T00:00:00.000-0400,97115,63924,63923
2018-04-30T00:00:00.000-0400,97204,63923,63922
2018-05-01T00:00:00.000-0400,97284,63936,63935
2018-05-02T00:00:00.000-0400,97340,63930,63929
2018-05-03T00:00:00.000-0400,97388,65115,65114
2018-05-04T00:00:00.000-0400,97441,65113,65112
2018-05-05T00:00:00.000-0400,97461,65109,65108
2018-05-06T00:00:00.000-0400,97503,65106,65105
2018-05-07T00:00:00.000-0400,97579,65103,65102
2018-05-08T00:00:00.000-0400,97647,65095,65094
2018-05-09T00:00:00.000-0400,97724,65090,65089
2018-05-10T00:00:00.000-0400,97802,65098,65097
2018-05-11T00:00:00.000-0400,97842,65094,65093
2018-05-12T00:00:00.000-0400,97843,65094,65093
2018-05-13T00:00:00.000-0400,97880,65097,65096
2018-05-14T00:00:00.000-0400,97935,65092,65091
2018-05-15T00:00:00.000-0400,97987,65090,65089
2018-05-16T00:00:00.000-0400,98050,65087,65085
2018-05-17T00:00:00.000-0400,98097,65087,65085
2018-05-18T00:00:00.000-0400,98127,65108,65106
2018-05-19T00:00:00.000-0400,98139,65105,65103
2018-05-20T00:00:00.000-0400,98155,65102,65100
2018-05-21T00:00:00.000-0400,98196,65102,65100
2018-05-22T00:00:00.000-0400,98245,65105,65103
2018-05-23T00:00:00.000-0400,98279,65102,65100
2018-05-25T00:00:00.000-0400,98341,65098,65096
2018-05-26T00:00:00.000-0400,98357,65107,65105
2018-05-27T00:00:00.000-0400,98369,65106,65103
2018-05-28T00:00:00.000-0400,98392,65102,65101
2018-05-30T00:00:00.000-0400,98504,65158,65156
2018-05-31T00:00:00.000-0400,98564,65179,65177
2018-06-01T00:00:00.000-0400,98599,65175,65174
2018-06-02T00:00:00.000-0400,98611,65175,65174
2018-06-03T00:00:00.000-0400,98623,65175,65174
2018-06-04T00:00:00.000-0400,98659,65166,65164
2018-06-05T00:00:00.000-0400,98711,65173,65172
2018-06-06T00:00:00.000-0400,98751,65171,65170
2018-06-07T00:00:00.000-0400,98800,65165,65164
2018-06-08T00:00:00.000-0400,98829,65166,65165
2018-06-09T00:00:00.000-0400,98845,65163,65162
2018-06-10T00:00:00.000-0400,98862,65172,65171
2018-06-14T00:00:00.000-0400,99067,65187,65186
2018-06-15T00:00:00.000-0400,99095,65183,65182
2018-06-16T00:00:00.000-0400,99103,65185,65184
2018-06-17T00:00:00.000-0400,99113,65182,65181
2018-06-18T00:00:00.000-0400,99156,65180,65179
2018-06-19T00:00:00.000-0400,99188,65172,65171
2018-06-20T00:00:00.000-0400,99226,65170,65169
2018-06-21T00:00:00.000-0400,99254,65164,65163
2018-06-22T00:00:00.000-0400,99281,65164,65163
2018-06-23T00:00:00.000-0400,99289,65164,65163
2018-06-24T00:00:00.000-0400,99303,65164,65163
2018-06-25T00:00:00.000-0400,99330,65170,65169
2018-06-26T00:00:00.000-0400,99367,65168,65167
2018-06-27T00:00:00.000-0400,99391,65173,65172
2018-06-28T00:00:00.000-0400,99426,65175,65174
2018-06-29T00:00:00.000-0400,99448,65177,65176
2018-06-30T00:00:00.000-0400,99456,65211,65210
2018-07-01T00:00:00.000-0400,99460,65213,65212
2018-07-02T00:00:00.000-0400,99481,65208,65207
2018-07-03T00:00:00.000-0400,99498,65208,65207
2018-07-04T00:00:00.000-0400,99507,65206,65205
2018-07-05T00:00:00.000-0400,99526,65203,65202
2018-07-06T00:00:00.000-0400,99538,65201,65200
2018-07-07T00:00:00.000-0400,99544,65199,65198
2018-07-08T00:00:00.000-0400,99553,65198,65197
2018-07-09T00:00:00.000-0400,99587,65196,65194
2018-07-10T00:00:00.000-0400,99624,65193,65191
2018-07-11T00:00:00.000-0400,99640,65190,65189
2018-07-12T00:00:00.000-0400,99666,65182,65181
2018-07-13T00:00:00.000-0400,99688,65180,65179
2018-07-14T00:00:00.000-0400,99693,65184,65183
2018-07-15T00:00:00.000-0400,99708,65182,65181
2018-07-16T00:00:00.000-0400,99734,65174,65173
2018-07-17T00:00:00.000-0400,99765,65173,65172
2018-07-18T00:00:00.000-0400,99791,65171,65170
2018-07-19T00:00:00.000-0400,99816,65167,65166
2018-07-20T00:00:00.000-0400,99854,65159,65158
2018-07-21T00:00:00.000-0400,99844,65160,65159
2018-07-26T00:00:00.000-0400,99978,65148,65147
2018-07-27T00:00:00.000-0400,99999,65142,65141
2018-08-04T00:00:00.000-0400,100224,67989,67988
2018-08-05T00:00:00.000-0400,100241,67991,67989
2018-08-06T00:00:00.000-0400,100281,67980,67979
2018-08-07T00:00:00.000-0400,100310,67972,67971
2018-08-08T00:00:00.000-0400,100357,67971,67970
2018-08-09T00:00:00.000-0400,100391,67963,67962
2018-08-10T00:00:00.000-0400,100425,67971,67970
2018-08-11T00:00:00.000-0400,100433,67970,67969
2018-08-12T00:00:00.000-0400,100449,67963,67962
2018-08-13T00:00:00.000-0400,100507,67949,67948
2018-08-14T00:00:00.000-0400,100571,67986,67985
2018-08-15T00:00:00.000-0400,100605,67975,67974
2018-08-16T00:00:00.000-0400,100631,67971,67970
2018-08-17T00:00:00.000-0400,100658,67967,67966
2018-08-18T00:00:00.000-0400,100658,67968,67967
2018-08-19T00:00:00.000-0400,100663,67965,67964
2018-08-20T00:00:00.000-0400,100688,67958,67957
2018-08-21T00:00:00.000-0400,100697,67953,67952
2018-08-22T00:00:00.000-0400,100706,67975,67974
2018-08-23T00:00:00.000-0400,100712,67974,67973
2018-08-24T00:00:00.000-0400,100717,67978,67977
2018-08-25T00:00:00.000-0400,100717,67978,67977
2018-08-26T00:00:00.000-0400,100718,67976,67975
2018-08-27T00:00:00.000-0400,100734,67969,67968
2018-08-28T00:00:00.000-0400,100770,67970,67969
2018-08-29T00:00:00.000-0400,100777,67971,67970
2018-08-30T00:00:00.000-0400,100782,67970,67969
2018-08-31T00:00:00.000-0400,100785,67996,67995
2018-09-01T00:00:00.000-0400,100785,67999,67998
2018-09-02T00:00:00.000-0400,100785,68000,67999
2018-09-03T00:00:00.000-0400,100787,68000,67999
2018-09-04T00:00:00.000-0400,100793,68002,68001
2018-09-05T00:00:00.000-0400,100796,68001,68000
2018-09-06T00:00:00.000-0400,100802,68000,67999
2018-09-07T00:00:00.000-0400,100804,68002,68001
2018-09-08T00:00:00.000-0400,100805,68002,68001
2018-09-09T00:00:00.000-0400,100806,68002,68001
2018-09-10T00:00:00.000-0400,100809,67999,67998
2018-09-11T00:00:00.000-0400,100814,68009,68008
2018-09-12T00:00:00.000-0400,100819,68014,68013
2018-09-13T00:00:00.000-0400,100821,68010,68009
2018-09-14T00:00:00.000-0400,100822,68010,68009
2018-09-15T00:00:00.000-0400,100822,68010,68009
2018-09-16T00:00:00.000-0400,100822,68010,68009
2018-09-17T00:00:00.000-0400,100827,68008,68007
2018-09-18T00:00:00.000-0400,100831,68009,68008
2018-09-19T00:00:00.000-0400,100834,68011,68009
2018-09-20T00:00:00.000-0400,100837,68012,68010
2018-09-21T00:00:00.000-0400,100837,68013,68012
2018-09-22T00:00:00.000-0400,100837,68013,68012
2018-09-23T00:00:00.000-0400,100840,68012,68011
2018-09-24T00:00:00.000-0400,100841,68010,68009
2018-09-25T00:00:00.000-0400,100843,68010,68009
2018-09-26T00:00:00.000-0400,100844,68009,68008
2018-09-27T00:00:00.000-0400,100846,68027,68026
2018-09-28T00:00:00.000-0400,100848,68029,68028
2018-09-29T00:00:00.000-0400,100849,68030,68029
2018-09-30T00:00:00.000-0400,100849,68035,68033
2018-10-01T00:00:00.000-0400,100851,68036,68034
2018-10-02T00:00:00.000-0400,100856,68037,68036
2018-10-03T00:00:00.000-0400,100859,68325,68324
2018-10-04T00:00:00.000-0400,100865,68325,68324
2018-10-05T00:00:00.000-0400,100870,68326,68325
2018-10-06T00:00:00.000-0400,100870,68329,68328
2018-10-07T00:00:00.000-0400,100873,68328,68327
2018-10-08T00:00:00.000-0400,100880,68326,68325
2018-10-09T00:00:00.000-0400,100886,68324,68323
2018-10-10T00:00:00.000-0400,100889,68326,68324
2018-10-11T00:00:00.000-0400,100890,68326,68325
2018-10-12T00:00:00.000-0400,100892,68321,68320
2018-10-13T00:00:00.000-0400,100892,68320,68319
2018-10-14T00:00:00.000-0400,100894,68320,68319
2018-10-15T00:00:00.000-0400,100901,68320,68319
2018-10-16T00:00:00.000-0400,100909,68321,68320
2018-10-17T00:00:00.000-0400,100910,68345,68344
2018-10-18T00:00:00.000-0400,100914,68341,68340
2018-10-19T00:00:00.000-0400,100923,68337,68336
2018-10-20T00:00:00.000-0400,100924,68336,68335
2018-10-21T00:00:00.000-0400,100925,68336,68335
2018-10-22T00:00:00.000-0400,100993,68330,68329
2018-10-23T00:00:00.000-0400,101012,68320,68319
2018-10-24T00:00:00.000-0400,101043,68309,68308
2018-10-25T00:00:00.000-0400,101062,68301,68300
2018-10-26T00:00:00.000-0400,101075,68329,68328
2018-10-27T00:00:00.000-0400,101081,68329,68328
2018-10-28T00:00:00.000-0400,101083,68328,68327
2018-10-29T00:00:00.000-0400,101093,68290,68289
2018-10-30T00:00:00.000-0400,101109,68284,68283
2018-10-31T00:00:00.000-0400,101128,68285,68284
2018-11-01T00:00:00.000-0400,101143,68277,68276
2018-11-02T00:00:00.000-0400,101161,68277,68276
2018-11-03T00:00:00.000-0400,101164,68276,68275
2018-11-04T00:00:00.000-0400,101167,68276,68275
2018-11-05T00:00:00.000-0500,101186,68270,68269
2018-11-06T00:00:00.000-0500,101205,68267,68266
2018-11-07T00:00:00.000-0500,101233,68265,68264
2018-11-08T00:00:00.000-0500,101260,68262,68261
2018-11-09T00:00:00.000-0500,101280,68257,68256
2018-11-10T00:00:00.000-0500,101284,68259,68258
2018-11-11T00:00:00.000-0500,101289,68256,68255
2018-11-12T00:00:00.000-0500,101305,68248,68247
2018-11-13T00:00:00.000-0500,101333,68244,68243
2018-11-14T00:00:00.000-0500,101358,68241,68240
2018-11-15T00:00:00.000-0500,101374,68237,68236
2018-11-16T00:00:00.000-0500,101404,68239,68238
2018-11-17T00:00:00.000-0500,101426,68237,68236
2018-11-18T00:00:00.000-0500,101445,68236,68235
2018-11-19T00:00:00.000-0500,101479,68230,68229
2018-11-20T00:00:00.000-0500,101523,68227,68226
2018-11-21T00:00:00.000-0500,101545,68223,68222
2018-11-22T00:00:00.000-0500,101555,68225,68224
2018-11-24T00:00:00.000-0500,101569,68224,68223
2018-11-25T00:00:00.000-0500,101580,68223,68222
2018-11-26T00:00:00.000-0500,101645,68214,68213
2018-11-27T00:00:00.000-0500,101691,68210,68209
2018-11-28T00:00:00.000-0500,101709,68212,68211
2018-11-29T00:00:00.000-0500,101733,68206,68205
2018-11-30T00:00:00.000-0500,101754,68206,68205
2018-12-01T00:00:00.000-0500,101766,68206,68205
2018-12-02T00:00:00.000-0500,101771,68205,68204
2018-12-03T00:00:00.000-0500,101799,68197,68196
2018-12-04T00:00:00.000-0500,101833,68192,68191
2018-12-05T00:00:00.000-0500,101860,68192,68190
2018-12-06T00:00:00.000-0500,101893,72648,72647
2018-12-07T00:00:00.000-0500,101916,72636,72635
2018-12-08T00:00:00.000-0500,101923,72636,72634
2018-12-09T00:00:00.000-0500,101930,72634,72632
2018-12-10T00:00:00.000-0500,101940,72640,72638
2018-12-11T00:00:00.000-0500,101945,72639,72637
2018-12-12T00:00:00.000-0500,101964,72634,72632
2018-12-13T00:00:00.000-0500,101980,72618,72617
2018-12-14T00:00:00.000-0500,102004,72622,72621
2018-12-15T00:00:00.000-0500,102006,72623,72622
2018-12-16T00:00:00.000-0500,102010,72623,72621
2018-12-17T00:00:00.000-0500,102039,72608,72606
2018-12-18T00:00:00.000-0500,102063,72596,72594
2018-12-19T00:00:00.000-0500,102099,72591,72589
2018-12-20T00:00:00.000-0500,102152,72588,72587
2018-12-21T00:00:00.000-0500,102152,72611,72610
2018-12-22T00:00:00.000-0500,102164,72632,72631
2018-12-23T00:00:00.000-0500,102182,72634,72633
2018-12-24T00:00:00.000-0500,102177,72632,72631
2018-12-25T00:00:00.000-0500,102182,72634,72633
2018-12-26T00:00:00.000-0500,102189,72634,72633
2018-12-27T00:00:00.000-0500,102199,72634,72633
2018-12-28T00:00:00.000-0500,102207,72630,72629
2018-12-29T00:00:00.000-0500,102212,72653,72652
2018-12-30T00:00:00.000-0500,102216,72652,72651
2018-12-31T00:00:00.000-0500,102219,72652,72651
2019-01-01T00:00:00.000-0500,102230,72650,72649
2019-01-02T00:00:00.000-0500,102256,72642,72641
2019-01-03T00:00:00.000-0500,102295,72626,72625
2019-01-04T00:00:00.000-0500,102349,72617,72616
2019-01-05T00:00:00.000-0500,102336,72619,72618
2019-01-06T00:00:00.000-0500,102349,72617,72616
2019-01-07T00:00:00.000-0500,102381,72603,72602
2019-01-08T00:00:00.000-0500,102447,72593,72592
2019-01-09T00:00:00.000-0500,102483,72581,72580
2019-01-10T00:00:00.000-0500,102531,72584,72583
2019-01-11T00:00:00.000-0500,102574,72579,72578
2019-01-12T00:00:00.000-0500,102592,72576,72575
2019-01-13T00:00:00.000-0500,102609,72566,72565
2019-01-14T00:00:00.000-0500,102655,72561,72560
2019-01-15T00:00:00.000-0500,102685,72548,72547
2019-01-16T00:00:00.000-0500,102719,72572,72571
2019-01-17T00:00:00.000-0500,102754,72556,72555
2019-01-18T00:00:00.000-0500,102771,72546,72545
2019-01-19T00:00:00.000-0500,102778,72547,72546
2019-01-20T00:00:00.000-0500,102785,72544,72543
2019-01-21T00:00:00.000-0500,102795,72524,72523
2019-01-22T00:00:00.000-0500,102824,72526,72524
2019-01-23T00:00:00.000-0500,102837,72519,72517
2019-01-24T00:00:00.000-0500,102853,72516,72515
2019-01-25T00:00:00.000-0500,102864,72514,72513
2019-01-26T00:00:00.000-0500,102866,72515,72514
2019-01-27T00:00:00.000-0500,102878,72514,72513
2019-01-28T00:00:00.000-0500,102890,72514,72512
2019-01-29T00:00:00.000-0500,102907,72511,72510
2019-01-30T00:00:00.000-0500,102925,72520,72519
2019-01-31T00:00:00.000-0500,102954,72531,72529
2019-02-01T00:00:00.000-0500,102975,72531,72529
2019-02-02T00:00:00.000-0500,102984,72532,72530
2019-02-03T00:00:00.000-0500,102993,72531,72529
2019-02-04T00:00:00.000-0500,103019,72532,72531
2019-02-05T00:00:00.000-0500,103040,72534,72533
2019-02-06T00:00:00.000-0500,103073,72534,72533
2019-02-07T00:00:00.000-0500,103093,72534,72533
2019-02-08T00:00:00.000-0500,103102,72535,72534
2019-02-09T00:00:00.000-0500,103112,72535,72534
2019-02-10T00:00:00.000-0500,103121,72536,72534
2019-02-11T00:00:00.000-0500,103147,72545,72544
2019-02-12T00:00:00.000-0500,103172,72546,72545
2019-02-13T00:00:00.000-0500,103184,72545,72544
2019-02-14T00:00:00.000-0500,103206,72546,72545
2019-02-15T00:00:00.000-0500,103223,72541,72540
2019-02-16T00:00:00.000-0500,103223,72541,72540
2019-02-17T00:00:00.000-0500,103223,72541,72540
2019-02-18T00:00:00.000-0500,103385,72544,72543
2019-02-19T00:00:00.000-0500,103432,72542,72541
2019-02-20T00:00:00.000-0500,103467,72538,72537
2019-02-21T00:00:00.000-0500,103495,72533,72532
2019-02-22T00:00:00.000-0500,103495,72534,72533
2019-02-23T00:00:00.000-0500,103533,72532,72531
2019-02-24T00:00:00.000-0500,103556,72532,72531
2019-02-25T00:00:00.000-0500,103592,72530,72529
2019-02-26T00:00:00.000-0500,103628,72531,72530
2019-02-27T00:00:00.000-0500,103663,72527,72526
2019-02-28T00:00:00.000-0500,103700,72533,72532
2019-03-01T00:00:00.000-0500,103739,72530,72529
2019-03-02T00:00:00.000-0500,103759,72530,72529
2019-03-03T00:00:00.000-0500,103778,72529,72528
2019-03-04T00:00:00.000-0500,103827,72529,72528
2019-03-05T00:00:00.000-0500,103865,72530,72529
2019-03-06T00:00:00.000-0500,103896,72530,72529
2019-03-07T00:00:00.000-0500,103918,72527,72526
2019-03-08T00:00:00.000-0500,103936,72534,72533
2019-03-09T00:00:00.000-0500,103948,72531,72530
2019-03-10T00:00:00.000-0500,103965,72533,72532
2019-03-11T00:00:00.000-0400,103998,72529,72528
2019-03-12T00:00:00.000-0400,104036,72527,72526
2019-03-13T00:00:00.000-0400,104070,72526,72525
2019-03-14T00:00:00.000-0400,104098,72526,72525
2019-03-15T00:00:00.000-0400,104121,72528,72527
2019-03-16T00:00:00.000-0400,104143,72528,72527
2019-03-17T00:00:00.000-0400,104164,72528,72527
2019-03-18T00:00:00.000-0400,104217,72528,72527
2019-03-19T00:00:00.000-0400,104256,72525,72524
2019-03-20T00:00:00.000-0400,104304,72524,72523
2019-03-21T00:00:00.000-0400,104337,72523,72522
2019-03-22T00:00:00.000-0400,104364,72525,72524
2019-03-23T00:00:00.000-0400,104388,72523,72522
2019-03-24T00:00:00.000-0400,104402,72523,72522
2019-03-25T00:00:00.000-0400,104453,72522,72521
2019-03-26T00:00:00.000-0400,104495,72533,72532
2019-03-27T00:00:00.000-0400,104534,72530,72529
2019-03-28T00:00:00.000-0400,104567,72531,72530
2019-03-29T00:00:00.000-0400,104610,72530,72529
2019-03-30T00:00:00.000-0400,104627,72532,72531
2019-03-31T00:00:00.000-0400,104658,72538,72537
2019-04-01T00:00:00.000-0400,104729,72537,72536
2019-04-02T00:00:00.000-0400,104801,72531,72530
2019-04-03T00:00:00.000-0400,104857,72527,72526
2019-04-04T00:00:00.000-0400,104900,72527,72526
2019-04-05T00:00:00.000-0400,104933,72527,72526
2019-04-06T00:00:00.000-0400,104962,72527,72526
2019-04-07T00:00:00.000-0400,104990,72525,72524
2019-04-08T00:00:00.000-0400,105054,72518,72517
2019-04-09T00:00:00.000-0400,105090,72516,72515
2019-04-10T00:00:00.000-0400,105139,72520,72519
2019-04-11T00:00:00.000-0400,105202,72519,72518
2019-04-12T00:00:00.000-0400,105244,72509,72508
2019-04-13T00:00:00.000-0400,105275,72507,72506
2019-04-14T00:00:00.000-0400,105304,72506,72505
2019-04-15T00:00:00.000-0400,105371,72510,72509
2019-04-16T00:00:00.000-0400,105420,72506,72504
2019-04-17T00:00:00.000-0400,105476,72508,72507
2019-04-18T00:00:00.000-0400,105523,72502,72501
2019-04-19T00:00:00.000-0400,105562,72501,72500
2019-04-20T00:00:00.000-0400,105577,72497,72496
2019-04-21T00:00:00.000-0400,105600,72496,72495
2019-04-22T00:00:00.000-0400,105663,72500,72499
2019-04-23T00:00:00.000-0400,105730,72500,72499
2019-04-24T00:00:00.000-0400,105802,72499,72498
2019-04-25T00:00:00.000-0400,105884,72508,72507
2019-04-26T00:00:00.000-0400,105939,72502,72501
2019-04-27T00:00:00.000-0400,105954,72500,72499
2019-04-28T00:00:00.000-0400,105982,72496,72495
2019-04-29T00:00:00.000-0400,106059,72491,72490
2019-04-30T00:00:00.000-0400,106140,72490,72488
2019-05-01T00:00:00.000-0400,106249,72494,72492
2019-05-02T00:00:00.000-0400,106313,72488,72486
2019-05-03T00:00:00.000-0400,106371,72488,72486
2019-05-04T00:00:00.000-0400,106391,72484,72482
2019-05-05T00:00:00.000-0400,106406,72479,72478
2019-05-06T00:00:00.000-0400,106467,72473,72472
2019-05-07T00:00:00.000-0400,106508,72465,72464
2019-05-08T00:00:00.000-0400,106558,72464,72463
2019-05-09T00:00:00.000-0400,106609,73713,73712
2019-05-10T00:00:00.000-0400,106645,73733,73732
2019-05-11T00:00:00.000-0400,106660,73731,73730
2019-05-12T00:00:00.000-0400,106679,73729,73728
2019-05-13T00:00:00.000-0400,106747,73726,73725
2019-05-14T00:00:00.000-0400,106813,73725,73724
2019-05-15T00:00:00.000-0400,106880,73727,73726
2019-05-16T00:00:00.000-0400,106930,73721,73720
2019-05-17T00:00:00.000-0400,106969,73722,73721
2019-05-18T00:00:00.000-0400,106985,73724,73723
2019-05-19T00:00:00.000-0400,107004,73723,73722
2019-05-20T00:00:00.000-0400,107056,73721,73720
2019-05-21T00:00:00.000-0400,107111,73717,73716
2019-05-22T00:00:00.000-0400,107155,73709,73708
2019-05-23T00:00:00.000-0400,107199,73724,73723
2019-05-24T00:00:00.000-0400,107237,73739,73738
2019-05-24T00:00:00.000-0400,107237,73739,73738
2019-05-24T00:00:00.000-0400,107237,73739,73738
2019-05-24T00:00:00.000-0400,107237,73739,73738
2019-05-24T00:00:00.000-0400,107237,73739,73738
2019-05-24T00:00:00.000-0400,107237,73739,73738
2019-05-24T00:00:00.000-0400,107237,73739,73738
2019-05-24T00:00:00.000-0400,107237,73739,73738
2019-05-25T00:00:00.000-0400,107246,73739,73738
2019-05-25T00:00:00.000-0400,107246,73739,73738
2019-05-25T00:00:00.000-0400,107246,73739,73738
2019-05-25T00:00:00.000-0400,107246,73739,73738
2019-05-25T00:00:00.000-0400,107246,73739,73738
2019-05-25T00:00:00.000-0400,107246,73739,73738
2019-05-25T00:00:00.000-0400,107246,73739,73738
2019-05-25T00:00:00.000-0400,107246,73739,73738
2019-05-26T00:00:00.000-0400,107264,73737,73736
2019-05-27T00:00:00.000-0400,107282,73740,73736
2019-05-28T00:00:00.000-0400,107319,73734,73732
2019-05-29T00:00:00.000-0400,107372,73763,73762
2019-05-30T00:00:00.000-0400,107442,73758,73757
2019-05-31T00:00:00.000-0400,107533,73771,73770
2019-06-01T00:00:00.000-0400,107552,73769,73768
2019-06-02T00:00:00.000-0400,107568,73773,73772
2019-06-03T00:00:00.000-0400,107610,73768,73767
2019-06-04T00:00:00.000-0400,107642,73766,73765
2019-06-05T00:00:00.000-0400,107677,73765,73764
2019-06-06T00:00:00.000-0400,107711,73767,73766
2019-06-07T00:00:00.000-0400,107740,73761,73760
2019-06-08T00:00:00.000-0400,107746,73760,73759
2019-06-09T00:00:00.000-0400,107763,73758,73757
2019-06-10T00:00:00.000-0400,107806,73775,73774
2019-06-11T00:00:00.000-0400,107838,73768,73767
2019-06-12T00:00:00.000-0400,107881,73768,73767
2019-06-13T00:00:00.000-0400,107907,73770,73769
2019-06-14T00:00:00.000-0400,107928,73771,73770
2019-06-15T00:00:00.000-0400,107946,73781,73780
2019-06-16T00:00:00.000-0400,107960,73778,73777
2019-06-17T00:00:00.000-0400,108003,73771,73770
2019-06-18T00:00:00.000-0400,108035,73781,73780
2019-06-19T00:00:00.000-0400,108061,73781,73780
2019-06-20T00:00:00.000-0400,108092,73775,73774
2019-06-21T00:00:00.000-0400,108130,73774,73773
2019-06-22T00:00:00.000-0400,108141,73776,73775
2019-06-23T00:00:00.000-0400,108156,73773,73772
2019-06-24T00:00:00.000-0400,108195,73771,73770
2019-06-25T00:00:00.000-0400,108237,73768,73767
2019-06-26T00:00:00.000-0400,108274,73772,73771
2019-06-27T00:00:00.000-0400,108309,73774,73773
2019-06-28T00:00:00.000-0400,108329,73776,73775
2019-06-29T00:00:00.000-0400,108333,73781,73780
2019-06-30T00:00:00.000-0400,108336,73778,73777
2019-07-01T00:00:00.000-0400,108366,73802,73800
2019-07-02T00:00:00.000-0400,108390,73814,73812
2019-07-03T00:00:00.000-0400,108418,73806,73804
2019-07-04T00:00:00.000-0400,108430,73818,73817
2019-07-05T00:00:00.000-0400,108455,73812,73811
2019-07-06T00:00:00.000-0400,108464,73810,73809
2019-07-07T00:00:00.000-0400,108471,73810,73809
2019-07-08T00:00:00.000-0400,108496,73803,73802
2019-07-09T00:00:00.000-0400,108525,73801,73800
2019-07-10T00:00:00.000-0400,108554,73799,73798
2019-07-11T00:00:00.000-0400,108582,73807,73806
2019-07-12T00:00:00.000-0400,108607,73808,73807
2019-07-13T00:00:00.000-0400,108617,73812,73811
2019-07-14T00:00:00.000-0400,108624,73809,73808
2019-07-15T00:00:00.000-0400,108650,73804,73803
2019-07-16T00:00:00.000-0400,108678,73812,73811
2019-07-17T00:00:00.000-0400,108704,73807,73806
2019-07-18T00:00:00.000-0400,108729,73799,73798
2019-07-19T00:00:00.000-0400,108745,73801,73800
2019-07-20T00:00:00.000-0400,108755,73806,73805
2019-07-21T00:00:00.000-0400,108762,73806,73805
2019-07-22T00:00:00.000-0400,108789,73794,73793
2019-07-23T00:00:00.000-0400,108819,73790,73789
2019-07-24T00:00:00.000-0400,108858,73791,73790
2019-07-25T00:00:00.000-0400,108888,73788,73787
2019-07-26T00:00:00.000-0400,108911,73793,73792
2019-07-27T00:00:00.000-0400,108917,73803,73802
2019-07-28T00:00:00.000-0400,108924,73802,73801
2019-07-29T00:00:00.000-0400,108952,73799,73798
2019-07-30T00:00:00.000-0400,108996,73793,73792
2019-07-31T00:00:00.000-0400,109027,73795,73794
2019-08-02T00:00:00.000-0400,109078,73809,73807
2019-08-03T00:00:00.000-0400,109082,73814,73812
2019-08-04T00:00:00.000-0400,109099,73824,73822
2019-08-05T00:00:00.000-0400,109130,73859,73858
2019-08-06T00:00:00.000-0400,109158,73856,73855
2019-08-07T00:00:00.000-0400,109192,76605,76604
2019-08-08T00:00:00.000-0400,109221,76597,76596
2019-08-09T00:00:00.000-0400,109233,76612,76611
2019-08-10T00:00:00.000-0400,109244,76619,76617
2019-08-11T00:00:00.000-0400,109250,76620,76619
2019-08-12T00:00:00.000-0400,109280,76609,76608
2019-08-13T00:00:00.000-0400,109322,76603,76602
2019-08-14T00:00:00.000-0400,109409,76598,76597
2019-08-15T00:00:00.000-0400,109441,76622,76621
2019-08-16T00:00:00.000-0400,109464,76622,76621
2019-08-17T00:00:00.000-0400,109476,76639,76638
