time,google_documents_created,google_documents_edited
2017-03-12,-560.0944068722408,-1218.5917022778976
2017-03-14,167.9271755477431,185.90947154782657
2017-03-16,57.20254207530036,30.582433098086085
2017-03-19,-217.27985737676636,-482.9859457087143
2017-03-20,475.0833305610192,801.9716136378938
2017-03-21,530.6181128321091,939.6922742591762
2017-03-22,555.4268677856678,997.8703861348126
2017-03-23,426.6597277654127,780.4831695279594
2017-03-24,100.7931265495567,188.376168638249
2017-03-25,-242.3095206393687,-481.7854052250658
2017-03-26,142.14250264978222,233.49827265139822
2017-03-27,827.2469160233046,1503.6733674578436
2017-03-28,874.27337056309,1626.362492213926
2017-03-29,889.7603334586391,1670.1317843570203
2017-03-30,751.2796166125471,1439.735835275462
2017-03-31,415.69980356881234,836.6738061258029
2017-04-01,63.23298254232965,158.115590295375
2017-04-02,438.9627387272562,867.8965574456379
2017-04-03,1116.213544303174,2135.614729806097
2017-04-04,1156.4077242111566,2258.8524937840252
2017-04-05,1166.1569890169512,2305.9417542915085
2017-04-06,1023.0244030890956,2081.21353786857
2017-04-07,683.7881365850571,1485.565299820833
2017-04-08,328.4914133678893,815.404517908872
2017-04-09,701.9765221861148,1533.6666372635445
2017-04-10,1377.2628555536808,2808.940566966563
2017-04-11,1415.414897315801,2937.7230196078576
2017-04-12,1422.6468171805445,2987.219650509678
2017-04-13,1273.3315801717179,2760.632934527116
2017-04-14,926.5832718331073,2157.7689229237067
2017-04-15,562.0209448456374,1474.0202110643665
2017-04-16,924.086945327349,2171.422038574763
2017-04-17,1585.44134567,3417.8135104130447
2017-04-18,1606.8454396374063,3509.124111912455
2017-04-19,1594.2804527327253,3512.2024408896596
2017-04-20,1424.7364682887396,3230.1261890504675
2017-04-21,1054.5020463750643,2562.824722305578
2017-04-22,663.2380992527387,1806.0710623442897
2017-04-23,995.5330909761472,2422.539732390102
2017-04-24,1624.2987993081417,3580.962293266344
2017-04-25,1610.651930455365,3578.4007561083163
2017-04-26,1561.0277303133962,3483.056027987891
2017-04-27,1352.9606790671514,3099.5508645041455
2017-04-28,943.3629268910795,2329.5193189387473
2017-04-29,512.5843048364694,1470.5603116347195
2017-04-30,805.9513316080213,1987.2527635143088
2017-05-01,1397.144880577218,3050.2652337706995
2017-05-02,1348.0622851902856,2958.581464666283
2017-05-03,1265.9105618043677,2782.260275132158
2017-05-04,1028.9664048389725,2327.6705959817987
2017-05-05,594.8341964834693,1498.0349514312709
2017-05-06,144.48644928159263,592.3402851468495
2017-05-07,423.7846693494307,1076.3147726884613
2017-05-08,1006.8408380483291,2121.504647878028
2017-05-09,936.5388054668284,1977.008758409828
2017-05-10,839.5975402069707,1763.6132365774588
2017-05-11,594.3425452513825,1287.6213295253224
2017-05-12,158.2866296756972,451.85840492600096
2017-05-13,-287.8302269724336,-445.4119797836988
2017-05-14,1.4831023844997162,60.50226210381038
2017-05-15,599.837140674482,1139.8200907040546
2017-05-16,568.8204471278541,1090.5155263521485
2017-05-17,515.0955092528746,981.0941830902246
2017-05-18,316.16755257275884,615.8586271729921
2017-05-19,-71.34264880124806,-104.50481879848326
2017-05-20,-467.6378690472782,-883.9599645968015
2017-05-21,-128.19793326998035,-260.0780543436847
2017-05-22,519.6119389495918,935.113894107771
2017-05-23,536.4234481947399,997.4141640469517
2017-05-25,370.9499049945281,725.1106996805697
2017-05-26,21.175762276736464,91.93842215633595
2017-05-27,-342.2019192453199,-611.6280680733648
2017-05-28,24.7956137799315,75.70109409147199
2017-05-29,694.3942536849756,1321.0667835814875
2017-05-30,726.9587319148309,1419.758355399854
2017-05-31,728.1175109751626,1438.0493652221135
2017-06-01,574.5557536837789,1178.5105178044842
2017-06-02,222.30680138860544,540.6312737603516
2017-06-03,-149.17425086742753,-180.19287135704076
2017-06-04,204.54227777707,478.3893612084971
2017-06-05,856.2521380126004,1684.8295208787351
2017-06-06,866.9927916533295,1735.9393802126206
2017-06-07,843.1496239739986,1699.6841172474572
2017-06-08,662.2281171061961,1380.4488832420352
2017-06-09,281.1229905010272,679.6114370826431
2017-06-11,204.667710170869,489.28879938944647
2017-06-12,828.2607159670144,1634.3019304223726
2017-06-14,765.3261849635443,1539.931111929378
2017-06-15,564.0411531755349,1175.7477590865542
2017-06-16,166.34174407335524,437.9399976581137
2017-06-17,-247.03308249054487,-375.34786649517537
2017-06-18,69.49555444001624,200.68428628083188
2017-06-19,689.7088258698961,1336.5785995625806
2017-06-20,675.4414564852232,1330.8314447774692
2017-06-21,633.6689312860469,1252.6505399083187
2017-06-22,442.266528786163,907.1979487449225
2017-06-23,58.27150426434628,196.15212722806973
2017-06-24,-338.0672275785471,-583.3525303244296
2017-06-25,-1.7541402317477832,32.289256983690166
2017-06-26,640.3329646359643,1212.277021492697
2017-06-27,649.3138948022447,1253.6574204069811
2017-06-28,631.4143717140953,1224.1243719462266
2017-06-29,463.7469889343819,927.3062021958126
2017-06-30,102.5955325908941,263.3717348598857
2017-07-01,-272.5136049796022,-471.98743965991275
2017-07-02,82.74424860090573,183.4982215433497
2017-07-03,740.8912460177007,1397.8362500792464
2017-07-04,762.5349964430529,1467.0571794251691
2017-07-05,753.4913258110887,1458.0414448549493
2017-07-06,590.57675806543,1173.8272782648476
2017-07-07,229.9010852050427,514.2310080477791
2017-07-08,-149.05643415865381,-225.16328855901315
2017-07-09,198.10980380902743,418.0518449298622
2017-07-10,844.1285619073419,1612.2608726937153
2017-07-11,849.9338459006938,1654.0972938226912
2017-07-14,252.36986196672524,584.5659667125924
2017-07-15,-151.99055001578859,-201.46291738126274
2017-07-16,169.07102478701074,393.42353687413834
2017-07-17,789.0429244456066,1539.004701723813
2017-07-18,769.6251621767019,1533.3164166999004
2017-07-19,717.822144307919,1445.4206009340696
2017-07-20,511.7025577668162,1080.6517675150358
2017-07-21,108.65775046116244,341.17364873409474
2017-07-22,-310.55691843315526,-475.095329559078
2017-07-23,-0.29973707330543675,96.51069428250571
2017-07-24,613.3208956058717,1226.4987722748829
2017-07-25,592.2974421309387,1213.43392502267
2017-07-26,543.8086842880101,1126.6977778910964
2017-07-27,345.9755894323457,771.7300118982064
2017-07-28,-43.88101555908304,50.58586285460456
2017-07-29,-445.19650339102,-739.1317380893067
2017-07-30,-112.63432708088988,-133.2672715805552
2017-07-31,527.2862840573405,1037.9983007472001
2017-08-01,536.0527746476066,1072.3859223875952
2017-08-02,520.2586904708919,1038.3024079202687
2017-08-03,357.37493075171415,740.1101467778742
2017-08-04,4.025085759330523,78.71490286694166
2017-08-05,-359.9525019772101,-649.4706005825028
2017-08-06,10.042101903293656,18.509873559911284
2017-08-07,686.761391584653,1251.2979778432323
2017-08-08,730.9909644165075,1345.4885778158296
2017-08-09,748.6658475615875,1368.4407683063782
2017-08-10,616.6576650785304,1123.5715490510574
2017-08-11,291.0631800542815,510.9639176812809
2017-08-12,-48.722167628506895,-173.6534192740453
2017-08-13,341.55139436147135,532.1421237647739
2017-08-14,1034.3850329234917,1796.6158143814628
2017-08-15,1090.4151128004482,1916.1455310404706
2017-08-17,986.6544186020961,1725.7766206874182
2017-08-18,660.0337053882928,1119.6961664754572
2017-08-19,315.29900080608274,435.8700885696187
2017-08-20,697.0135679232164,1137.1797885085157
2017-08-21,1378.05818885903,2392.4355185807453
2017-08-22,1419.5019153242865,2498.6245055966656
2017-08-23,1427.7046919086188,2523.696687221714
2017-08-24,1280.0874051810347,2271.828487958942
2017-08-25,933.4004783938202,1643.997495568297
2017-08-26,567.7752878796629,936.9264206004982
2017-08-27,928.2562285979083,1614.0944027582736
2017-08-28,1588.17345048704,2844.849061511485
2017-08-30,1597.4990640416186,2927.8173241271797
2017-08-31,1431.314662377811,2652.8151199110152
2017-09-01,1067.4492464046791,2002.814909922937
2017-09-02,686.1943604060491,1274.6398114233345
2017-09-03,1032.685581752495,1931.780169617752
2017-09-04,1680.2768620188472,3143.513161155177
2017-09-05,1690.4037796760463,3207.147783915404
2017-09-07,1495.6794783262085,2898.731309346733
2017-09-08,1125.184470290953,2231.8037386784004
2017-09-09,738.2682980703194,1486.5746678827306
2017-09-10,1079.8254668726581,2126.263100926386
2017-09-11,1722.9596702168697,3319.899289378847
2017-09-12,1728.8582760340164,3364.585273593045
2017-09-13,1703.902059465841,3328.2971420986332
2017-09-14,1525.445375061624,3015.1686395560273
2017-09-15,1150.097439041796,2326.088083742536
2017-09-16,757.7884756867543,1557.6660028502693
2017-09-17,1093.3179783071123,2173.27054884668
2017-09-21,1508.3571608691723,2962.6747331108127
2017-09-22,1124.164796387195,2249.9520490391824
2017-09-23,722.863619898196,1459.3620533131002
2017-09-24,1049.4863937734324,2054.806899688175
2017-09-27,1627.9413055420202,3138.691105714076
2017-09-28,1435.133075224908,2793.841359305217
2017-09-29,1046.5344519126977,2078.2623846441243
2017-09-30,642.5140021399145,1289.3329842694257
2017-10-01,968.3098354145262,1891.104485971343
2017-10-02,1597.416259959873,3053.4107932713678
2017-10-03,1591.402535501878,3074.096359429306
2017-10-04,1557.0483847194537,3021.794881403664
2017-10-05,1372.0942036596136,2701.1850596572076
2017-10-06,993.5061210505863,2013.563504445871
2017-10-07,601.5264578802012,1255.7916763812923
2017-10-08,941.2073986484069,1891.3147232476663
2017-10-09,1585.7878087829922,3089.2852798166455
2017-10-10,1596.5591159292721,3146.8134608933115
2017-10-11,1579.9669373414374,3131.761018619689
2017-10-12,1413.3839729545355,2848.0196976088255
2017-10-13,1053.3851349806569,2196.1060635163003
2017-10-14,679.8089311015177,1472.1304306026702
2017-10-15,1037.3025683223948,2138.8370479526748
2017-10-16,1698.7103491414487,3364.747920411883
2017-10-17,1724.9509080169478,3446.43083790154
2017-10-18,1722.1296054903435,3451.308983076709
2017-10-19,1567.3212512387577,3182.951625302804
2017-10-20,1216.8538064072284,2541.677744209949
2017-10-21,850.3767999421989,1823.5298841167676
2017-10-22,1212.4116910903927,2491.3151946200596
2017-10-23,1875.7435699516636,3713.7459567591104
2017-10-24,1901.2996256504077,3787.7002237612705
2017-10-25,1895.260646435563,3781.0201333023037
2017-10-26,1734.8407376040718,3497.787713896951
2017-10-27,1376.565989806958,2838.910462486128
2017-10-28,1000.3573882549607,2103.1776825650422
2017-10-29,1351.008363945121,2751.9694349642523
2017-10-30,2001.6307234753572,3954.6825769381576
2017-10-31,2013.5006183848416,4008.8638041036465
2017-11-01,1993.1582080884918,3982.983772859726
2017-11-02,1818.1751710739009,3681.6897681653263
2017-11-03,1445.4211892589228,3006.3699625757354
2017-11-04,1055.1136837195636,2254.08783283254
2017-11-05,1392.3486297240509,2888.584977598799
2017-11-06,2030.4724726538466,4079.3859071488832
2017-11-07,2030.9412184365724,4124.0266483891955
2017-11-08,2000.4136009783483,4090.8258404142252
2017-11-09,1816.5141246382332,3784.1391289671064
2017-11-10,1436.097280758737,3104.929957003276
2017-11-11,1039.297323246936,2349.7152199949173
2017-11-12,1371.0614664578097,2981.5837834918066
2017-11-13,2004.52648889832,4169.321044446027
2017-11-14,2000.8847051859723,4209.660856631404
2017-11-15,1966.486026982019,4170.082852347799
2017-11-16,1778.611663340358,3854.095223399367
2017-11-17,1393.7504528090167,3161.835231659228
2017-11-18,991.6618552334775,2389.0450331975817
2017-11-19,1316.923069329216,2998.1198966773954
2017-11-20,1942.319833945633,4157.2610757882
2017-11-21,1928.7264339484516,4162.753756768276
2017-11-22,1882.2211873236204,4081.7872637678342
2017-11-23,1679.872530676701,3717.756811634461
2017-11-24,1278.0262869670337,2970.8784056352924
2017-11-25,856.377767565202,2137.173908565495
2017-11-26,1159.5258578127898,2679.5229690566343
2017-11-27,1760.3683721117964,3766.81378977147
2017-11-28,1719.984005676447,3696.213076430984
2017-11-29,1644.7470361189537,3535.972425604322
2017-11-30,1412.1098484145446,3090.7106884934656
2017-12-01,978.8839043483082,2262.004321088354
2017-12-02,525.3029314615163,1347.3433225888423
2017-12-03,796.565672226579,1811.1501426695484
2017-12-04,1366.2177592284331,2823.894395083151
2017-12-05,1296.0183799850672,2684.324641839392
2017-12-06,1193.0382834163595,2462.2355194083348
2017-12-07,935.4246467912624,1963.7108026974013
2017-12-08,480.6639044376327,1091.675493736592
2017-12-09,9.62681465291189,144.81560084230955
2017-12-10,268.09361399206614,588.564009693737
2017-12-11,830.1193255393373,1594.1862320929863
2017-12-12,757.8853634663835,1460.9881445782803
2017-12-13,658.7844283679864,1259.0647107793466
2017-12-14,411.1746054626707,794.5308585402706
2017-12-15,-27.36590088950743,-29.931991073269273
2017-12-16,-475.99885886972174,-916.1548450941082
2017-12-17,-189.10289613666873,-399.48706327910577
2017-12-18,407.09298117059654,690.3043558940983
2017-12-19,374.36538756344385,651.263909155695
2017-12-20,318.24996036870766,549.7645211134234
2017-12-21,117.82304668614483,192.54829515924257
2017-12-22,-270.0474239452021,-519.4672954379516
2017-12-23,-665.307395719411,-1289.9687801872465
2017-12-24,-323.1759794689426,-656.209758302225
2017-12-25,329.2401517495242,550.1339624562581
2017-12-26,352.8229125646876,625.2377708684116
2017-12-27,353.5558802991874,635.9475109636749
2017-12-28,208.30948795724532,385.0839388942006
2017-12-29,-126.87103522787743,-227.936043537974
2017-12-30,-472.69130474306485,-908.1044389861859
2017-12-31,-85.04987746155871,-193.75698445004764
2018-01-01,608.3624405475225,1082.59400677519
2018-01-02,667.9513189606412,1216.5488196530673
2018-01-03,699.3417050803419,1274.6484301184632
2018-01-08,1023.4429789267788,1794.1910287376213
2018-01-09,1081.070475299177,1914.8300515389667
2018-01-10,1106.074744939711,1952.86130837559
2018-01-11,975.6388547635178,1712.4336679024386
2018-01-12,646.3122935217727,1094.623498612937
2018-01-13,298.06704961569096,396.37508148667325
2018-01-14,675.8329097598235,1081.504581409631
2018-01-15,1352.8718746814313,2319.8010854565637
2018-01-16,1390.6376878942144,2409.246609204755
2018-01-17,1395.867353190983,2418.7739249647957
2018-01-18,1246.3404638688064,2153.5033160426765
2018-01-19,899.1377196723863,1515.2917610381585
2018-01-20,534.683136949482,800.8293030336886
2018-01-21,898.2680258852862,1475.102310415436
2018-01-22,1563.4168673659733,2708.0152622003143
2018-01-23,1591.741380440289,2797.4353328058314
2018-01-26,1086.5972447001786,1931.1491713947335
2018-01-27,721.9737821497492,1233.5549447731694
2018-01-28,1087.092340708204,1926.5026257554757
2018-01-29,1755.0697767268211,3178.7664966683014
2018-01-30,1787.0526573638258,3287.022553289411
2018-01-31,1789.32275794596,3318.652687768451
2018-02-01,1639.0747868334017,3077.035073422343
2018-02-02,1292.6971418356472,2462.1526487413776
2018-02-03,929.8395291459931,1769.5769110829979
2018-02-04,1294.9647123015343,2461.5237403987926
2018-02-05,1960.7437558671,3706.01317831922
2018-02-06,1987.9401036700374,3799.1532870417336
2018-02-07,1982.528605503409,3807.965022536701
2018-02-08,1821.4844706120384,3535.68722012306
2018-02-09,1461.072620980588,2882.393161667888
2018-02-10,1080.9210221150431,2143.97569690365
2018-02-11,1425.575090612412,2783.1975981200985
2018-02-12,2067.892464763817,3968.83923019569
2018-02-13,2068.923491543871,3997.964010174726
2018-02-15,1843.6330735925271,3595.611292015569
2018-02-16,1451.5539462195243,2870.0899152978636
2018-02-17,1039.0096551343886,2059.495513868364
2018-02-18,1351.1832560446712,2628.0712259100665
2018-02-20,1931.9646430178132,3711.9829827255917
2018-02-21,1869.3056888134238,3595.2961196535757
2018-02-23,1236.4909457900817,2433.813353106024
2018-02-24,804.4604154370813,1589.7515608748063
2018-02-25,1101.2189801223424,2134.466715704469
2018-02-26,1700.6381728881786,3238.6618013045313
2018-02-27,1664.6897959400776,3201.0402177442033
2018-03-01,1386.271915492307,2714.1913730194383
2018-03-02,979.2143839487602,1972.4436352010862
2018-03-03,559.9176197559996,1163.332107165678
2018-03-04,873.7173187743533,1750.8711026172753
2018-03-05,1494.101045727092,2904.693434540439
2018-03-06,1482.5715824350902,2922.2953619922173
2018-03-07,1445.7469748564627,2871.8281882463325
2018-03-08,1261.132790043061,2557.3765150684653
2018-03-09,885.3975217173735,1879.555337404589
2018-03-10,498.43510750048665,1134.4834543532509
2018-03-11,844.9119510800297,1784.8301533869073
2018-03-12,1497.6579301428633,2998.9672948627895
2018-03-14,1510.6124274257306,3074.8225750931674
2018-03-15,1353.8352052169005,2806.9501000537675
2018-03-16,1003.43033501165,2169.6050769240874
2018-03-17,638.9204233125049,1458.4681855578156
2018-03-18,1004.6901980607889,2135.9784988491992
2018-03-19,1673.3823888050324,3370.4855487781433
2018-03-20,1705.7801266350573,3458.5206521456194
2018-03-21,1707.9220317951322,3467.6047884508034
2018-03-22,1556.885105457388,3201.532590512167
2018-03-23,1209.066073196121,2560.9645973890088
2018-03-24,844.2450372126248,1842.3854119694493
2018-03-25,1207.128839298724,2509.1252920185607
2018-03-26,1870.7337823335242,3730.4781363507973
2018-03-27,1896.253458537953,3803.937266519564
2018-03-28,1890.1583222539325,3797.967411290855
2018-03-29,1729.9626091487426,3517.2536183136044
2018-03-30,1372.4897796866708,2863.260294742797
2018-03-31,997.9208296036101,2133.159137122223
2018-04-01,1351.3233690394754,2790.824420173443
2018-04-02,2006.0215723775616,4005.9294668120983
2018-04-03,2023.4531567697945,4076.1664120473733
2018-04-05,1844.0509227243326,3791.9540139609953
2018-04-06,1481.6600859847865,3143.0911845257424
2018-04-07,1103.1986768472837,2420.03285627259
2018-04-08,1453.5845967962475,3085.929106254919
2018-04-09,2105.918119915213,4309.585242323425
2018-04-10,2121.346883761166,4387.7086776315755
2018-04-11,2106.1673417193024,4387.702578452365
2018-04-12,1937.5982442624193,4112.946457342532
2018-04-13,1572.057144761021,3463.3960484685394
2018-04-14,1189.2239475626031,2734.5600715953137
2018-04-15,1533.5889412766026,3388.550943907479
2018-04-16,2177.8448401333053,4593.241634874632
2018-04-17,2182.791291443501,4646.252826762151
2018-04-18,2154.383157118395,4612.66818476048
2018-04-19,1969.5874527577953,4295.455320856172
2018-04-20,1584.649632580598,3594.385371864121
2018-04-21,1179.167720190892,2805.027231701496
2018-04-22,1497.648374375375,3389.8090153891812
2018-04-23,2112.904114312503,4517.17850283428
2018-04-24,2085.936963027477,4483.882632904591
2018-04-26,1801.6540728778152,3943.1470199159476
2018-04-27,1378.5035637650756,3141.2454247059477
2018-04-28,933.8060925241786,2249.3153537255553
2018-04-29,1212.7423384510957,2731.584372248499
2018-05-01,1723.9008823817458,3628.4101515325456
2018-05-03,1370.2494401941149,2913.6210634545305
2018-05-04,917.2420287435571,2038.0061270184121
2018-05-05,446.86302275692105,1083.4632027636817
2018-05-06,704.9349366947413,1515.6617760790514
2018-05-07,1265.5562039320866,2506.150853892247
2018-05-08,1190.9504348220978,2354.558962834956
2018-05-09,1088.5489732799456,2131.334155798048
2018-05-10,836.7427365817949,1642.9654125566121
2018-05-12,-61.421365156669935,-121.4498995747258
2018-05-13,218.6991851551852,366.08492443510886
2018-05-14,807.2585167296658,1425.7130195509621
2018-05-15,766.0107215699238,1355.805997851121
2018-05-16,701.7939366667256,1225.284895678282
2018-05-17,492.2949428289154,838.8757234656516
2018-05-18,97.98157728013621,101.34158307804546
2018-05-19,-304.8328122830653,-694.5272028498566
2018-05-20,28.54471069633314,-85.91405324573816
2018-05-21,670.9100958694278,1095.5110888353938
2018-05-22,683.0406704629161,1145.8645205680796
2018-05-23,670.8107816314135,1131.8690982529938
2018-05-24,510.97985388014365,856.1614487275285
2018-05-25,159.48342679353686,217.91760484223641
2018-05-26,-204.48922734731627,-488.1460815005371
2018-05-27,163.06614306824486,199.29963141200506
2018-05-28,834.3728090962386,1447.3727127721763
2018-05-29,869.7650572299765,1551.2788027023032
2018-05-30,874.8141043873536,1577.1499461778603
2018-05-31,726.1227894452815,1327.3620060991466
2018-06-01,379.61942575051023,701.1620585094724
2018-06-02,14.634337596012983,-6.337378382168026
2018-06-03,375.45615957661425,666.8993228308573
2018-06-04,1034.7271988517614,1888.9840562308632
2018-06-05,1053.323260286541,1956.374118764288
2018-06-07,864.4906998109509,1633.9156449459801
2018-06-08,491.1374947867914,949.1318414047946
2018-06-09,97.58820946634012,179.31047314058605
2018-06-10,429.0084049885795,788.3979063939262
2018-06-14,809.1194721836738,1517.2503771471834
2018-06-15,414.5379132511956,785.6852797668796
2018-06-16,3.409241722849174,-23.18967426964582
2018-06-17,321.3356835338677,555.4747407781942
2018-06-18,942.1442177154549,1692.3200960117756
2018-06-21,692.4728075621122,1257.3670124250773
2018-06-22,306.75538478085264,542.3919317339671
2018-06-23,-91.5813062934933,-241.64217507552303
2018-06-24,242.59963216387985,369.15552557460774
2018-06-25,882.5646755638804,1544.2746778063752
2018-06-28,701.0721278572285,1247.3472808672127
2018-06-29,339.19559478663655,581.1531944787471
2018-06-30,-36.005355924317655,-155.25020725616332
2018-07-01,319.87392234792196,500.5645096644962
2018-07-03,1003.2590547301079,1789.3207933394858
2018-07-04,997.2359813540199,1785.2697811046985
2018-07-05,838.1492408760006,1507.5847940595315
2018-07-06,482.0724680152201,856.0155425999383
2018-07-07,108.42597756444297,126.03649647501061
2018-07-08,461.53531356008386,779.9060182529499
2018-07-09,1114.0303140508363,1985.8245460670655
2018-07-10,1126.7299600412298,2040.212083704475
2018-07-11,1105.7591413845516,2010.5222137412457
2018-07-12,928.3324252866146,1700.5321498806802
2018-07-13,551.0354921300251,1010.9408380594575
2018-07-14,153.88808579550005,238.33272307941934
2018-07-15,481.88591616489407,846.2045866983283
2018-07-16,1108.381196765667,2004.088324839037
2018-07-17,1094.9476133572678,2009.790957059417
2018-07-18,1048.4764170938824,1932.1701616416979
2018-07-19,846.9393113380514,1576.3859415882816
2018-07-20,447.6493510064224,844.461498561825
2018-07-21,31.304316541432627,34.211953571860704
2018-07-26,688.47008560387,1287.2904574571144
2018-07-27,296.22539261395536,563.0086276439197
2018-08-04,-52.63216188853676,-187.31380542340412
2018-08-05,313.5186656220069,474.4499305164618
2018-08-06,986.8708477252912,1701.70903123927
2018-08-07,1028.3100600157977,1791.2142769441377
2018-08-08,1043.8557269779544,1810.4545589524655
2018-08-09,910.4464816430566,1562.948297823194
2018-08-10,584.2275127673789,948.8501717847066
2018-08-11,244.6234428885291,263.9303691706359
2018-08-13,1330.5308275243854,2237.1771375868493
2018-08-14,1389.1435483782652,2359.926901127983
2018-08-15,1417.5765484276426,2406.104595649827
2018-08-16,1292.6962149269143,2179.129778639659
2018-08-17,970.6764312212285,1579.2102632343187
2018-08-18,631.0670212031531,902.3112612577947
2018-08-19,1018.3423307577888,1611.1901321303956
2018-08-20,1705.2894873340833,2874.5294222073135
2018-08-21,1752.8819705138544,2989.1892583433646
2018-08-22,1767.3850071925979,3022.99711957447
2018-08-23,1626.1282628659949,2780.0152896143163
2018-08-24,1285.776872808251,2161.118741125554
2018-08-25,926.3850210078424,1462.941742434531
2018-08-26,1289.6299224785926,2148.6830870932195
2018-08-27,1952.0857503174093,3387.843753744959
2018-08-28,1975.1844125400355,3477.837731961058
2018-08-29,1965.6091924562184,3486.9754549020777
2018-08-30,1801.0574738651578,3219.720075468206
2018-08-31,1438.5037661862016,2577.2577052215142
2018-09-01,1058.2474297606393,1856.4400596995747
2018-09-02,1405.4429922315271,2520.7975287566164
2018-09-03,2053.4730793723584,3739.6559212996326
2018-09-04,2063.809974463749,3810.3783190109534
2018-09-05,2043.1125900900545,3801.150231053856
2018-09-06,1868.994476796002,3516.248316026549
2018-09-07,1498.293945190407,2856.6251855918276
2018-09-08,1111.130423105898,2118.868155065545
2018-09-09,1452.4446160715731,2766.229335867897
2018-09-10,2095.3821384972507,3967.759671298899
2018-09-11,2101.166252145225,4020.567700247894
2018-09-12,2076.2061087864404,3992.620610373355
2018-09-13,1897.8757375192415,3688.0272572307404
2018-09-14,1522.794484535737,3007.6351341756413
2018-09-15,1130.8926848884341,2247.9987063711637
2018-09-16,1466.9598298182507,2872.416144296836
2018-09-17,2104.034639153255,4050.06680301053
2018-09-18,2103.2824719938085,4078.2700889598655
2018-09-19,2071.106329863569,4025.283250120673
2018-09-20,1884.9266147912363,3695.5778579073685
2018-09-21,1501.4603387803486,2990.4271721318414
2018-09-22,1100.7781164935473,2205.857721910836
2018-09-23,1427.8638392935395,2806.684521491896
2018-09-24,2055.981589890058,3962.6188169344314
2018-09-25,2046.5504944169916,3971.5135119652314
2018-09-26,2006.2465308430424,3902.142446264531
2018-09-27,1812.7722757922745,3559.4583273351095
2018-09-28,1423.1256292084415,2845.162152247476
2018-09-29,1017.6517099403344,2056.642477212956
2018-09-30,1341.5756671964355,2657.9825763609324
2018-10-01,1968.3763507327453,3819.068869860216
2018-10-02,1959.6468406002764,3837.822290099644
2018-10-03,1922.1886739528013,3782.9711072832697
2018-10-04,1733.7755112586065,3459.3058936668835
2018-10-05,1351.4174959118095,2768.2496227529246
2018-10-06,955.4106590869131,2006.8013024355541
2018-10-07,1290.8692126383294,2638.5511032922814
2018-10-08,1931.1007065637414,3832.8001622250313
2018-10-09,1937.4700201393812,3886.806415949637
2018-10-10,1916.4989280351267,3868.5745663926773
2018-10-11,1745.6368259299386,3582.130345295167
2018-10-12,1381.5336552129045,2928.1114857539733
2018-10-13,1004.0991141922012,2202.7331524998904
2018-10-14,1358.0456925917465,2868.825106812987
2018-10-15,2016.2751678531827,4094.973084551465
2018-10-16,2039.7541730882256,4177.785046110154
2018-10-17,2034.6252088553747,4184.699733157297
2018-10-18,1877.837061721592,3915.079585970085
2018-10-19,1525.8815876449994,3273.4073661111565
2018-10-20,1158.4080751622878,2555.668812539511
2018-10-21,1519.9249763438258,3224.593221079544
2018-10-22,2183.1921244921778,4448.7967072237425
2018-10-23,2209.1001086221404,4525.046198592271
2018-10-24,2203.7830426980804,4521.061614135231
2018-10-25,2044.3998772861723,4240.795934798349
2018-10-26,1687.4149373079817,3585.025310516452
2018-10-27,1312.6615102669055,2850.3069031300643
2018-10-28,1664.8858606414612,3500.001904162705
2018-10-29,2317.131255649137,4703.39658178227
2018-10-30,2330.607669294067,4757.942595545611
2018-10-31,2311.7937033240314,4732.034781816483
2018-11-01,2138.20621385808,4430.266894877079
2018-11-02,1766.6686984164344,3753.998239187109
2018-11-03,1377.3626573311765,3000.289668706291
2018-11-04,1715.3597012466505,3632.9071296653906
2018-11-05,2353.9943800228425,4821.426276207881
2018-11-06,2354.7237717238977,4863.459988044317
2018-11-07,2324.220711978382,4827.427479487527
2018-11-08,2140.136452955226,4517.8058504847395
2018-11-09,1759.3640561428579,3835.6972465979643
2018-11-10,1362.0869229820503,3077.7701919556025
2018-11-11,1693.3103591422496,3707.273211257937
2018-11-12,2326.2362012219996,4893.154061012021
2018-11-13,2322.1265248741292,4932.3060448716915
2018-11-14,2287.403205362872,4892.359614157607
2018-11-15,2099.4190365202394,4576.959477602449
2018-11-16,1714.7313181526802,3886.3596896918957
2018-11-17,1313.1621857364923,3116.394448952938
2018-11-18,1639.3431516033738,3729.5218617122346
2018-11-19,2266.1035144711,4893.973077869991
2018-11-20,2254.3482366524127,4906.027350434986
2018-11-21,2210.1716374456546,4832.830310022071
2018-11-22,2010.642082749137,4477.694826004462
2018-11-23,1612.0883061241154,3740.7161048216167
2018-11-24,1194.1710562958956,2917.7580804593304
2018-11-25,1501.4372387796677,3471.507756912763
2018-11-26,2106.7158552180945,4570.629463789456
2018-11-27,2071.0010592271315,4512.039280347798
2018-11-28,2000.5684623369912,4363.716785082623
2018-11-29,1772.7597281707795,3929.9935374508327
2018-11-30,1344.2660263772,3112.1501476411286
2018-12-01,895.1940587597696,2207.3793619576986
2018-12-02,1170.6119245304328,2679.812355118945
2018-12-03,1743.9343073340222,3699.640867763889
2018-12-04,1676.7925576893235,3565.356250139996
2018-12-05,1576.1361283503607,3346.523481493912
2018-12-06,1320.0007853061816,2849.0305665095225
2018-12-07,865.7746005455751,1975.6462140894564
2018-12-08,394.2459117118201,1024.9443009279648
2018-12-09,651.1310129982369,1462.2933810880488
2018-12-10,1210.4415686359666,2459.2144053554975
2018-12-11,1134.337823551496,2314.7812253284173
2018-12-12,1030.2145605630083,2099.1777374338626
2018-12-13,776.4556733339572,1618.6579140608112
2018-12-14,330.6887710818769,776.0896960750847
2018-12-15,-126.17565201181469,-130.1277889858111
2018-12-16,151.5775613582996,364.9248557594642
2018-12-17,737.8328114404707,1431.7820090406744
2018-12-18,694.4973189716565,1368.8153073865071
2018-12-19,628.5906737666214,1245.0021449007897
2018-12-20,418.00617051145696,865.1810879168452
2018-12-21,19.775196557915024,130.62708731089924
2018-12-22,-385.88102788318133,-661.9953460796041
2018-12-23,-54.01462547626238,-49.603386561572734
2018-12-24,588.4306562824776,1136.4411762384107
2018-12-25,602.4918092231206,1192.5981463353328
2018-12-26,594.296056038175,1185.9617716008077
2018-12-27,440.842758625722,919.5597513024018
2018-12-28,98.28846121859897,292.9701246707232
2018-12-29,-253.98118279077244,-398.68690461225833
2018-12-30,128.20459062744112,306.31437745933135
2018-12-31,817.2010273925945,1575.4718759170303
2019-01-01,873.4358747000065,1704.345739406287
2019-01-02,902.5321101020575,1759.388657242585
2019-01-03,781.100316052147,1543.255462762645
2019-01-04,465.03114060969006,955.4235012214199
2019-01-05,133.57140015755567,291.1807480615021
2019-01-06,530.9142755654293,1013.3958908226866
2019-01-07,1229.4960685477727,2289.5150229715478
2019-01-08,1289.9785159193384,2415.980478960093
2019-01-09,1318.3292612152447,2460.3143864926624
2019-01-10,1191.602497913541,2226.3943252590107
2019-01-11,866.2172005265768,1615.0360191084446
2019-01-12,522.0169078614215,922.9411166845807
2019-01-13,903.8086123249793,1613.707917063554
2019-01-14,1584.740550645122,2856.938360270852
2019-01-15,1626.1647977791295,2950.463019079993
2019-01-16,1634.7314545164402,2963.1028091231547
2019-01-17,1488.150178275551,2699.9084165082054
2019-01-18,1143.4503732620144,2062.7108768799776
2019-01-19,781.0245080841588,1349.0422497468826
2019-01-20,1146.1525717072732,2023.124988198323
2019-01-21,1812.3678603049425,3254.96390115133
2019-01-22,1841.3103228573043,3342.5628391674213
2019-01-23,1839.8145017719407,3354.6850218646787
2019-01-24,1685.6679765359584,3096.098007894691
2019-01-25,1335.8716934444485,2468.1365442138635
2019-01-26,970.6866230167877,1767.6418482287552
2019-01-27,1335.164637056251,2457.9753510689716
2019-01-28,2002.523590217501,3708.1400624111607
2019-01-29,2034.012543606525,3815.030807659108
2019-01-30,2036.0138023491359,3846.2312573957083
2019-01-31,1885.8172474701878,3605.297662984274
2019-02-01,1539.8979111819488,2992.3614002252602
2019-02-02,1177.9804994564843,2303.107657158792
2019-02-03,1544.5886618118714,2999.8272320525543
2019-02-04,2212.4380050999384,4250.573388405949
2019-02-05,2242.3184779394733,4351.444025280582
2019-02-06,2240.212245060728,4369.406137332441
2019-02-07,2083.0820637293828,4107.601674961775
2019-02-08,1727.1606522264822,3465.9662487550177
2019-02-09,1352.02462764076,2740.2175889181503
2019-02-10,1702.1500944660015,3392.9103422393882
2019-02-11,2350.3091357144376,4592.589159926558
2019-02-12,2357.4525095408408,4636.060393530882
2019-02-13,2329.824705571654,4591.19968520586
2019-02-14,2144.746455370097,4262.2350507306255
2019-02-15,1758.8953583995747,3550.3375586822876
2019-02-16,1352.368456203599,2752.5773276987047
2019-02-17,1670.2241681161288,3332.942363687209
2019-02-18,2285.863238630191,4461.4532303565375
2019-02-19,2260.8944525328598,4436.394980395421
2019-02-20,2202.231766617453,4327.084781629513
2019-02-21,1987.8584737375822,3939.1159886969535
2019-02-22,1575.0895935032438,3174.911886560328
2019-02-23,1144.6168510719044,2332.647888507954
2019-02-24,1442.0341665002672,2877.240678321035
2019-02-25,2041.203779340235,3979.4381365488525
2019-02-26,2004.10919083799,3938.0321792252444
2019-02-27,1937.9419379032938,3822.6134781861574
2019-02-28,1720.8581091201945,3438.8091666356613
2019-03-01,1310.2360086923377,2688.8369202605727
2019-03-02,886.7194628323293,1870.43415844218
2019-03-03,1195.7447245407138,2447.860630557589
2019-03-04,1810.9110519285657,3591.00780888846
2019-03-05,1793.8410011149278,3597.6366252522444
2019-03-06,1751.2772226386533,3536.161771388412
2019-03-07,1560.8513683983017,3210.922782840721
2019-03-08,1179.35614628998,2522.77430123897
2019-03-09,786.8045836200989,1768.0531907889767
2019-03-10,1127.9739873050514,2409.6196492998088
2019-03-11,1775.7941703250303,3616.0046022440024
2019-03-12,1791.2254674033788,3683.683800475024
2019-03-13,1780.3728105036964,3679.8957778194526
2019-03-14,1620.2709682958161,3407.9429079849297
2019-03-15,1267.1715144320035,2767.8070881448625
2019-03-16,900.6151578499885,2055.1369958028254
2019-03-17,1264.9865524976294,2732.3034901988226
2019-03-18,1932.9108533261174,3967.555054364694
2019-03-19,1965.1373161099784,4057.2934949382425
2019-03-20,1967.6560697739346,4068.887046831876
2019-03-21,1817.4831112972336,3805.960308188705
2019-03-22,1470.9441231392902,3168.9929083970273
2019-03-23,1107.7408695411298,2454.284409564971
2019-03-24,1472.4974963891293,3124.9827284026337
2019-03-25,2138.1462866494157,4350.208831045342
2019-03-26,2165.798523172899,4427.298889451295
2019-03-27,2161.8470001656588,4424.5821042316475
2019-03-28,2003.735691814155,4146.634731698482
2019-03-29,1648.227668325223,3494.8433515683164
2019-03-30,1275.4555230363562,2766.335996648404
2019-03-31,1630.452144162474,3424.9795059258117
2019-04-01,2286.5218781296035,4640.476849106735
2019-04-02,2305.098202234585,4710.5864976193825
2019-04-03,2292.8348705107946,4703.882796913396
2019-04-04,2127.3664077202125,4424.998468595264
2019-04-05,1765.569340441974,3775.1826913840273
2019-04-06,1387.6086508091535,3051.233603653044
2019-04-07,1738.4674243675095,3716.5036113097112
2019-04-08,2391.319788507027,4940.011070618193
2019-04-09,2407.3932183057677,5018.680045614
2019-04-10,2393.0670433691885,5020.1265328692625
2019-04-11,2225.6428142301393,4747.931548475017
2019-04-12,1861.6176211787244,4102.233641905696
2019-04-13,1480.7444836515886,3378.698669470651
2019-04-14,1827.5773537481195,4039.564104498648
2019-04-15,2474.8603544388443,5252.790282516147
2019-04-16,2483.406819674201,5314.339079314859
2019-04-17,2459.214441676154,5290.997217463024
2019-04-18,2279.251652926765,4985.683438894452
2019-04-19,1899.7458179094938,4298.071025240111
2019-04-20,1500.2568638754137,3523.5825222315198
2019-04-21,1825.2334492199898,4124.453104967976
2019-04-22,2447.4109027368163,5268.894303826624
2019-04-23,2427.6961833893256,5253.378093345607
2019-04-24,2372.285928163723,5145.4582429940365
2019-04-25,2158.4525655726184,4749.068080291123
2019-04-26,1742.8290128254225,3965.1262743491366
2019-04-27,1305.4756245281606,3090.5078346924442
2019-04-28,1591.4266253826281,3589.077304742668
2019-04-29,2174.075486410428,4630.816602872248
2019-04-30,2115.0448070416523,4514.068417412126
2019-05-01,2021.2871617184178,4308.31310575577
2019-05-02,1770.852346993227,3819.4194171133286
2019-05-03,1321.1520605046146,2950.201902475203
2019-05-04,853.0062333218764,1999.3435132357515
2019-05-05,1112.168826493595,2432.3816894820393
2019-05-06,1672.6931377592268,3420.7916901780877
2019-05-07,1596.7827585567838,3264.1893123825184
2019-05-08,1491.8751922170359,3033.072096377464
2019-05-09,1236.3940800413607,2534.040356604899
2019-05-10,788.0015207381143,1670.3317665460315
2019-05-11,327.635088732691,740.7286829163604
2019-05-12,601.0276645442692,1210.536993370094
2019-05-13,1182.07033466637,2250.6705080826837
2019-05-14,1132.664614864042,2159.8630868017754
2019-05-15,1059.8110199444388,2007.4274168675224
2019-05-16,841.369836134282,1598.5013789036254
2019-05-17,434.32539007234857,834.6151135350278
2019-05-18,18.83813227205951,12.637164293737442
2019-05-19,339.7822718798825,595.7974969155971
2019-05-20,970.1287651328,1752.8202841461057
2019-05-21,970.8193899869359,1780.187399673876
2019-05-22,947.8783564748887,1744.950206095386
2019-05-23,778.196699043564,1450.0291964332694
2019-05-24,417.8201155680305,794.8332164906674
2019-05-25,46.023939618292616,74.25528601530004
2019-05-26,406.87236716438736,749.741527581182
2019-05-27,1072.6211573536866,1988.4649021218197
2019-05-28,1103.6090062872884,2085.623638029182
2019-05-29,1105.383574019099,2107.281044135885
2019-05-30,954.4970191859215,1855.6855578364825
2019-05-31,606.8014026805514,1229.9022526288265
2019-06-01,241.52744084764709,524.8125385667859
2019-06-02,602.8436264044382,1202.1785058195683
2019-06-03,1263.2549398576136,2429.803778238672
2019-06-04,1283.486459689428,2503.8111532728176
2019-06-06,1098.7653889002117,2196.4032844357407
2019-06-07,727.5578014193483,1519.3357322591662
2019-06-08,335.99734840495694,756.8920966707053
2019-06-09,669.0962366672001,1372.6920720946741
2019-06-10,1300.2326605701342,2536.4456947842014
2019-06-11,1291.0109084774183,2546.1806211146545
2019-06-12,1248.3525807004037,2471.0042371096715
2019-06-13,1050.2547211868127,2116.341557820199
2019-06-14,654.0462412703828,1384.4823517150583
2019-06-15,240.4271739276394,573.4964774971363
2019-06-16,554.9888463609437,1148.216118672517
2019-06-17,1171.5752454086696,2279.318938476913
2019-06-18,1152.1318887505918,2265.5344493899534
2019-06-19,1103.78932474659,2176.392713136062
2019-06-20,904.617255060381,1817.4566006233467
2019-06-21,511.8807470631043,1090.8711030412771
2019-06-22,106.08305761592828,294.28852286680376
2019-06-23,432.4930346318672,891.8678632497342
2019-06-24,1064.5171485882568,2053.381875179547
2019-06-25,1063.56215043383,2076.4533148106975
2019-06-26,1036.1350770855374,2029.3386283415805
2019-06-28,490.53531382712765,1037.6929834795926
2019-06-29,108.6369120067668,289.94277547598085
2019-06-30,458.4289328179942,935.5805086253515
2019-07-01,1112.5771838509252,2142.8975043387204
2019-07-02,1131.7892235358204,2208.1224168638773
2019-07-03,1121.9343663288216,2198.243501345859
2019-07-04,959.8347043844717,1916.3144442040875
2019-07-05,601.5575827570211,1262.0752164086466
2019-07-06,226.49304354088463,530.9448299058263
2019-07-07,578.9132508847547,1185.0825025420415
2019-07-08,1231.3730726563244,2392.549062007091
2019-07-09,1244.5970409331753,2449.58873974487
2019-07-10,1224.598761395501,2423.4484345576075
2019-07-11,1048.4677801629407,2117.673801435042
2019-07-12,672.6544835623378,1432.7139948803758
2019-07-13,277.0367792151901,664.8924887769167
2019-07-14,606.4658907251722,1277.4411755231822
2019-07-15,1234.1508397637267,2439.630405973755
2019-07-16,1221.527301785644,2449.0160606651543
2019-07-17,1175.3574218293313,2374.2217516602404
2019-07-18,973.496152905023,2020.1965805208545
2019-07-19,573.1552679463089,1288.7813706089873
2019-07-20,154.94937447999928,477.6418726334837
2019-07-21,464.4218338603607,1051.2671803538951
2019-07-22,1075.4107013524826,2180.06698077216
2019-07-23,1049.9008735797233,2162.5895941593126
2019-07-25,789.2404168382104,1702.7164074573789
2019-07-26,389.7395947524624,968.1661473140632
2019-07-27,-22.664760425226405,162.50731488087786
2019-07-28,297.56147308689447,750.2268630290332
2019-07-29,924.1251974371812,1901.5212980630827
2019-07-30,918.7624461755147,1914.5241764124494
2019-07-31,888.3310725629052,1858.0785073009201
2019-08-02,342.39449164014286,852.6257996321553
2019-08-03,-36.10337445855794,101.82093743145333
2019-08-04,319.94018020883027,747.9496652041057
2019-08-05,983.5179740079016,1960.0346836561453
2019-08-06,1015.6322430299566,2035.010868657089
2019-08-07,1022.4060868106708,2040.5291018312687
2019-08-08,880.8666353027297,1780.2443756110947
2019-08-09,547.2305658763581,1154.4200462094113
2019-08-10,200.9756555595111,458.9054959506875
2019-08-11,586.3955243361563,1156.1840513245509
2019-08-12,1275.996860169159,2414.5232811913306
2019-08-13,1330.3844313167835,2530.248066934315
2019-08-14,1355.3800063763667,2570.553707791101
2019-08-15,1227.8102071043966,2338.798540071025
2019-08-16,903.793852243648,1735.1079609923613
2019-08-17,562.8124906327712,1055.347279053043
2019-08-18,949.2613745087922,1762.1605333274008
2019-08-19,1635.8403367241847,3024.1078258623484
2019-08-20,1683.430122157884,3137.922086996552
2019-08-21,1698.2006017650288,3171.303154614523
2019-08-22,1557.3862556166043,2928.1893327766797
2019-08-23,1217.5598860698194,2309.339053132667
2019-08-24,858.6886913451851,1611.280816032253
2019-08-25,1225.6703981127519,2297.3293067823492
2019-08-26,1891.7093665751063,3536.700958634664
2019-08-27,1918.178656627871,3626.7505614828438
2019-08-28,1911.714897462565,3635.7474076100907
2019-08-29,1749.9817242644217,3368.131662911729
2019-08-30,1389.9330731666885,2725.0840077227185
2019-08-31,1011.8607380671873,2003.467030572132
2019-09-01,1360.924097241533,2666.8364546362704
2019-09-02,2010.5220630761432,3884.5555265182525
2019-09-03,2022.1533107713242,3954.034098428254
2019-09-04,2002.5116220113152,3943.510705159333
2019-09-05,1829.252028665987,3657.3180204710698
2019-09-06,1459.2589003634218,2996.4643308504624
2019-09-07,1072.7001690884315,2257.589016252319
2019-09-08,1414.5653326355225,2903.989553741216
2019-09-09,2058.04697763677,4104.752759335057
2019-09-10,2064.411529318897,4157.011155235886
2019-09-11,2040.1056906998047,4128.742112283224
2019-09-12,1862.5338705342574,3824.049514918555
2019-09-13,1488.337357969711,3143.759984765562
2019-09-14,1097.4590633630855,2384.391106051965
2019-09-15,1434.6911172915616,3009.188695910625
2019-09-16,2073.0647535385638,4187.265451062218
2019-09-17,2073.727912777495,4215.861575793233
2019-09-18,2043.056812068673,4163.144869639849
2019-09-19,1858.436621123788,3833.4899668047424
2019-09-20,1476.5419088365923,3128.068826085588
2019-09-21,1077.4006514687048,2343.8100928983135
2019-09-22,1405.939133259628,2944.4246644128493
2019-09-23,2035.3672690945402,4099.530177352551
2019-09-24,2027.0499511361124,4106.8954985285045
2019-09-25,1987.6108853436208,4035.2232430091476
2019-09-26,1794.7043278799854,3689.410611719662
2019-09-27,1405.2856931945755,2971.121280292383
2019-09-28,999.6651626048713,2177.726606127795
2019-09-29,1323.0419796544927,2773.3141208462807
2019-09-30,1948.8793238858996,3927.7966333883705
2019-10-01,1938.765721714566,3939.143578821342
2019-10-02,1899.5098002674802,3876.153123161016
2019-10-03,1708.9041063332397,3543.705715368164
2019-10-04,1323.989236441508,2843.332117776469
2019-10-05,925.1026343367436,2072.1543707673513
2019-10-06,1257.4099153992313,2693.897730039076
2019-10-07,1894.278723117237,3878.0068518604426
2019-10-08,1897.1411262021052,3921.8876910258523
2019-10-09,1872.5913468206759,3893.6933354337693
2019-10-10,1698.1544618259222,3597.5940743739347
2019-10-11,1330.5571802141822,2934.364241672699
2019-10-12,949.7848522248044,2200.3437184229283
2019-10-13,1300.6223170292772,2858.471499327123
2019-10-14,1956.038297601606,4077.4239202239305
2019-10-15,1977.059020398327,4153.878311824028
2019-10-16,1969.8774953372929,4155.319604286595
2019-10-17,1811.633730180369,3885.329503287724
2019-10-18,1458.696613789516,3244.190147338429
2019-10-19,1090.7312656337026,2527.8595653633975
2019-10-20,1452.2491227541807,3199.01585757584
2019-10-21,2116.00017009144,4426.202317176595
2019-10-22,2142.8527321483134,4506.093992430875
2019-10-23,2138.907053231894,4506.303072406007
2019-10-24,1981.2777906794663,4230.662706189203
2019-10-25,1626.3760693738718,3579.8212867075454
2019-10-26,1253.9748756079248,2850.204769813719
2019-10-27,1608.7551100160204,3505.044327118622
2019-10-28,2263.69182088605,4713.502039273221
2019-10-29,2279.9262149014166,4772.915718050464
2019-10-30,2263.8699101570237,4751.580911733158
2019-10-31,2092.9768450100346,4454.0104373750055
2019-11-01,1724.0138229504892,3781.5042448712657
2019-11-02,1337.1138361639964,3031.0879738463514
2019-11-03,1677.309873576953,3666.518284027564
2019-11-04,2317.909130291898,4857.388415281036
2019-11-05,2320.3536081676357,4901.355758399048
2019-11-06,2291.31394993638,4866.910104883142
2019-11-07,2108.4522706275843,4558.6234333804805
2019-11-08,1728.685278266385,3877.714434969543
2019-11-09,1332.2320895702646,3120.986404339812
2019-11-10,1664.144652044381,3751.8367021325867
2019-11-11,2297.6808304706165,4939.371221635948
2019-11-12,2294.1662189961544,4980.645468735697
2019-11-13,2260.09151992823,4943.450604724903
2019-11-14,2072.8811782038624,4631.5848519974215
2019-11-15,1689.1644165754997,3945.442879840357
2019-11-16,1288.8328618218384,3180.9811007427215
2019-11-17,1616.5823952696173,3800.756293544556
2019-11-18,2245.2989525746198,4973.070127754729
2019-11-19,2235.9339554801345,4994.240293892421
2019-11-20,2194.615803735148,4931.415666729904
2019-11-21,1998.4326809676368,4587.874987508477
2019-11-22,1603.7173750723643,3863.6408046403267
2019-11-23,1190.1178630429376,3054.465788706757
2019-11-24,1502.1508706671589,3622.8881118683994
2019-11-25,2112.597739738112,4737.38785126082
2019-11-26,2082.387935938401,4694.6646377833995
2019-11-27,2017.7163300531215,4562.453641761505
2019-11-28,1795.829274172246,4144.819205991202
2019-11-29,1373.3100127343998,3342.7578580273953
2019-11-30,930.1470947148845,2453.167980419397
2019-12-01,1211.2829943910845,2939.883160364361
2019-12-02,1790.0023521990495,3972.801671130565
2019-12-03,1727.8053282770895,3850.132948908021
2019-12-04,1631.5124377349869,3641.1789318938186
2019-12-05,1379.0361967260533,3151.59046012213
2019-12-06,927.6504894763117,2283.9314445010364
2019-12-07,458.0417457525733,1336.609122190746
2019-12-08,715.8396005817582,1774.8684911393868
2019-12-09,1274.9869402539523,2769.884450121318
2019-12-10,1197.5953339880264,2620.9735541310797
2019-12-11,1091.032726747028,2398.3442400666136
2019-12-12,833.6792138255626,1908.3266226398964
2019-12-13,383.1822696603148,1053.91535714467
2019-12-14,-79.50406023631422,133.6845375316093
2019-12-15,191.40203167444406,612.7732172727947
2019-12-16,769.8735067319775,1661.9754018452977
2019-12-17,717.9262943287371,1579.956562172801
2019-12-18,642.706543882767,1436.0154748476625
2019-12-19,422.2491877065131,1035.3322511455622
2019-12-20,13.739150244372695,279.53562962488013
2019-12-21,-402.44041350563907,-534.3520944347661
2019-12-22,-81.17502686990247,57.105331387323986
2019-12-23,550.758960881157,1222.8869454442922
2019-12-24,554.5628433992043,1259.7728728922693
2019-12-25,536.5212282190589,1235.1498122356381
2019-12-26,373.78030175863955,952.303420476471
2019-12-27,22.629504442058533,311.02949783161284
2019-12-28,-337.4295444506379,-393.37882085387537
2019-12-29,37.870399516785255,300.92884044410766
2019-12-30,720.959537408981,1561.5246243955526
2019-12-31,772.3175762537163,1683.9916765627981
2020-01-01,797.595596412512,1734.754982906497
2020-01-02,673.4081944695598,1516.3928506687018
2020-01-03,355.62634652447764,928.2604340955093
2020-01-04,23.454534279606605,265.48219853280625
2020-01-05,420.98919090619233,990.0099127300941
2020-01-06,1120.6177044030042,2269.7781532801864
2020-01-07,1182.9032775196595,2400.9776899511658
2020-01-08,1213.7018042813716,2450.86410855152
2020-01-09,1089.9458723576552,2223.0413559800268
2020-01-10,767.9265755359539,1618.0524097870336
2020-01-11,427.3569989906208,932.3349025776954
2020-01-12,812.9148265107336,1629.2393374677526
2020-01-13,1497.6237601865546,2878.1430046666055
2020-01-14,1542.7195524068184,2976.681142493499
2020-01-15,1554.7473444356485,2993.5138886271097
2020-01-16,1411.325973465446,2733.569876655558
2020-01-17,1069.410487657553,2098.5997985971153
2020-01-18,709.3372738500259,1386.098798211468
2020-01-19,1076.3497604080749,2060.296252660418
2020-01-20,1743.964855711763,3291.2468346514884
2020-01-21,1773.826335387002,3377.045018902357
2020-01-22,1772.7922173710654,3386.5820202969567
2020-01-23,1618.6920532850686,3124.7862689229037
2020-01-24,1268.5855564717622,2493.180794461065
2020-01-25,902.8070614260957,1788.816236943574
2020-01-26,1266.4937739661625,2475.2776985901687
2020-01-27,1932.9578766032037,3721.798801056996
2020-01-28,1963.5485161826743,3825.504414504248
2020-01-29,1964.750442584622,3854.2001993976905
2020-01-30,1813.9548801163924,3611.6490948553355
2020-01-31,1467.7336390645826,2998.167058391721
2020-02-01,1105.9004950869532,2309.5956407725143
2020-02-02,1473.0572884111161,3008.348444804127
2020-02-03,2141.9842742171377,4262.563667316985
2020-02-04,2173.5202083015397,4368.383060669644
2020-02-05,2173.6783994475045,4392.77439168515
2020-02-06,2019.4337943171188,4138.836567166167
2020-02-07,1667.0116227792173,3506.4188918599752
2020-02-08,1295.9612021879855,2791.1113538484756
2020-02-09,1650.7119860346195,3455.302467157583
2020-02-10,2303.971095183199,4667.336536697385
2020-02-11,2316.607604257184,4723.790541787053
2020-02-12,2294.7696908480816,4692.287774213127
2020-02-13,2115.6696808065444,4376.787654135713
2020-02-14,1735.86757693632,3678.1836323463704
2020-02-15,1335.336819119836,2893.2666919362423
2020-02-16,1659.0095963532267,3485.7517544570956
2020-02-17,2280.161262476939,4625.399765435797
2020-02-18,2260.2795109688,4610.256673098519
2020-02-19,2206.16485711696,4509.427531840705
2020-02-20,1995.6979463779198,4128.3262954232305
2020-02-21,1586.104792335744,3369.23436271699
2020-02-22,1158.0042237745245,2530.2265223730365
2020-02-23,1456.9353925950625,3076.162680752288
2020-02-24,2056.725409840309,4177.779141789324
2020-02-25,2019.3432497516287,4133.901531984
2020-02-26,1951.9869097157634,4014.1983415202785
2020-02-27,1732.8397265679453,3624.4162245252496
2020-02-28,1319.3272653938052,2866.930521293128
2020-02-29,892.1592950848831,2039.6698593427013
2020-03-01,1196.8548523595878,2607.113232651749
2020-03-02,1807.1105226310701,3739.393147342124
2020-03-03,1784.6580481054993,3734.526556419599
2020-03-04,1736.35813212033,3661.1920054475804
2020-03-05,1539.966135439061,3323.993420363597
2020-03-06,1152.4007965403323,2624.0431475063438
2020-03-07,753.8001350677009,1857.9221339435971
2020-03-08,1089.0621248671443,2488.7145915891024
2020-03-09,1731.2298019242282,3685.149621680895
2020-03-10,1741.366420569144,3743.8703876178593
2020-03-11,1725.6670107940595,3732.2481340465542
2020-03-12,1561.241512576068,3453.6804035570985
2020-03-13,1204.4001110486001,2808.205056974871
2020-03-14,834.7244503877196,2091.487087091642
2020-03-15,1196.6218726185098,2765.874803336388
2020-03-16,1862.7219605985724,3999.557253032105
2020-03-17,1893.7606780540023,4088.8430294560158
2020-03-18,1895.698214036668,4100.977512985178
2020-03-19,1745.5055444490135,3839.437838755208
2020-03-20,1399.4502582019193,3204.537334327599
2020-03-21,1037.165338658395,2492.3967460385757
2020-03-22,1403.1981480092368,3165.9793421712243
2020-03-23,2070.3990805182816,4394.222435488491
2020-03-24,2099.795444005635,4474.286298956695
2020-03-25,2097.697014793901,4474.338466190526
2020-03-26,1941.4686779202643,4198.813749167556
2020-03-27,1587.8011484043132,3548.9828184828625
2020-03-28,1216.7639479250383,2821.887796319747
2020-03-29,1573.338389041308,3481.3430775814113
2020-03-30,2230.7905428477534,4697.0350109388555
2020-03-31,2250.53024928802,4766.742431793919
2020-04-01,2239.203089912815,4759.096955021523
2020-04-02,2074.4511696129207,4478.8241465078445
2020-04-03,1713.1740846760767,3827.2990511622997
2020-04-04,1335.5745681519113,3101.4749862021354
2020-04-05,1686.6868064940277,3764.884085282237
2020-04-06,2339.747562826884,4986.743297793403
2020-04-07,2356.056237876486,5064.187706801522
2020-04-08,2342.0707701849374,5065.049746850709
2020-04-09,2175.175113857934,4793.124923812497
2020-04-10,1811.9494759491542,4148.756822077525
2020-04-11,1432.2275275620048,3427.799458985365
2020-04-12,1780.6382321213232,4092.654490863073
2020-04-13,2429.992012264289,5311.4158896269455
2020-04-14,2441.1569212359354,5380.142795148187
2020-04-15,2420.171217810989,5365.6779271522155
2020-04-16,2244.0275578974524,5070.95095718602
2020-04-17,1868.9594530591994,4395.5984554524575
2020-04-18,1474.5136874340446,3634.957367742174
2020-04-19,1805.1058389247353,4251.1285208374275
2020-04-20,2433.418168874353,5412.141898515356
2020-04-21,2420.2851431486447,5414.243672156517
2020-04-22,2371.8126476124826,5324.721826720759
2020-04-23,2165.165852679123,4947.209435111531
2020-04-24,1756.856204643701,4182.297055468553
2020-04-25,1326.8111546893936,3326.5112796055973
2020-04-26,1619.9237860262458,3843.3562169412853
2020-04-27,2209.4417136117554,4902.450148695763
2020-04-28,2156.8407229774384,4801.778023452114
2020-04-29,2068.929502918987,4610.477498250326
2020-04-30,1823.6207991382012,4134.098595209739
2020-05-01,1378.1999092451706,3275.1695907302724
2020-05-02,913.3746309174833,2332.1274025247135
2020-05-03,1174.8043687125316,2770.310556102985
2020-05-04,1736.4683476108592,3761.0482866606735
2020-05-05,1660.5189858930712,3603.8677559956673
2020-05-06,1554.3673635835326,3369.238347275009
2020-05-07,1296.4366737440155,2863.7942810998475
2020-05-08,844.4150995856558,1990.8692247567196
2020-05-09,379.29269876431806,1049.4020659233051
2020-05-10,646.8804030666329,1504.9126636242806
2020-05-11,1221.1714053056003,2528.581667346884
2020-05-12,1164.1912209617656,2419.456706874739
2020-05-13,1083.0834994799638,2247.2040164721784
2020-05-14,855.8675103051858,1817.3466118424064
2020-05-15,439.6986816825852,1031.8223432723219
2020-05-16,14.916607012489067,187.9204330602256
2020-05-17,326.5783627563359,749.294546831883
2020-05-18,947.8370546943106,1885.0855468384443
2020-05-19,939.8114436149315,1892.1751326003434
2020-05-20,908.6932192384379,1837.988210665672
2020-05-21,731.5272855725951,1525.7837986928698
2020-05-22,364.49583335801117,855.26641818453
2020-05-23,-13.010011660993541,121.57519661105516
2020-05-24,343.16624690030847,786.3473605742643
2020-05-25,1005.3469947050182,2016.8879569902801
2020-05-26,1033.910366800546,2108.4657889366636
2020-05-27,1034.415470753184,2127.1523151561983
2020-05-28,883.3978492287736,1875.1423807133035
2020-05-29,536.6655453823066,1251.387976391333
2020-05-30,173.37923343329794,550.6016917266165
2020-05-31,537.6133949339973,1234.326203348671
2020-06-01,1201.757707154217,2470.101520016321
2020-06-02,1226.4038786092726,2553.7500826865753
2020-06-03,1217.464036181135,2552.1968033861376
2020-06-04,1051.9557274882193,2268.763458728133
2020-06-05,686.2841882372893,1603.7693816304475
2020-06-06,300.3057145636236,853.4960385992517
2020-06-07,638.8695793004781,1481.2129072693083
2020-06-08,1275.198185137051,2656.2975691945994
2020-06-09,1270.7512696472456,2676.4713971174956
2020-06-10,1232.3208839476497,2610.5692532959924
2020-06-11,1037.7928461109375,2263.7839626862997
2020-06-12,644.4059589730488,1538.2188306553169
2020-06-13,232.79345695906636,731.8070607966752
2020-06-14,548.5047128303537,1309.2966634122615
2020-06-15,1165.3674402979816,2441.334821710946
2020-06-16,1145.33668641979,2426.673995078094
2020-06-17,1095.5777374429667,2334.918900956912
2020-06-18,894.2189528608318,1971.7556699387424
2020-06-19,498.606034495941,1239.4967678406115
2020-06-20,89.3423099987117,436.0006502406354
2020-06-21,411.813071241525,1025.664634699554
2020-06-22,1039.5541080413132,2178.524642009559
2020-06-23,1034.1105335115994,2192.4835702645546
2020-06-24,1002.1327309670141,2136.086744199906
2020-06-25,821.1450557843038,1813.7848727165203
2020-06-26,447.81834110694035,1126.5171097097443
2020-06-27,62.03026539335042,370.67207706358204
2020-06-28,408.4110522373097,1009.124152241041
2020-06-29,1059.7340404481624,2210.3774467025337
2020-06-30,1076.7966027165498,2270.838005830514
2020-07-01,1065.537626722361,2257.6314662528075
2020-07-02,902.8265951447169,1973.9054568245
2020-07-03,544.7547522271784,1319.4482829153985
2020-07-04,170.71190488731463,589.6808170167801
2020-07-05,524.9458840350063,1246.7181066939552
2020-07-06,1179.9638366182664,2458.532499537986
2020-07-07,1196.4205464279069,2521.238369674679
2020-07-08,1180.2398116392724,2501.9154262107268
2020-07-09,1008.4038288683755,2203.9098300548103
2020-07-10,637.2410854940332,1527.4447934433379
2020-07-11,246.4964222324004,768.5979084024611
2020-07-12,580.8805015413653,1390.3422151516752
2020-07-13,1213.4581516877442,2561.6834704692233
2020-07-14,1205.5211641484295,2579.914500461223
2020-07-15,1163.6920210569178,2513.404533020322
2020-07-16,965.6940071426689,2166.8637387909694
2020-07-17,568.6187539335114,1441.9157152373027
2020-07-18,152.9754498188447,636.0362471375865
2020-07-19,464.2195325977185,1213.5564374030214
2020-07-20,1076.120908148695,2344.7637157273775
2020-07-21,1050.6178236844503,2328.1225928834965
2020-07-22,994.9033844223134,2233.0339475035344
2020-07-23,787.1806277317188,1865.0738503025145
2020-07-24,384.9175970140793,1126.545300412203
2020-07-25,-31.113032204053525,315.40169506453685
2020-07-26,284.6882776560742,896.2404507006979
2020-07-27,906.1129489522347,2039.4004368870962
2020-07-28,894.9982852108187,2043.1850726983794
2020-07-29,858.317389036639,1976.6296857921816
2020-07-30,673.9407833704857,1644.7537922579038
2020-07-31,298.9009596148933,949.1311776390858
2020-08-01,-86.55589293521689,186.83597567635388
2020-08-02,262.56670725613503,821.4624281999036
2020-08-03,919.3967555757808,2022.2511664751182
2020-08-04,945.0653184879554,2086.342981531194
2020-08-05,945.8148701061436,2081.5777679266616
2020-08-06,798.7796686713143,1811.7783766138177
2020-08-07,460.26887348400635,1177.3513561101342
2020-08-08,109.83614683501287,474.2619244100579
2020-08-09,491.83294229341766,1165.0800726326238
2020-08-10,1178.8048005400556,2418.1299517937
2020-08-11,1231.3759731686607,2529.7629335355955
2020-08-12,1255.3684939236377,2567.1715798490914
2020-08-13,1127.5907058097068,2333.6839462804983
2020-08-14,804.1257708821606,1729.3700315162994
2020-08-15,464.4038157871696,1050.017696425139
2020-08-16,852.7549066569552,1758.17507884133
