time,emails_exchanged
2015-03-23,465861.0
2015-03-24,478846.0
2015-03-25,472997.0
2015-03-26,455613.0
2015-03-27,392365.0
2015-03-28,216356.0
2015-03-29,238958.0
2015-03-30,474163.0
2015-03-31,485124.0
2015-04-01,477374.0
2015-04-02,458246.0
2015-04-03,393634.0
2015-04-04,217014.0
2015-04-05,238326.0
2015-04-06,471529.0
2015-04-07,481865.0
2015-04-08,473900.0
2015-04-09,454925.0
2015-04-10,390977.0
2015-04-11,215813.0
2015-04-12,237855.0
2015-04-13,470938.0
2015-04-14,482305.0
2015-04-15,475479.0
2015-04-16,457639.0
2015-04-17,394904.0
2015-04-18,221272.0
2015-04-19,243618.0
2015-04-20,475639.0
2015-04-21,486588.0
2015-04-22,478967.0
2015-04-23,459884.0
2015-04-24,395600.0
2015-04-25,220425.0
2015-04-26,239769.0
2015-04-27,467289.0
2015-04-28,474351.0
2015-04-29,462543.0
2015-04-30,439012.0
2015-05-01,370267.0
2015-05-02,191029.0
2015-05-03,205344.0
2015-05-04,426908.0
2015-05-05,429268.0
2015-05-06,413150.0
2015-05-07,385776.0
2015-05-08,313917.0
2015-05-09,132702.0
2015-05-10,144781.0
2015-05-11,363848.0
2015-05-12,365564.0
2015-05-13,349713.0
2015-05-14,323491.0
2015-05-15,253820.0
2015-05-16,76118.0
2015-05-17,91511.0
2015-05-18,313558.0
2015-05-19,319905.0
2015-05-20,309264.0
2015-05-21,288687.0
2015-05-22,225139.0
2015-05-23,54228.0
2015-05-24,75481.0
2015-05-25,302258.0
2015-05-26,314151.0
2015-05-27,308782.0
2015-05-28,293061.0
2015-05-29,234022.0
2015-05-30,67511.0
2015-05-31,91518.0
2015-06-01,319295.0
2015-06-02,332478.0
2015-06-03,327713.0
2015-06-04,311893.0
2015-06-05,252250.0
2015-06-06,85001.0
2015-06-07,106735.0
2015-06-08,330721.0
2015-06-09,340760.0
2015-06-10,332632.0
2015-06-11,313307.0
2015-06-12,250294.0
2015-06-13,80242.0
2015-06-14,98378.0
2015-06-15,318003.0
2015-06-16,325086.0
2015-06-17,314513.0
2015-06-18,293288.0
2015-06-19,229134.0
2015-06-20,59052.0
2015-06-21,76811.0
2015-06-22,295644.0
2015-06-23,303567.0
2015-06-24,294458.0
2015-06-25,275235.0
2015-06-26,213717.0
2015-06-27,47142.0
2015-06-28,67722.0
2015-06-29,288529.0
2015-06-30,299549.0
2015-07-01,293634.0
2015-07-02,277527.0
2015-07-03,219102.0
2015-07-04,55784.0
2015-07-05,78398.0
2015-07-06,299981.0
2015-07-07,312231.0
2015-07-08,307087.0
2015-07-09,291292.0
2015-07-10,232860.0
2015-07-11,69493.0
2015-07-12,90867.0
2015-07-13,310015.0
2015-07-14,320375.0
2015-07-15,313177.0
2015-07-16,295221.0
2015-07-17,234745.0
2015-07-18,69801.0
2015-07-19,88968.0
2015-07-20,305318.0
2015-07-21,314045.0
2015-07-22,305669.0
2015-07-24,226553.0
2015-07-25,62581.0
2015-07-26,82528.0
2015-07-27,299415.0
2015-07-28,310097.0
2015-07-29,304281.0
2015-07-30,288735.0
2015-07-31,231952.0
2015-08-01,72461.0
2015-08-02,96400.0
2015-08-03,316643.0
2015-08-04,331615.0
2015-08-05,330133.0
2015-08-06,318833.0
2015-08-07,266237.0
2015-08-08,111032.0
2015-08-09,138078.0
2015-08-10,360112.0
2015-08-11,377168.0
2015-08-12,377223.0
2015-08-13,366850.0
2015-08-14,314681.0
2015-08-15,159661.0
2015-08-16,185473.0
2015-08-17,404833.0
2015-08-18,419493.0
2015-08-19,416709.0
2015-08-20,403142.0
2015-08-21,347590.0
2015-08-22,189314.0
2015-08-23,210991.0
2015-08-24,425443.0
2015-08-25,436014.0
2015-08-26,429341.0
2015-08-27,412106.0
2015-08-28,353342.0
2015-08-29,192596.0
2015-08-30,211612.0
2015-08-31,423213.0
2015-09-01,432162.0
2015-09-02,424454.0
2015-09-03,406746.0
2015-09-04,348162.0
2015-09-05,188426.0
2015-09-06,208246.0
2015-09-07,420340.0
2015-09-08,430789.0
2015-09-09,424857.0
2015-09-10,409097.0
2015-09-11,352654.0
2015-09-12,195381.0
2015-09-13,216913.0
2015-09-14,429842.0
2015-09-15,441573.0
2015-09-16,436657.0
2015-09-17,421573.0
2015-09-18,365541.0
2015-09-19,208609.0
2015-09-20,229413.0
2015-09-21,440513.0
2015-09-22,450725.0
2015-09-23,443985.0
2015-09-24,426800.0
2015-09-25,368562.0
2015-09-26,209599.0
2015-09-27,227638.0
2015-09-28,435273.0
2015-09-29,442793.0
2015-09-30,433563.0
2015-10-01,414147.0
2015-10-02,354118.0
2015-10-03,194079.0
2015-10-04,210824.0
2015-10-05,416940.0
2015-10-06,424136.0
2015-10-07,415136.0
2015-10-08,396576.0
2015-10-09,337993.0
2015-10-10,180102.0
2015-10-11,198856.0
2015-10-12,406887.0
2015-10-13,416792.0
2015-10-14,410732.0
2015-10-15,395140.0
2015-10-16,339626.0
2015-10-17,184928.0
2015-10-18,206398.0
2015-10-19,416562.0
2015-10-20,428664.0
2015-10-21,424457.0
2015-10-22,410309.0
2015-10-23,355845.0
2015-10-24,201884.0
2015-10-25,223256.0
2015-10-26,432464.0
2015-10-27,443494.0
2015-10-28,437798.0
2015-10-29,421779.0
2015-10-30,365182.0
2015-10-31,209011.0
2015-11-01,227661.0
2015-11-02,433704.0
2015-11-03,441937.0
2015-11-04,433566.0
2015-11-05,415070.0
2015-11-06,356338.0
2015-11-07,198558.0
2015-11-08,215678.0
2015-11-09,420297.0
2015-11-10,427973.0
2015-11-11,419590.0
2015-11-12,401622.0
2015-11-13,343996.0
2015-11-14,187979.0
2015-11-15,206956.0
2015-11-16,413433.0
2015-11-17,423610.0
2015-11-18,417939.0
2015-11-19,402777.0
2015-11-20,347997.0
2015-11-21,194865.0
2015-11-22,216133.0
2015-11-23,424174.0
2015-11-24,435805.0
2015-11-25,431042.0
2015-11-26,416148.0
2015-11-27,361100.0
2015-11-28,207013.0
2015-11-29,226264.0
2015-11-30,431373.0
2015-12-01,439467.0
2015-12-02,430415.0
2015-12-03,410527.0
2015-12-04,349718.0
2015-12-05,189324.0
2015-12-06,201927.0
2015-12-07,400190.0
2015-12-08,401260.0
2015-12-09,385223.0
2015-12-10,358550.0
2015-12-11,291312.0
2015-12-12,124982.0
2015-12-13,132385.0
2015-12-14,326327.0
2015-12-15,323960.0
2015-12-16,305535.0
2015-12-17,277614.0
2015-12-18,210321.0
2015-12-19,45150.0
2015-12-20,55026.0
2015-12-21,252745.0
2015-12-22,255292.0
2015-12-23,242909.0
2015-12-24,222066.0
2015-12-25,162761.0
2015-12-26,6333.0
2015-12-27,25642.0
2015-12-28,233319.0
2015-12-29,246049.0
2015-12-30,243949.0
2015-12-31,233308.0
2016-01-01,183932.0
2016-01-02,36966.0
2016-01-03,65194.0
2016-01-04,281104.0
2016-01-05,301126.0
2016-01-06,305322.0
2016-01-07,299898.0
2016-01-08,254586.0
2016-01-09,110474.0
2016-01-10,140425.0
2016-01-11,356943.0
2016-01-12,376372.0
2016-01-13,378899.0
2016-01-14,370811.0
2016-01-15,321934.0
2016-01-16,173456.0
2016-01-17,198456.0
2016-01-18,409583.0
2016-01-19,423200.0
2016-01-20,419696.0
2016-01-21,405505.0
2016-01-22,350579.0
2016-01-23,196215.0
2016-01-24,215695.0
2016-01-25,421773.0
2016-01-26,430774.0
2016-01-27,423209.0
2016-01-28,405561.0
2016-01-29,347801.0
2016-01-30,191212.0
2016-01-31,209155.0
2016-02-01,414358.0
2016-02-02,422976.0
2016-02-03,415520.0
2016-02-04,398405.0
2016-02-05,341511.0
2016-02-06,186017.0
2016-02-07,205284.0
2016-02-08,411955.0
2016-02-09,421974.0
2016-02-10,415832.0
2016-02-11,399869.0
2016-02-12,343895.0
2016-02-13,189019.0
2016-02-14,208650.0
2016-02-15,415412.0
2016-02-16,425115.0
2016-02-17,418311.0
2016-02-18,401362.0
2016-02-19,344099.0
2016-02-20,187654.0
2016-02-21,205577.0
2016-02-22,410556.0
2016-02-23,418343.0
2016-02-24,409618.0
2016-02-25,390815.0
2016-02-26,331823.0
2016-02-27,173821.0
2016-02-28,190505.0
2016-02-29,394619.0
2016-03-01,401831.0
2016-03-02,392910.0
2016-03-03,374310.0
2016-03-04,315917.0
2016-03-05,158881.0
2016-03-06,176968.0
2016-03-07,382896.0
2016-03-08,392164.0
2016-03-09,385549.0
2016-03-10,369448.0
2016-03-11,313671.0
2016-03-12,159280.0
2016-03-13,180060.0
2016-03-14,388660.0
2016-03-15,400392.0
2016-03-16,396027.0
2016-03-17,381908.0
2016-03-18,327789.0
2016-03-19,174679.0
2016-03-20,196423.0
2016-03-21,405662.0
2016-03-22,417581.0
2016-03-23,413020.0
2016-03-24,398347.0
2016-03-25,343339.0
2016-03-26,189026.0
2016-03-27,209394.0
2016-03-28,417143.0
2016-03-29,427396.0
2016-03-30,421113.0
2016-03-31,404727.0
2016-04-01,348066.0
2016-04-02,192198.0
2016-04-03,211247.0
2016-04-04,417957.0
2016-04-05,427361.0
2016-04-06,420498.0
2016-04-07,403814.0
2016-04-08,347122.0
2016-04-09,191458.0
2016-04-10,211007.0
2016-04-11,418482.0
2016-04-12,428740.0
2016-04-13,422825.0
2016-04-14,407121.0
2016-04-15,351366.0
2016-04-16,196504.0
2016-04-17,216739.0
2016-04-18,424721.0
2016-04-19,435120.0
2016-04-20,428982.0
2016-04-21,412644.0
2016-04-22,355800.0
2016-04-23,199351.0
2016-04-24,217580.0
2016-04-25,423142.0
2016-04-26,430607.0
2016-04-27,421109.0
2016-04-28,401040.0
2016-04-29,340142.0
2016-04-30,179374.0
2016-05-01,193188.0
2016-05-02,394338.0
2016-05-03,397365.0
2016-05-04,383566.0
2016-05-05,359433.0
2016-05-06,294799.0
2016-05-07,130697.0
2016-05-08,141755.0
2016-05-09,340805.0
2016-05-10,342328.0
2016-05-11,327727.0
2016-05-12,303529.0
2016-05-13,239573.0
2016-05-14,76869.0
2016-05-15,90113.0
2016-05-16,292104.0
2016-05-17,297142.0
2016-05-18,286617.0
2016-05-19,266974.0
2016-05-20,207944.0
2016-05-21,50413.0
2016-05-22,69051.0
2016-05-23,276544.0
2016-05-24,286952.0
2016-05-25,281608.0
2016-05-26,266848.0
2016-05-27,212291.0
2016-05-28,58715.0
2016-05-29,80799.0
2016-05-30,291172.0
2016-05-31,303723.0
2016-06-01,299814.0
2016-06-02,285775.0
2016-06-03,231225.0
2016-06-04,76948.0
2016-06-05,97756.0
2016-06-06,306343.0
2016-06-07,316547.0
2016-06-08,309876.0
2016-06-09,292755.0
2016-06-10,234897.0
2016-06-11,77172.0
2016-06-12,94589.0
2016-06-13,299958.0
2016-06-14,307073.0
2016-06-15,297598.0
2016-06-16,278040.0
2016-06-17,218164.0
2016-06-18,58863.0
2016-06-19,75314.0
2016-06-20,280355.0
2016-06-21,287606.0
2016-06-22,278803.0
2016-06-23,260426.0
2016-06-24,202184.0
2016-06-25,44884.0
2016-06-26,63760.0
2016-06-27,271576.0
2016-06-28,281693.0
2016-06-29,275837.0
2016-06-30,260401.0
2016-07-01,204991.0
2016-07-02,50301.0
2016-07-03,71612.0
2016-07-04,281625.0
2016-07-05,293466.0
2016-07-07,274292.0
2016-07-08,219218.0
2016-07-09,64349.0
2016-07-10,85107.0
2016-07-11,294231.0
2016-07-12,304717.0
2016-07-13,298471.0
2016-07-14,281934.0
2016-07-15,224746.0
2016-07-16,67636.0
2016-07-17,86241.0
2016-07-18,293398.0
2016-07-19,302013.0
2016-07-20,294160.0
2016-07-21,276359.0
2016-07-22,218304.0
2016-07-23,60752.0
2016-07-24,79508.0
2016-07-25,287443.0
2016-07-26,297295.0
2016-07-27,291218.0
2016-07-28,275712.0
2016-07-29,220420.0
2016-07-30,66019.0
2016-07-31,88374.0
2016-08-01,300299.0
2016-08-02,314254.0
2016-08-03,312378.0
2016-08-04,301075.0
2016-08-05,249862.0
2016-08-06,99265.0
2016-08-07,125265.0
2016-08-08,340606.0
2016-08-09,357357.0
2016-08-10,357736.0
2016-08-11,348098.0
2016-08-12,297893.0
2016-08-13,147574.0
2016-08-14,173342.0
2016-08-15,387960.0
2016-08-16,403205.0
2016-08-17,401486.0
2016-08-18,389219.0
2016-08-19,335900.0
2016-08-20,182013.0
2016-08-21,204072.0
2016-08-22,414948.0
2016-08-23,426196.0
2016-08-24,420476.0
2016-08-25,404303.0
2016-08-26,347240.0
2016-08-27,189807.0
2016-08-28,208818.0
2016-08-29,417216.0
2016-08-30,426288.0
2016-08-31,418874.0
2016-09-01,401515.0
2016-09-02,343751.0
2016-09-03,186039.0
2016-09-04,205391.0
2016-09-05,414717.0
2016-09-06,424932.0
2016-09-07,418960.0
2016-09-08,403272.0
2016-09-09,347303.0
2016-09-10,191377.0
2016-09-11,212648.0
2016-09-12,423953.0
2016-09-13,435810.0
2016-09-14,431222.0
2016-09-15,416602.0
2016-09-16,361310.0
2016-09-17,205581.0
2016-09-18,226771.0
2016-09-19,437717.0
2016-09-20,448625.0
2016-09-21,442666.0
2016-09-22,426291.0
2016-09-23,368882.0
2016-09-24,210684.0
2016-09-25,229346.0
2016-09-26,437792.0
2016-09-27,445989.0
2016-09-28,437341.0
2016-09-29,418388.0
2016-09-30,358566.0
2016-10-01,198147.0
2016-10-02,215073.0
2016-10-03,422337.0
2016-10-04,429632.0
2016-10-05,420545.0
2016-10-06,401640.0
2016-10-07,342330.0
2016-10-08,182826.0
2016-10-09,201271.0
2016-10-10,410624.0
2016-10-11,420209.0
2016-10-12,413694.0
2016-10-13,397575.0
2016-10-14,341157.0
2016-10-15,184515.0
2016-10-16,205929.0
2016-10-17,418281.0
2016-10-18,430492.0
2016-10-19,426301.0
2016-10-21,357225.0
2016-10-22,201543.0
2016-10-23,223564.0
2016-10-24,436164.0
2016-10-25,447947.0
2016-10-26,442816.0
2016-10-27,427238.0
2016-10-28,370456.0
2016-10-29,212461.0
2016-10-30,232025.0
2016-10-31,442114.0
2016-11-01,451103.0
2016-11-02,443137.0
2016-11-03,424781.0
2016-11-04,365347.0
2016-11-05,204864.0
2016-11-06,222410.0
2016-11-07,431034.0
2016-11-08,438846.0
2016-11-09,430187.0
2016-11-10,411652.0
2016-11-11,352535.0
2016-11-12,192809.0
2016-11-13,211747.0
2016-11-14,422363.0
2016-11-15,432389.0
2016-11-16,426231.0
2016-11-17,410402.0
2016-11-18,354065.0
2016-11-19,197033.0
2016-11-20,218691.0
2016-11-21,431943.0
2016-11-22,444088.0
2016-11-23,439574.0
2016-11-24,424813.0
2016-11-25,368858.0
2016-11-26,211398.0
2016-11-27,231988.0
2016-11-28,443508.0
2016-11-29,452924.0
2016-11-30,444843.0
2016-12-01,425715.0
2016-12-02,364624.0
2016-12-03,201289.0
2016-12-04,215589.0
2016-12-05,420535.0
2016-12-06,422909.0
2016-12-07,407616.0
2016-12-08,381270.0
2016-12-09,313095.0
2016-12-10,142929.0
2016-12-11,151041.0
2016-12-13,348252.0
2016-12-16,230242.0
2016-12-17,59583.0
2016-12-20,271699.0
2016-12-21,257331.0
2016-12-22,234136.0
2016-12-23,171296.0
2016-12-24,8508.0
2016-12-25,26408.0
2016-12-26,238062.0
2016-12-27,249272.0
2016-12-28,245308.0
2016-12-29,232669.0
2016-12-30,180318.0
2016-12-31,27720.0
2017-01-01,55552.0
2017-01-02,276721.0
2017-01-03,296552.0
2017-01-04,300326.0
2017-01-05,294425.0
2017-01-06,247695.0
2017-01-07,99476.0
2017-01-08,130629.0
2017-01-09,354050.0
2017-01-10,374756.0
2017-01-11,378210.0
2017-01-12,370858.0
2017-01-13,321599.0
2017-01-14,169828.0
2017-01-15,196748.0
2017-01-16,415395.0
2017-01-17,430611.0
2017-01-18,428155.0
2017-01-19,414628.0
2017-01-20,359051.0
2017-01-21,200914.0
2017-01-22,221779.0
2017-01-23,434817.0
2017-01-24,444658.0
2017-01-25,437303.0
2017-01-26,419431.0
2017-01-27,360092.0
2017-01-28,198758.0
2017-01-29,217233.0
2017-01-30,428689.0
2017-01-31,437416.0
2017-02-01,429518.0
2017-02-02,411625.0
2017-02-03,352689.0
2017-02-04,192057.0
2017-02-05,211669.0
2017-02-06,424619.0
2017-02-07,434785.0
2017-02-08,428333.0
2017-02-09,411811.0
2017-02-10,354070.0
2017-02-11,194340.0
2017-02-12,214731.0
2017-02-13,428304.0
2017-02-14,438591.0
2017-02-15,431893.0
2017-02-16,414764.0
2017-02-17,356045.0
2017-02-18,194946.0
2017-02-19,213844.0
2017-02-20,425863.0
2017-02-21,434277.0
2017-02-22,425603.0
2017-02-23,406470.0
2017-02-24,345770.0
2017-02-25,182732.0
2017-02-26,200030.0
2017-02-27,410859.0
2017-02-28,418231.0
2017-03-01,408857.0
2017-03-02,389407.0
2017-03-03,328768.0
2017-03-04,166131.0
2017-03-06,396737.0
2017-03-07,405833.0
2017-03-08,398500.0
2017-03-16,391814.0
2017-03-19,199914.0
2017-03-20,416478.0
2017-03-21,429007.0
2017-03-22,424543.0
2017-03-23,409663.0
2017-03-24,353080.0
2017-03-25,193753.0
2017-03-26,215186.0
2017-03-27,430547.0
2017-03-28,441514.0
2017-03-29,435342.0
2017-03-30,418677.0
2017-03-31,360272.0
2017-04-01,199101.0
2017-04-02,218954.0
2017-04-03,433063.0
2017-04-04,442833.0
2017-04-05,435706.0
2017-04-06,418356.0
2017-04-07,359526.0
2017-04-08,198142.0
2017-04-09,218207.0
2017-04-10,432940.0
2017-04-11,443392.0
2017-04-12,437106.0
2017-04-13,420708.0
2017-04-14,362850.0
2017-04-15,202341.0
2017-04-16,223339.0
2017-04-17,438999.0
2017-04-18,449985.0
2017-04-19,443922.0
2017-04-20,427378.0
2017-04-21,368933.0
2017-04-22,207305.0
2017-04-23,226848.0
2017-04-24,440716.0
2017-04-25,449254.0
2017-04-26,440253.0
2017-04-27,420319.0
2017-04-28,358052.0
2017-04-29,192181.0
2017-04-30,207363.0
2017-05-01,416844.0
2017-05-02,420746.0
2017-05-03,407110.0
2017-05-04,382651.0
2017-05-05,316049.0
2017-05-06,146089.0
2017-05-07,157752.0
2017-05-08,364388.0
2017-05-09,365881.0
2017-05-10,350491.0
2017-05-11,324994.0
2017-05-12,258081.0
2017-05-13,88511.0
2017-05-14,101492.0
2017-05-15,310368.0
2017-05-16,314671.0
2017-05-17,302755.0
2017-05-18,281333.0
2017-05-19,218987.0
2017-05-20,54329.0
2017-05-21,72685.0
2017-05-22,287292.0
2017-05-23,297246.0
2017-05-24,290927.0
2017-05-25,274933.0
2017-05-26,217705.0
2017-05-27,57698.0
2017-05-28,80366.0
2017-05-29,298873.0
2017-05-30,311927.0
2017-05-31,308007.0
2017-06-01,293680.0
2017-06-02,237347.0
2017-06-03,77420.0
2017-06-04,99602.0
2017-06-05,317108.0
2017-06-06,328388.0
2017-06-07,322142.0
2017-06-08,305030.0
2017-06-09,245526.0
2017-06-10,82094.0
2017-06-11,100776.0
2017-06-12,314906.0
2017-06-13,322726.0
2017-06-14,313190.0
2017-06-15,293058.0
2017-06-16,230867.0
2017-06-17,65108.0
2017-06-18,82106.0
2017-06-19,295251.0
2017-06-20,302491.0
2017-06-21,292941.0
2017-06-22,273358.0
2017-06-26,282761.0
2017-06-27,292739.0
2017-06-28,286122.0
2017-06-29,269581.0
2017-06-30,211481.0
2017-07-01,50081.0
2017-07-02,72010.0
2017-07-03,290528.0
2017-07-04,302794.0
2017-07-05,298067.0
2017-07-06,282974.0
2017-07-07,225820.0
2017-07-08,64794.0
2017-07-09,86750.0
2017-07-10,304971.0
2017-07-11,316326.0
2017-07-12,310272.0
2017-07-13,293496.0
2017-07-14,234351.0
2017-07-15,71057.0
2017-07-16,90781.0
2017-07-17,306910.0
2017-07-18,316090.0
2017-07-19,308018.0
2017-07-20,289479.0
2017-07-21,228879.0
2017-07-22,64466.0
2017-07-23,83693.0
2017-07-24,300003.0
2017-07-25,309759.0
2017-07-26,302823.0
2017-07-27,285983.0
2017-07-28,227604.0
2017-07-29,65847.0
2017-07-30,88343.0
2017-07-31,308479.0
2017-08-01,322221.0
2017-08-02,319493.0
2017-08-03,306991.0
2017-08-04,252950.0
2017-08-05,95380.0
2017-08-06,122032.0
2017-08-07,346202.0
2017-08-08,363444.0
2017-08-09,363744.0
2017-08-10,353728.0
2017-08-11,301546.0
2017-08-12,145113.0
2017-08-13,172375.0
2017-08-14,396627.0
2017-08-15,413111.0
2017-08-17,399918.0
2017-08-18,345093.0
2017-08-19,185442.0
2017-08-20,209221.0
2017-08-21,429826.0
2017-08-22,442277.0
2017-08-23,436984.0
2017-08-24,420726.0
2017-08-25,361759.0
2017-08-26,198066.0
2017-08-27,218217.0
2017-08-28,435699.0
2017-08-29,445283.0
2017-08-30,437581.0
2017-08-31,419417.0
2017-09-01,359046.0
2017-09-02,194408.0
2017-09-03,214289.0
2017-09-04,432160.0
2017-09-05,442434.0
2017-09-06,435818.0
2017-09-07,419075.0
2017-09-08,360359.0
2017-09-09,197480.0
2017-09-10,219362.0
2017-09-11,439399.0
2017-09-12,451599.0
2017-09-13,446734.0
2017-09-14,431496.0
2017-09-15,373947.0
2017-09-16,211791.0
2017-09-17,234135.0
2017-09-18,454354.0
2017-09-19,466122.0
2017-09-20,460363.0
2017-09-21,443791.0
2017-09-22,384474.0
2017-09-23,220112.0
2017-09-24,240096.0
2017-09-25,457879.0
2017-09-26,466895.0
2017-09-27,458301.0
2017-09-28,438901.0
2017-09-29,376824.0
2017-09-30,209808.0
2017-10-01,227549.0
2017-10-02,443581.0
2017-10-03,451086.0
2017-10-06,359238.0
2017-10-07,192548.0
2017-10-08,211268.0
2017-10-09,428920.0
2017-10-10,438330.0
2017-10-11,430947.0
2017-10-12,413559.0
2017-10-13,354192.0
2017-10-14,190410.0
2017-10-15,212258.0
2017-10-16,433177.0
2017-10-17,445584.0
2017-10-18,440987.0
2017-10-19,426096.0
2017-10-20,368836.0
2017-10-21,206657.0
2017-10-22,229780.0
2017-10-23,451616.0
2017-10-24,464246.0
2017-10-25,459322.0
2017-10-26,443570.0
2017-10-27,384921.0
2017-10-28,220818.0
2017-10-29,241769.0
2017-10-30,461265.0
2017-10-31,471153.0
2017-11-01,463326.0
2017-11-02,444609.0
2017-11-03,383006.0
2017-11-04,216010.0
2017-11-05,234444.0
2017-11-06,451899.0
2017-11-07,459980.0
2017-11-08,450791.0
2017-11-09,431211.0
2017-11-10,369238.0
2017-11-11,202355.0
2017-11-12,221586.0
2017-11-13,440485.0
2017-11-14,450347.0
2017-11-15,443344.0
2017-11-16,426283.0
2017-11-17,367066.0
2017-11-18,203021.0
2017-11-19,225217.0
2017-11-20,447095.0
2017-11-21,459604.0
2017-11-22,454900.0
2017-11-23,439677.0
2017-11-24,381711.0
2017-11-25,218199.0
2017-11-26,240288.0
2017-11-27,461365.0
2017-11-28,472112.0
2017-11-29,464770.0
2017-11-30,446040.0
2017-12-01,383709.0
2017-12-02,214992.0
2017-12-03,231270.0
2017-12-04,446036.0
2017-12-05,449867.0
2017-12-06,435247.0
2017-12-07,409032.0
2017-12-08,339153.0
2017-12-09,162962.0
2017-12-10,172173.0
2017-12-11,380458.0
2017-12-12,378340.0
2017-12-13,358563.0
2017-12-14,328131.0
2017-12-15,255085.0
2017-12-16,76848.0
2017-12-17,85374.0
2017-12-18,294398.0
2017-12-19,294246.0
2017-12-20,277768.0
2017-12-21,251941.0
2017-12-22,184729.0
2017-12-23,13434.0
2017-12-24,30056.0
2017-12-25,248203.0
2017-12-26,257823.0
2017-12-27,251697.0
2017-12-28,236622.0
2017-12-29,180351.0
2017-12-30,19955.0
2017-12-31,47397.0
2018-01-01,276099.0
2018-01-02,295607.0
2018-01-03,298639.0
2018-01-04,291843.0
2018-01-05,242827.0
2018-01-06,88523.0
2018-01-07,120966.0
2018-01-08,353532.0
2018-01-09,375523.0
2018-01-10,379760.0
2018-01-11,372924.0
2018-01-12,322660.0
2018-01-13,165943.0
2018-01-14,195066.0
2018-01-15,423528.0
2018-01-16,440546.0
2018-01-17,439188.0
2018-01-18,426292.0
2018-01-19,369638.0
2018-01-20,206324.0
2018-01-21,228948.0
2018-01-22,451160.0
2018-01-23,462086.0
2018-01-25,436887.0
2018-01-26,375547.0
2018-01-27,208119.0
2018-01-28,227395.0
2018-01-29,447052.0
2018-01-30,455996.0
2018-01-31,447595.0
2018-02-01,428752.0
2018-02-02,367241.0
2018-02-03,200082.0
2018-02-04,220142.0
2018-02-05,441015.0
2018-02-06,451295.0
2018-02-07,444358.0
2018-02-08,427017.0
2018-02-09,366938.0
2018-02-10,201024.0
2018-02-11,222226.0
2018-02-12,444083.0
2018-02-13,454922.0
2018-02-14,448189.0
2018-02-15,430681.0
2018-02-16,370044.0
2018-02-17,203160.0
2018-02-18,223161.0
2018-02-20,452739.0
2018-02-21,444084.0
2018-02-22,424537.0
2018-02-23,361801.0
2018-02-24,192799.0
2018-02-25,210894.0
2018-02-26,429751.0
2018-03-03,174902.0
2018-03-04,193449.0
2018-03-05,413300.0
2018-03-06,422229.0
2018-03-07,414081.0
2018-03-08,395744.0
2018-03-09,334871.0
2018-03-10,168286.0
2018-03-11,189608.0
2018-03-13,424273.0
2018-03-14,418969.0
2018-03-15,403349.0
2018-03-16,344978.0
2018-03-17,180585.0
2018-03-18,203890.0
2018-03-19,428461.0
2018-03-20,441527.0
2018-03-21,437042.0
2018-03-22,421818.0
2018-03-23,363409.0
2018-03-24,198527.0
2018-03-25,221077.0
2018-03-26,444675.0
2018-03-27,456380.0
2018-03-28,450308.0
2018-03-29,433336.0
2018-03-30,373069.0
2018-03-31,206252.0
2018-04-01,227012.0
2018-04-02,449037.0
2018-04-03,459223.0
2018-04-04,451837.0
2018-04-05,433802.0
2018-04-06,372734.0
2018-04-07,205360.0
2018-04-08,225968.0
2018-04-09,448242.0
2018-04-10,458840.0
2018-04-11,452096.0
2018-04-12,434890.0
2018-04-13,374765.0
2018-04-14,208351.0
2018-04-15,230020.0
2018-04-16,453392.0
2018-04-17,464827.0
2018-04-18,458690.0
2018-04-19,441793.0
2018-04-20,381598.0
2018-04-21,214645.0
2018-04-22,235418.0
2018-04-23,457510.0
2018-04-24,467045.0
2018-04-25,458487.0
2018-04-26,438666.0
2018-04-27,375052.0
2018-04-28,204200.0
2018-04-29,220806.0
2018-04-30,438544.0
2018-05-01,443405.0
2018-05-02,430050.0
2018-05-03,405413.0
2018-05-04,337058.0
2018-05-05,161613.0
2018-05-06,174038.0
2018-05-07,388118.0
2018-05-08,389723.0
2018-05-09,373704.0
2018-05-10,347074.0
2018-05-11,277438.0
2018-05-12,101436.0
2018-05-13,114210.0
2018-05-14,329558.0
2018-05-15,333118.0
2018-05-16,319814.0
2018-05-17,296610.0
2018-05-18,231028.0
2018-05-19,59589.0
2018-05-20,77492.0
2018-05-21,298433.0
2018-05-22,307714.0
2018-05-23,300237.0
2018-05-24,282844.0
2018-05-25,222913.0
2018-05-26,56811.0
2018-05-27,79779.0
2018-05-28,305416.0
2018-05-29,318714.0
2018-05-30,314601.0
2018-05-31,299866.0
2018-06-01,241830.0
2018-06-02,76804.0
2018-06-03,100185.0
2018-06-04,325599.0
2018-06-05,337857.0
2018-06-06,332048.0
2018-06-07,315035.0
2018-06-08,254207.0
2018-06-09,85942.0
2018-06-10,105897.0
2018-06-14,306509.0
2018-06-15,242462.0
2018-06-16,71278.0
2018-06-17,88852.0
2018-06-18,309001.0
2018-06-19,316264.0
2018-06-20,306077.0
2018-06-21,285436.0
2018-06-22,221793.0
2018-06-23,51528.0
2018-06-24,70652.0
2018-06-25,292933.0
2018-06-26,302625.0
2018-06-27,295186.0
2018-06-28,277527.0
2018-06-29,216989.0
2018-06-30,49820.0
2018-07-01,72089.0
2018-07-02,297479.0
2018-07-03,309933.0
2018-07-04,304934.0
2018-07-05,289328.0
2018-07-06,230383.0
2018-07-07,64274.0
2018-07-08,87200.0
2018-07-09,312843.0
2018-07-10,324939.0
2018-07-11,319100.0
2018-07-12,302217.0
2018-07-13,241599.0
2018-07-14,73456.0
2018-07-15,94225.0
2018-07-16,317684.0
2018-07-17,327444.0
2018-07-18,319317.0
2018-07-19,300295.0
2018-07-20,237762.0
2018-07-21,67982.0
2018-07-26,294491.0
2018-07-27,233548.0
2018-08-04,90749.0
2018-08-05,117638.0
2018-08-06,348358.0
2018-08-07,365746.0
2018-08-08,365783.0
2018-08-09,355310.0
2018-08-10,301485.0
2018-08-11,140284.0
2018-08-12,168654.0
2018-08-13,400276.0
2018-08-14,417751.0
2018-08-15,417163.0
2018-08-16,405377.0
2018-08-19,211050.0
2018-08-20,439275.0
2018-08-21,452889.0
2018-08-22,448176.0
2018-08-23,432108.0
2018-08-24,371953.0
2018-08-25,203778.0
2018-08-26,225010.0
2018-08-27,449518.0
2018-08-28,459643.0
2018-08-29,451848.0
2018-08-30,433168.0
2018-08-31,370896.0
2018-09-01,201094.0
2018-09-02,221356.0
2018-09-03,445552.0
2018-09-04,455782.0
2018-09-05,448572.0
2018-09-06,430908.0
2018-09-07,370000.0
2018-09-08,201803.0
2018-09-09,223981.0
2018-09-10,450323.0
2018-09-11,462620.0
2018-09-12,457409.0
2018-09-13,441594.0
2018-09-14,382287.0
2018-09-15,215335.0
2018-09-16,238498.0
2018-09-17,465525.0
2018-09-18,477951.0
2018-09-19,472399.0
2018-09-20,455774.0
2018-09-21,395182.0
2018-09-22,226468.0
2018-09-23,247588.0
2018-09-24,472355.0
2018-09-25,482025.0
2018-09-26,473534.0
2018-09-28,390295.0
2018-09-29,218791.0
2018-09-30,237177.0
2018-10-01,459176.0
2018-10-02,466770.0
2018-10-03,456627.0
2018-10-04,435793.0
2018-10-05,371577.0
2018-10-06,200115.0
2018-10-07,218816.0
2018-10-08,441377.0
2018-10-09,450334.0
2018-10-10,442045.0
2018-10-11,423497.0
2018-10-12,361978.0
2018-10-13,193635.0
2018-10-14,215386.0
2018-10-15,440819.0
2018-10-16,452944.0
2018-10-17,447760.0
2018-10-18,432147.0
2018-10-19,373355.0
2018-10-20,207536.0
2018-10-21,231133.0
2018-10-22,457660.0
2018-10-23,470658.0
2018-10-24,465830.0
2018-10-25,450040.0
2018-10-26,390588.0
2018-10-27,223744.0
2018-10-28,245582.0
2018-10-29,469655.0
2018-10-30,480147.0
2018-10-31,472574.0
2018-11-01,453880.0
2018-11-02,391509.0
2018-11-03,221914.0
2018-11-04,240865.0
2018-11-05,461989.0
2018-11-06,470132.0
2018-11-07,460621.0
2018-11-08,440457.0
2018-11-09,377182.0
2018-11-10,207372.0
2018-11-11,226407.0
2018-11-12,447896.0
2018-11-13,457233.0
2018-11-14,449438.0
2018-11-15,431443.0
2018-11-16,370758.0
2018-11-17,203958.0
2018-11-18,225909.0
2018-11-19,450088.0
2018-11-20,462342.0
2018-11-21,457295.0
2018-11-22,441750.0
2018-11-23,383139.0
2018-11-24,218016.0
2018-11-25,240737.0
2018-11-26,464676.0
2018-11-27,476185.0
2018-11-28,469572.0
2018-11-29,451602.0
2018-11-30,389754.0
2018-12-01,220691.0
2018-12-02,238409.0
2018-12-03,456335.0
2018-12-04,461488.0
2018-12-05,448022.0
2018-12-06,422828.0
2018-12-07,353578.0
2018-12-08,177184.0
2018-12-09,187407.0
2018-12-10,397829.0
2018-12-11,396215.0
2018-12-12,376619.0
2018-12-13,346084.0
2018-12-14,272475.0
2018-12-15,92922.0
2018-12-16,100890.0
2018-12-17,310027.0
2018-12-18,308733.0
2018-12-19,290826.0
2018-12-20,263345.0
2018-12-21,194174.0
2018-12-22,20477.0
2018-12-23,35232.0
2018-12-24,251959.0
2018-12-25,259498.0
2018-12-26,251248.0
2018-12-27,234066.0
2018-12-28,175699.0
2018-12-29,13208.0
2018-12-30,38963.0
2018-12-31,266270.0
2019-01-01,284349.0
2019-01-02,286144.0
2019-01-03,278332.0
2019-01-06,105974.0
2019-01-07,338230.0
2019-01-08,360316.0
2019-01-09,364873.0
2019-01-10,358567.0
2019-01-11,309102.0
2019-01-12,153629.0
2019-01-13,183666.0
2019-01-14,412489.0
2019-01-15,430519.0
2019-01-16,430260.0
2019-01-17,418507.0
2019-01-18,363163.0
2019-01-19,201618.0
2019-01-20,225140.0
2019-01-21,447137.0
2019-01-22,458744.0
2019-01-23,452331.0
2019-01-24,434803.0
2019-01-25,374209.0
2019-01-26,208113.0
2019-01-27,227438.0
2019-01-28,445619.0
2019-01-29,454385.0
2019-01-30,445839.0
2019-01-31,426860.0
2019-02-01,365504.0
2019-02-02,199371.0
2019-02-03,218910.0
2019-02-04,437459.0
2019-02-05,447232.0
2019-02-06,439971.0
2019-02-07,422449.0
2019-02-08,362674.0
2019-02-09,198244.0
2019-02-10,219116.0
2019-02-11,438534.0
2019-02-12,449220.0
2019-02-13,442597.0
2019-02-14,425391.0
2019-02-15,365635.0
2019-02-16,201005.0
2019-02-17,221062.0
2019-02-18,439052.0
2019-02-19,448308.0
2019-02-20,440030.0
2019-02-21,420994.0
2019-02-22,359342.0
2019-02-23,192910.0
2019-02-24,210924.0
2019-02-25,426686.0
2019-02-26,434173.0
2019-02-27,424383.0
2019-02-28,404141.0
2019-03-01,341687.0
2019-03-02,174983.0
2019-03-03,192877.0
2019-03-04,408668.0
2019-03-05,416906.0
2019-03-06,408308.0
2019-03-07,389668.0
2019-03-08,329231.0
2019-03-09,165002.0
2019-03-10,185363.0
2019-03-11,403529.0
2019-03-12,414553.0
2019-03-13,408809.0
2019-03-14,393006.0
2019-03-15,335364.0
2019-03-18,416401.0
2019-03-19,429080.0
2019-03-20,424642.0
2019-03-23,191549.0
2019-03-24,213845.0
2019-03-25,432731.0
2019-03-26,444395.0
2019-03-27,438684.0
2019-03-28,422321.0
2019-03-29,363663.0
2019-03-30,200973.0
2019-03-31,221430.0
2019-04-01,438228.0
2019-04-02,448190.0
2019-04-03,440953.0
2019-04-04,423278.0
2019-04-05,363609.0
2019-04-06,200329.0
2019-04-07,220226.0
2019-04-08,436484.0
2019-04-09,446491.0
2019-04-10,439595.0
2019-04-11,422519.0
2019-04-13,201581.0
2019-04-14,222458.0
2019-04-15,439435.0
2019-04-16,450402.0
2019-04-18,427967.0
2019-04-19,369624.0
2019-04-20,207781.0
2019-04-21,228292.0
2019-04-22,444192.0
2019-04-23,453908.0
2019-04-24,446155.0
2019-04-25,427558.0
2019-04-26,366591.0
2019-04-27,201808.0
2019-04-28,218699.0
2019-04-29,430330.0
2019-04-30,435771.0
2019-05-01,423547.0
2019-05-02,400364.0
2019-05-10,278247.0
2019-05-11,107996.0
2019-05-12,119819.0
2019-05-13,326880.0
2019-05-14,329502.0
2019-05-15,315761.0
2019-05-16,292402.0
2019-05-17,228162.0
2019-05-18,61959.0
2019-05-19,78133.0
2019-05-20,289737.0
2019-05-21,297564.0
2019-05-22,289307.0
2019-05-23,271584.0
2019-05-24,213055.0
2019-05-25,52604.0
2019-05-26,74047.0
2019-05-27,290305.0
2019-05-28,302641.0
2019-05-29,298391.0
2019-05-30,284085.0
2019-05-31,228368.0
2019-06-01,70171.0
2019-06-02,92878.0
2019-06-03,309387.0
2019-06-05,316459.0
2019-06-06,300694.0
2019-06-07,243008.0
2019-06-08,82500.0
2019-06-09,102238.0
2019-06-10,315201.0
2019-06-11,323918.0
2019-06-12,315330.0
2019-06-13,296106.0
2019-06-14,235155.0
2019-06-15,71762.0
2019-06-16,88677.0
2019-06-17,298942.0
2019-06-18,305722.0
2019-06-19,295739.0
2019-06-20,275689.0
2019-06-21,214541.0
2019-06-22,51666.0
2019-06-23,69391.0
2019-06-24,280704.0
2019-06-25,289294.0
2019-06-26,281550.0
2019-06-27,264085.0
2019-06-28,205829.0
2019-06-29,46153.0
2019-06-30,66883.0
2019-07-01,280895.0
2019-07-02,292359.0
2019-07-03,287310.0
2019-07-04,272273.0
2019-07-05,216155.0
2019-07-06,58358.0
2019-07-07,80261.0
2019-07-08,294692.0
2019-07-09,306385.0
2019-07-10,301110.0
2019-07-11,285405.0
2019-07-12,228258.0
2019-07-13,69213.0
2019-07-14,89301.0
2019-07-15,301409.0
2019-07-16,310925.0
2019-07-17,303438.0
2019-07-18,285569.0
2019-07-19,226443.0
2019-07-20,65780.0
2019-07-21,84289.0
2019-07-22,294912.0
2019-07-23,303675.0
2019-07-24,295952.0
2019-07-25,278391.0
2019-07-26,220187.0
2019-07-27,61151.0
2019-07-28,81578.0
2019-07-29,294362.0
2019-07-30,306060.0
2019-07-31,301719.0
2019-08-02,233779.0
2019-08-03,79147.0
2019-08-04,103796.0
2019-08-05,320504.0
2019-08-06,336294.0
2019-08-07,335846.0
2019-08-08,325621.0
2019-08-09,274734.0
2019-08-10,123003.0
2019-08-11,149742.0
2019-08-12,367657.0
2019-08-13,384308.0
2019-08-14,384085.0
2019-08-15,373438.0
2019-08-16,321542.0
2019-08-17,168331.0
2019-08-18,192761.0
2019-08-19,407580.0
2019-08-20,420992.0
2019-08-21,417204.0
2019-08-22,402746.0
2019-08-23,346936.0
2019-08-24,189897.0
2019-08-25,210274.0
2019-08-26,420893.0
2019-08-27,430621.0
2019-08-28,423478.0
2019-08-29,406055.0
2019-08-30,347773.0
2019-08-31,188889.0
2019-09-01,207668.0
2019-09-02,416933.0
2019-09-03,426119.0
2019-09-04,418959.0
2019-09-05,402002.0
2019-09-06,344668.0
2019-09-07,187240.0
2019-09-08,207511.0
2019-09-09,418204.0
2019-09-10,429247.0
2019-09-11,424018.0
2019-09-12,408973.0
2019-09-13,353493.0
2019-09-14,197873.0
2019-09-15,219427.0
2019-09-16,430802.0
2019-09-17,442451.0
2019-09-18,437445.0
2019-09-19,422211.0
2019-09-20,366170.0
2019-09-21,209713.0
2019-09-22,229769.0
2019-09-23,439005.0
2019-09-24,448495.0
2019-09-25,441103.0
2019-09-26,423315.0
2019-09-27,364674.0
2019-09-28,205741.0
2019-09-29,223120.0
2019-09-30,429540.0
2019-10-01,436726.0
2019-10-02,427346.0
2019-10-03,407943.0
2019-10-04,348156.0
2019-10-05,188675.0
2019-10-06,205727.0
2019-10-07,412034.0
2019-10-08,419894.0
2019-10-09,411688.0
2019-10-10,393918.0
2019-10-11,336223.0
2019-10-12,179324.0
2019-10-13,198973.0
2019-10-14,407795.0
2019-10-15,418576.0
2019-10-16,413343.0
2019-10-17,398499.0
2019-10-18,343641.0
2019-10-19,189496.0
2019-10-20,211331.0
2019-10-21,421689.0
2019-10-22,433871.0
2019-10-23,429592.0
2019-10-24,415221.0
2019-10-25,360386.0
2019-10-26,205906.0
2019-10-27,226661.0
2019-10-28,435209.0
2019-10-29,445475.0
2019-10-30,438967.0
2019-10-31,422116.0
2019-11-01,364680.0
2019-11-02,207652.0
2019-11-03,225597.0
2019-11-04,431147.0
2019-11-05,438889.0
2019-11-06,430146.0
2019-11-07,411416.0
2019-11-08,352567.0
2019-11-09,194732.0
2019-11-10,212107.0
2019-11-11,417324.0
2019-11-12,425547.0
2019-11-13,417814.0
2019-11-14,400581.0
2019-11-15,343710.0
2019-11-16,188357.0
2019-11-17,208226.0
2019-11-18,415840.0
2019-11-19,426828.0
2019-11-20,421851.0
2019-11-21,407239.0
2019-11-22,352786.0
2019-11-23,199621.0
2019-11-24,220938.0
2019-11-25,429143.0
2019-11-26,440355.0
2019-11-27,434900.0
2019-11-28,419049.0
2019-11-29,362611.0
2019-11-30,206797.0
2019-12-01,224409.0
2019-12-02,427872.0
2019-12-03,433939.0
2019-12-04,422748.0
2019-12-05,400666.0
2019-12-06,337664.0
2019-12-07,175179.0
2019-12-08,185752.0
2019-12-09,381945.0
2019-12-10,381246.0
2019-12-11,363685.0
2019-12-12,335776.0
2019-12-13,267692.0
2019-12-14,101093.0
2019-12-15,108239.0
2019-12-16,301783.0
2019-12-17,299870.0
2019-12-18,282323.0
2019-12-19,255686.0
2019-12-20,190186.0
2019-12-21,27555.0
2019-12-22,39604.0
2019-12-23,238895.0
2019-12-24,244053.0
2019-12-25,234516.0
2019-12-26,216680.0
2019-12-27,160664.0
2019-12-28,8121.0
2019-12-29,30276.0
2019-12-30,239492.0
2019-12-31,254782.0
2020-01-01,255135.0
2020-01-02,246765.0
2020-01-03,199672.0
2020-01-04,55450.0
2020-01-05,84789.0
2020-01-06,299922.0
2020-01-07,320349.0
2020-01-08,324728.0
2020-01-09,319228.0
2020-01-10,273884.0
2020-01-11,130393.0
2020-01-12,159075.0
2020-01-13,372211.0
2020-01-14,389953.0
2020-01-15,390795.0
2020-01-16,381013.0
2020-01-17,330815.0
2020-01-18,182126.0
2020-01-19,205000.0
2020-01-20,411842.0
2020-01-21,423521.0
2020-01-22,418394.0
2020-01-23,402854.0
2020-01-24,347269.0
2020-01-25,193750.0
2020-01-26,212027.0
2020-01-27,414552.0
2020-01-28,422808.0
2020-01-29,414912.0
2020-01-30,397253.0
2020-01-31,340233.0
2020-02-01,186019.0
2020-02-02,203891.0
2020-02-03,406221.0
2020-02-04,414996.0
2020-02-05,407984.0
2020-02-06,391481.0
2020-02-07,335844.0
2020-02-08,183243.0
2020-02-09,202463.0
2020-02-10,405780.0
2020-02-11,415679.0
2020-02-12,409600.0
2020-02-13,393776.0
2020-02-14,338575.0
2020-02-15,186227.0
2020-02-16,205104.0
2020-02-17,407465.0
2020-02-18,416387.0
2020-02-19,409070.0
2020-02-20,391781.0
2020-02-21,334984.0
2020-02-22,181057.0
2020-02-23,198026.0
2020-02-24,398202.0
2020-02-25,405303.0
2020-02-26,396326.0
2020-02-27,377593.0
2020-02-28,319668.0
2020-02-29,165068.0
2020-03-01,181452.0
2020-03-02,381139.0
2020-03-03,388438.0
2020-03-04,380081.0
2020-03-05,362374.0
2020-03-06,305906.0
2020-03-07,153250.0
2020-03-08,171616.0
2020-03-09,373255.0
2020-03-10,382987.0
2020-03-11,377213.0
2020-03-12,362161.0
2020-03-13,308397.0
2020-03-14,158512.0
2020-03-15,179245.0
2020-03-16,382766.0
2020-03-17,394415.0
2020-03-18,390279.0
2020-03-19,376540.0
2020-03-20,323785.0
2020-03-21,174681.0
2020-03-22,195556.0
2020-03-23,398572.0
2020-03-24,409666.0
2020-03-25,404684.0
2020-03-26,389843.0
2020-03-27,335822.0
2020-03-28,185431.0
2020-03-29,204650.0
2020-03-30,405684.0
2020-03-31,415102.0
2020-04-01,408541.0
2020-04-02,392262.0
2020-04-03,337038.0
2020-04-04,185805.0
2020-04-05,204170.0
2020-04-06,404336.0
2020-04-07,413455.0
2020-04-08,406893.0
2020-04-09,390884.0
2020-04-10,336223.0
2020-04-11,185897.0
2020-04-12,205056.0
2020-04-13,405834.0
2020-04-14,415891.0
2020-04-15,410259.0
2020-04-16,395097.0
2020-04-17,341175.0
2020-04-18,191503.0
2020-04-19,210764.0
2020-04-20,411018.0
2020-04-21,420451.0
2020-04-22,413794.0
2020-04-23,397173.0
2020-04-24,341393.0
2020-04-25,189556.0
2020-04-26,205958.0
2020-04-27,402672.0
2020-04-28,408505.0
2020-04-29,397978.0
2020-04-30,377278.0
2020-05-01,317337.0
2020-05-02,161434.0
2020-05-03,173550.0
2020-05-04,365837.0
2020-05-05,367773.0
2020-05-06,353703.0
2020-05-07,329895.0
2020-05-08,267408.0
2020-05-09,109681.0
2020-05-10,120347.0
2020-05-11,311587.0
2020-05-12,313479.0
2020-05-13,300114.0
2020-05-14,277748.0
2020-05-15,217463.0
2020-05-16,62749.0
2020-05-17,76777.0
2020-05-18,271640.0
2020-05-19,277907.0
2020-05-20,269306.0
2020-05-21,251982.0
2020-05-22,196952.0
2020-05-23,47683.0
2020-05-24,66826.0
2020-05-25,266343.0
2020-05-26,277274.0
2020-05-27,272978.0
2020-05-28,259504.0
2020-05-29,207842.0
2020-05-30,61486.0
2020-05-31,82636.0
2020-06-01,283212.0
2020-06-02,294813.0
2020-06-03,290541.0
2020-06-04,276462.0
2020-06-05,223654.0
2020-06-06,75754.0
2020-06-07,94629.0
2020-06-08,292260.0
2020-06-09,300911.0
2020-06-10,293513.0
2020-06-11,276221.0
2020-06-12,220260.0
2020-06-13,69454.0
2020-06-14,85356.0
2020-06-15,280014.0
2020-06-16,286341.0
2020-06-17,277062.0
2020-06-18,258374.0
2020-06-19,201580.0
2020-06-20,50614.0
2020-06-21,66623.0
2020-06-22,261624.0
2020-06-23,269075.0
2020-06-24,261389.0
2020-06-25,244699.0
2020-06-26,190288.0
2020-06-27,42100.0
2020-06-28,60796.0
2020-06-29,258288.0
2020-06-30,268519.0
2020-07-01,263549.0
2020-07-02,249420.0
2020-07-03,197386.0
2020-07-04,51414.0
2020-07-05,71702.0
2020-07-06,270103.0
2020-07-07,281102.0
2020-07-08,276479.0
2020-07-09,262265.0
2020-07-10,209778.0
2020-07-11,63102.0
2020-07-12,82072.0
2020-07-13,278578.0
2020-07-14,287746.0
2020-07-15,281159.0
2020-07-16,264922.0
2020-07-17,210481.0
2020-07-18,62092.0
2020-07-19,79268.0
2020-07-20,273957.0
2020-07-21,281930.0
2020-07-22,274564.0
2020-07-23,258007.0
2020-07-24,203787.0
2020-07-25,56275.0
2020-07-26,74583.0
2020-07-27,270638.0
2020-07-28,280761.0
2020-07-29,276025.0
2020-07-30,262516.0
2020-07-31,211746.0
2020-08-01,68101.0
2020-08-02,90202.0
2020-08-03,289868.0
2020-08-04,303899.0
2020-08-05,303004.0
2020-08-06,293167.0
2020-08-07,245855.0
2020-08-08,105457.0
2020-08-09,130114.0
2020-08-10,331560.0
2020-08-11,347118.0
2020-08-12,347190.0
2020-08-13,337729.0
2020-08-14,290239.0
2020-08-15,149208.0
2020-08-16,172393.0
