time,emails_sent
2015-03-23,52537.0
2015-03-24,48970.0
2015-03-25,48640.0
2015-03-26,45833.0
2015-03-27,37168.0
2015-03-28,10934.0
2015-03-29,17119.0
2015-03-30,54089.0
2015-03-31,51526.0
2015-04-01,48943.0
2015-04-02,41540.0
2015-04-03,12800.0
2015-04-04,7714.0
2015-04-05,11527.0
2015-04-06,51236.0
2015-04-07,51187.0
2015-04-08,49218.0
2015-04-09,46183.0
2015-04-10,34294.0
2015-04-11,9166.0
2015-04-12,16199.0
2015-04-13,50299.0
2015-04-14,49025.0
2015-04-15,46770.0
2015-04-16,42551.0
2015-04-17,32553.0
2015-04-18,9859.0
2015-04-20,53447.0
2015-04-21,49280.0
2015-04-22,47887.0
2015-04-23,43982.0
2015-04-24,34155.0
2015-04-25,11463.0
2015-04-26,18002.0
2015-04-27,50191.0
2015-04-28,44712.0
2015-04-29,40223.0
2015-04-30,39041.0
2015-05-01,31153.0
2015-05-02,9683.0
2015-05-03,12802.0
2015-05-04,41804.0
2015-05-05,36418.0
2015-05-06,35390.0
2015-05-07,28579.0
2015-05-08,21464.0
2015-05-09,5556.0
2015-05-10,5900.0
2015-05-11,27056.0
2015-05-12,26579.0
2015-05-13,24511.0
2015-05-14,23962.0
2015-05-15,20445.0
2015-05-16,4737.0
2015-05-17,5835.0
2015-05-18,25607.0
2015-05-19,24532.0
2015-05-20,23448.0
2015-05-21,21929.0
2015-05-22,16304.0
2015-05-23,4101.0
2015-05-24,4077.0
2015-05-25,6236.0
2015-05-26,17560.0
2015-05-27,23421.0
2015-05-28,25451.0
2015-05-29,21753.0
2015-05-30,4891.0
2015-05-31,6607.0
2015-06-01,28904.0
2015-06-02,28707.0
2015-06-03,28381.0
2015-06-04,25478.0
2015-06-05,20491.0
2015-06-06,4485.0
2015-06-07,5719.0
2015-06-08,27591.0
2015-06-09,27215.0
2015-06-10,26618.0
2015-06-11,23764.0
2015-06-12,20283.0
2015-06-13,4708.0
2015-06-14,6336.0
2015-06-15,27584.0
2015-06-16,26783.0
2015-06-17,25818.0
2015-06-18,23706.0
2015-06-19,19801.0
2015-06-20,4261.0
2015-06-21,4701.0
2015-06-22,25890.0
2015-06-23,25469.0
2015-06-24,24312.0
2015-06-25,24857.0
2015-06-26,17748.0
2015-06-27,4514.0
2015-06-28,5397.0
2015-06-29,25121.0
2015-06-30,24059.0
2015-07-01,23637.0
2015-07-02,19156.0
2015-07-03,5634.0
2015-07-04,2874.0
2015-07-05,4298.0
2015-07-06,24475.0
2015-07-07,25546.0
2015-07-08,25957.0
2015-07-09,23678.0
2015-07-10,19865.0
2015-07-11,4549.0
2015-07-12,5751.0
2015-07-13,25993.0
2015-07-14,26530.0
2015-07-15,26502.0
2015-07-16,31679.0
2015-07-17,23372.0
2015-07-18,4838.0
2015-07-19,7829.0
2015-07-20,29198.0
2015-07-21,28241.0
2015-07-22,29665.0
2015-07-24,19657.0
2015-07-25,5312.0
2015-07-26,5061.0
2015-07-27,27060.0
2015-07-28,27648.0
2015-07-29,26549.0
2015-07-30,24603.0
2015-07-31,19919.0
2015-08-01,4879.0
2015-08-02,5560.0
2015-08-03,28955.0
2015-08-04,29552.0
2015-08-05,29408.0
2015-08-06,28648.0
2015-08-07,23252.0
2015-08-08,5770.0
2015-08-09,7042.0
2015-08-10,33994.0
2015-08-11,37823.0
2015-08-12,34505.0
2015-08-13,35293.0
2015-08-14,30050.0
2015-08-15,8912.0
2015-08-16,13184.0
2015-08-17,48190.0
2015-08-18,46110.0
2015-08-19,44607.0
2015-08-20,41846.0
2015-08-21,31662.0
2015-08-22,8167.0
2015-08-23,12448.0
2015-08-24,45214.0
2015-08-25,44041.0
2015-08-26,43018.0
2015-08-27,40479.0
2015-08-28,32992.0
2015-08-29,8001.0
2015-08-30,11998.0
2015-08-31,43799.0
2015-09-01,44480.0
2015-09-02,42770.0
2015-09-03,39232.0
2015-09-04,29162.0
2015-09-05,6389.0
2015-09-06,6790.0
2015-09-07,13654.0
2015-09-08,45338.0
2015-09-09,45053.0
2015-09-10,41346.0
2015-09-11,32706.0
2015-09-12,8206.0
2015-09-13,12635.0
2015-09-14,43534.0
2015-09-15,43555.0
2015-09-16,43053.0
2015-09-17,39468.0
2015-09-18,31058.0
2015-09-19,8013.0
2015-09-20,13109.0
2015-09-21,45351.0
2015-09-22,42426.0
2015-09-23,40145.0
2015-09-24,38647.0
2015-09-25,30944.0
2015-09-26,8349.0
2015-09-27,13470.0
2015-09-28,45625.0
2015-09-29,44161.0
2015-09-30,43157.0
2015-10-01,40406.0
2015-10-02,32176.0
2015-10-03,9915.0
2015-10-04,14565.0
2015-10-05,47882.0
2015-10-06,46201.0
2015-10-07,43675.0
2015-10-08,38934.0
2015-10-09,28949.0
2015-10-10,6851.0
2015-10-12,28103.0
2015-10-13,33944.0
2015-10-14,47076.0
2015-10-15,41661.0
2015-10-16,33213.0
2015-10-18,14136.0
2015-10-19,46950.0
2015-10-20,45532.0
2015-10-21,43174.0
2015-10-22,40445.0
2015-10-23,31034.0
2015-10-24,8023.0
2015-10-26,48526.0
2015-10-27,49035.0
2015-10-28,47070.0
2015-10-29,42334.0
2015-10-30,30450.0
2015-10-31,7792.0
2015-11-01,15541.0
2015-11-02,50949.0
2015-11-03,49119.0
2015-11-04,47797.0
2015-11-05,43792.0
2015-11-06,33596.0
2015-11-08,15106.0
2015-11-09,50762.0
2015-11-10,7992.0
2015-11-11,28801.0
2015-11-12,42862.0
2015-11-13,32695.0
2015-11-15,14533.0
2015-11-16,49071.0
2015-11-17,46980.0
2015-11-18,43753.0
2015-11-19,41837.0
2015-11-20,31560.0
2015-11-21,9270.0
2015-11-22,14859.0
2015-11-23,46258.0
2015-11-24,37353.0
2015-11-25,16055.0
2015-11-26,3754.0
2015-11-27,6635.0
2015-11-29,15277.0
2015-11-30,51757.0
2015-12-01,47129.0
2015-12-02,43707.0
2015-12-03,39432.0
2015-12-04,32794.0
2015-12-05,9256.0
2015-12-06,11238.0
2015-12-07,39816.0
2015-12-08,36193.0
2015-12-09,35447.0
2015-12-10,28864.0
2015-12-11,24142.0
2015-12-14,28458.0
2015-12-15,25626.0
2015-12-16,24975.0
2015-12-17,23184.0
2015-12-18,19164.0
2015-12-21,15548.0
2015-12-22,12822.0
2015-12-23,8730.0
2015-12-24,2710.0
2015-12-26,2276.0
2015-12-27,2823.0
2015-12-28,5945.0
2015-12-29,6643.0
2015-12-30,6240.0
2016-01-03,5762.0
2016-01-04,33807.0
2016-01-05,32830.0
2016-01-06,34120.0
2016-01-07,33017.0
2016-01-09,7702.0
2016-01-11,48275.0
2016-01-12,47460.0
2016-01-13,45153.0
2016-01-14,42988.0
2016-01-15,35236.0
2016-01-16,7621.0
2016-01-18,16920.0
2016-01-19,45947.0
2016-01-20,42095.0
2016-01-21,41216.0
2016-01-22,18818.0
2016-01-23,10347.0
2016-01-26,47179.0
2016-01-27,44726.0
2016-01-28,41790.0
2016-01-29,33831.0
2016-01-30,8701.0
2016-02-01,47663.0
2016-02-02,45065.0
2016-02-03,43150.0
2016-02-04,41339.0
2016-02-05,34485.0
2016-02-06,9190.0
2016-02-07,10862.0
2016-02-08,44859.0
2016-02-09,43956.0
2016-02-10,43690.0
2016-02-11,40745.0
2016-02-13,8613.0
2016-02-15,30603.0
2016-02-16,46714.0
2016-02-17,44485.0
2016-02-18,41736.0
2016-02-22,47753.0
2016-02-23,45318.0
2016-02-24,44597.0
2016-02-25,41517.0
2016-02-29,47088.0
2016-03-02,45712.0
2016-03-03,41405.0
2016-03-08,27187.0
2016-03-09,26726.0
2016-03-10,27177.0
2016-03-11,22001.0
2016-03-12,6505.0
2016-03-13,12195.0
2016-03-14,48766.0
2016-03-15,44997.0
2016-03-16,44199.0
2016-03-17,42228.0
2016-03-18,33669.0
2016-03-19,9985.0
2016-03-20,15044.0
2016-03-21,50130.0
2016-03-22,48320.0
2016-03-23,46040.0
2016-03-24,39086.0
2016-03-25,12577.0
2016-03-26,7190.0
2016-03-27,11015.0
2016-03-28,47844.0
2016-03-29,45957.0
2016-03-30,44435.0
2016-03-31,42348.0
2016-04-01,33662.0
2016-04-02,9174.0
2016-04-03,14665.0
2016-04-04,51012.0
2016-04-05,49864.0
2016-04-06,47829.0
2016-04-07,45896.0
2016-04-08,35179.0
2016-04-09,8887.0
2016-04-10,14408.0
2016-04-11,52070.0
2016-04-12,49537.0
2016-04-13,47748.0
2016-04-14,44006.0
2016-04-15,34187.0
2016-04-16,8626.0
2016-04-17,13949.0
2016-04-18,50245.0
2016-04-19,48836.0
2016-04-20,46793.0
2016-04-21,43161.0
2016-04-22,33981.0
2016-04-23,9383.0
2016-04-24,15244.0
2016-04-25,50585.0
2016-04-26,48081.0
2016-04-27,42294.0
2016-04-28,41696.0
2016-04-29,34125.0
2016-04-30,9630.0
2016-05-01,12934.0
2016-05-02,45693.0
2016-05-03,42694.0
2016-05-04,39920.0
2016-05-05,33452.0
2016-05-06,23381.0
2016-05-07,4959.0
2016-05-08,5578.0
2016-05-09,32124.0
2016-05-10,30394.0
2016-05-11,30261.0
2016-05-12,29216.0
2016-05-13,23103.0
2016-05-14,4741.0
2016-05-15,5838.0
2016-05-16,29569.0
2016-05-17,30231.0
2016-05-18,28370.0
2016-05-19,27185.0
2016-05-20,22342.0
2016-05-21,4593.0
2016-05-22,5986.0
2016-05-23,27806.0
2016-05-24,28386.0
2016-05-25,26554.0
2016-05-26,25560.0
2016-05-27,18349.0
2016-05-28,3718.0
2016-05-29,3945.0
2016-05-30,5881.0
2016-05-31,28799.0
2016-06-01,28675.0
2016-06-02,26659.0
2016-06-03,21849.0
2016-06-04,4509.0
2016-06-05,5524.0
2016-06-06,28459.0
2016-06-07,27346.0
2016-06-08,27455.0
2016-06-09,25248.0
2016-06-10,19975.0
2016-06-11,4323.0
2016-06-12,5450.0
2016-06-13,28107.0
2016-06-14,26989.0
2016-06-15,27210.0
2016-06-16,25226.0
2016-06-17,19267.0
2016-06-18,4093.0
2016-06-19,4625.0
2016-06-20,24118.0
2016-06-21,24712.0
2016-06-22,23469.0
2016-06-23,22739.0
2016-06-24,17788.0
2016-06-25,4313.0
2016-06-26,4848.0
2016-06-27,24210.0
2016-06-28,24300.0
2016-06-29,23437.0
2016-06-30,22162.0
2016-07-01,16501.0
2016-07-02,3679.0
2016-07-03,3494.0
2016-07-04,4217.0
2016-07-05,22539.0
2016-07-07,23990.0
2016-07-08,19259.0
2016-07-09,4585.0
2016-07-10,5521.0
2016-07-11,25879.0
2016-07-12,24964.0
2016-07-13,24581.0
2016-07-14,24367.0
2016-07-15,20102.0
2016-07-16,4509.0
2016-07-17,5371.0
2016-07-18,25991.0
2016-07-19,25717.0
2016-07-20,25766.0
2016-07-21,24975.0
2016-07-22,21052.0
2016-07-23,4278.0
2016-07-24,4831.0
2016-07-25,26647.0
2016-07-26,26942.0
2016-07-27,25494.0
2016-07-28,24542.0
2016-07-29,19315.0
2016-07-30,4247.0
2016-07-31,5249.0
2016-08-01,28374.0
2016-08-02,28630.0
2016-08-03,27387.0
2016-08-04,26747.0
2016-08-05,22468.0
2016-08-06,4716.0
2016-08-07,5468.0
2016-08-08,29663.0
2016-08-09,30650.0
2016-08-10,30624.0
2016-08-11,33060.0
2016-08-12,25450.0
2016-08-13,5895.0
2016-08-14,7007.0
2016-08-15,36466.0
2016-08-16,36039.0
2016-08-17,33042.0
2016-08-18,33619.0
2016-08-19,31296.0
2016-08-20,9157.0
2016-08-21,12873.0
2016-08-22,49125.0
2016-08-23,48484.0
2016-08-24,48432.0
2016-08-25,43718.0
2016-08-26,36957.0
2016-08-27,8328.0
2016-08-28,12278.0
2016-08-29,47561.0
2016-08-30,44976.0
2016-08-31,45149.0
2016-09-01,41946.0
2016-09-02,31338.0
2016-09-03,6471.0
2016-09-04,6715.0
2016-09-05,12679.0
2016-09-06,46853.0
2016-09-07,46784.0
2016-09-08,44770.0
2016-09-09,35428.0
2016-09-10,9364.0
2016-09-11,13662.0
2016-09-12,49759.0
2016-09-13,48397.0
2016-09-14,47167.0
2016-09-15,43558.0
2016-09-16,33685.0
2016-09-17,8370.0
2016-09-18,13634.0
2016-09-19,49082.0
2016-09-20,46527.0
2016-09-21,45025.0
2016-09-22,43334.0
2016-09-23,34927.0
2016-09-24,8711.0
2016-09-25,13892.0
2016-09-26,48242.0
2016-09-27,45333.0
2016-09-28,44359.0
2016-09-29,42908.0
2016-09-30,33435.0
2016-10-01,8406.0
2016-10-02,13754.0
2016-10-03,48631.0
2016-10-04,48033.0
2016-10-05,45202.0
2016-10-06,42520.0
2016-10-07,32185.0
2016-10-08,9482.0
2016-10-09,14281.0
2016-10-10,49081.0
2016-10-11,46785.0
2016-10-12,48280.0
2016-10-13,42872.0
2016-10-14,31695.0
2016-10-15,6892.0
2016-10-16,8337.0
2016-10-17,32037.0
2016-10-18,36445.0
2016-10-19,47854.0
2016-10-21,26925.614603174603
2016-10-22,8547.0
2016-10-23,14545.0
2016-10-24,51003.0
2016-10-25,48553.0
2016-10-26,44245.0
2016-10-27,41902.0
2016-10-28,30854.0
2016-10-29,8402.0
2016-10-30,13403.0
2016-10-31,47863.0
2016-11-01,49865.0
2016-11-02,50451.0
2016-11-03,46597.0
2016-11-04,35182.0
2016-11-05,9118.0
2016-11-06,14789.0
2016-11-07,50982.0
2016-11-08,46937.0
2016-11-09,43666.0
2016-11-10,43760.0
2016-11-11,33415.0
2016-11-12,9389.0
2016-11-13,15697.0
2016-11-14,53115.0
2016-11-15,52201.0
2016-11-16,50609.0
2016-11-17,43300.0
2016-11-18,34440.0
2016-11-19,8721.0
2016-11-20,14103.0
2016-11-21,47456.0
2016-11-22,37542.0
2016-11-23,17712.0
2016-11-24,3521.0
2016-11-25,5770.0
2016-11-26,6727.0
2016-11-27,13861.0
2016-11-28,54986.0
2016-11-29,50795.0
2016-11-30,49260.0
2016-12-01,47916.0
2016-12-02,38657.0
2016-12-03,10178.0
2016-12-04,16829.0
2016-12-05,52907.0
2016-12-06,46635.0
2016-12-07,44141.0
2016-12-08,40481.0
2016-12-09,34406.0
2016-12-10,9789.0
2016-12-11,11759.0
2016-12-13,36676.0
2016-12-16,23995.0
2016-12-17,5061.0
2016-12-20,22984.0
2016-12-21,20734.0
2016-12-22,15127.0
2016-12-23,8917.0
2016-12-24,2167.0
2016-12-25,1724.0
2016-12-26,3084.0
2016-12-27,5095.0
2016-12-28,5772.0
2016-12-29,26925.614603174603
2016-12-30,4809.0
2016-12-31,2857.0
2017-01-01,3061.0
2017-01-02,7224.0
2017-01-03,27764.0
2017-01-04,29304.0
2017-01-05,29722.0
2017-01-06,25259.0
2017-01-07,5741.0
2017-01-08,8632.0
2017-01-09,22026.0
2017-01-10,35427.0
2017-01-11,35933.0
2017-01-12,36561.0
2017-01-13,31779.0
2017-01-14,7664.0
2017-01-15,8691.0
2017-01-16,19566.0
2017-01-17,52619.0
2017-01-18,51445.0
2017-01-19,47528.0
2017-01-20,37957.0
2017-01-21,9294.0
2017-01-22,14118.0
2017-01-23,51949.0
2017-01-24,48809.0
2017-01-25,46211.0
2017-01-26,44345.0
2017-01-27,35280.0
2017-01-28,8901.0
2017-01-29,13059.0
2017-01-30,47077.0
2017-01-31,46974.0
2017-02-01,46278.0
2017-02-02,43495.0
2017-02-03,35196.0
2017-02-04,9038.0
2017-02-05,12068.0
2017-02-06,48383.0
2017-02-07,46368.0
2017-02-08,45690.0
2017-02-09,43006.0
2017-02-10,34449.0
2017-02-11,9017.0
2017-02-12,12221.0
2017-02-13,46565.0
2017-02-14,44635.0
2017-02-15,46334.0
2017-02-16,43675.0
2017-02-17,34666.0
2017-02-18,8946.0
2017-02-19,13670.0
2017-02-20,46845.0
2017-02-21,47503.0
2017-02-22,50433.0
2017-02-23,43346.0
2017-02-24,34132.0
2017-02-25,8980.0
2017-02-26,13732.0
2017-02-27,49859.0
2017-02-28,48717.0
2017-03-01,45361.0
2017-03-02,42939.0
2017-03-03,34294.0
2017-03-04,8881.0
2017-03-06,49842.0
2017-03-07,48004.0
2017-03-08,45904.0
2017-03-16,27730.0
2017-03-19,26925.614603174603
2017-03-20,49772.0
2017-03-21,48486.0
2017-03-22,47538.0
2017-03-23,45120.0
2017-03-24,35892.0
2017-03-25,9350.0
2017-03-26,14105.0
2017-03-27,52434.0
2017-03-28,49480.0
2017-03-29,48338.0
2017-03-30,45676.0
2017-03-31,35711.0
2017-04-01,8549.0
2017-04-02,14599.0
2017-04-03,54102.0
2017-04-04,50071.0
2017-04-05,49713.0
2017-04-06,48009.0
2017-04-07,37885.0
2017-04-08,9173.0
2017-04-09,13863.0
2017-04-10,52975.0
2017-04-11,49373.0
2017-04-12,47314.0
2017-04-13,39619.0
2017-04-14,12210.0
2017-04-15,6998.0
2017-04-16,10108.0
2017-04-17,52055.0
2017-04-18,52031.0
2017-04-19,50741.0
2017-04-20,46215.0
2017-04-21,35551.0
2017-04-22,8907.0
2017-04-23,15657.0
2017-04-24,54373.0
2017-04-25,52164.0
2017-04-26,51119.0
2017-04-27,45711.0
2017-04-28,35719.0
2017-04-29,9400.0
2017-04-30,15555.0
2017-05-01,52747.0
2017-05-02,48525.0
2017-05-03,45348.0
2017-05-04,42065.0
2017-05-05,35808.0
2017-05-06,8567.0
2017-05-07,11728.0
2017-05-08,47287.0
2017-05-09,44773.0
2017-05-10,42546.0
2017-05-11,34175.0
2017-05-12,24961.0
2017-05-13,5665.0
2017-05-14,5678.0
2017-05-15,33183.0
2017-05-16,31868.0
2017-05-17,31219.0
2017-05-18,31397.0
2017-05-19,26434.0
2017-05-20,5036.0
2017-05-21,5961.0
2017-05-22,32641.0
2017-05-23,31118.0
2017-05-24,29998.0
2017-05-25,28720.0
2017-05-26,21813.0
2017-05-27,4296.0
2017-05-28,4115.0
2017-05-29,7258.0
2017-05-30,31191.0
2017-05-31,29904.0
2017-06-01,28074.0
2017-06-02,23529.0
2017-06-03,4805.0
2017-06-04,5181.0
2017-06-05,30517.0
2017-06-06,29290.0
2017-06-07,28640.0
2017-06-08,26533.0
2017-06-09,21658.0
2017-06-10,4437.0
2017-06-11,5116.0
2017-06-12,27917.0
2017-06-13,28178.0
2017-06-14,26909.0
2017-06-15,26272.0
2017-06-16,21176.0
2017-06-17,4652.0
2017-06-18,5223.0
2017-06-19,28292.0
2017-06-20,27256.0
2017-06-21,27224.0
2017-06-22,26492.0
2017-06-26,26567.0
2017-06-27,25543.0
2017-06-28,25692.0
2017-06-29,24092.0
2017-06-30,19984.0
2017-07-01,4112.0
2017-07-02,4118.0
2017-07-03,16123.0
2017-07-04,4764.0
2017-07-05,25547.0
2017-07-06,25102.0
2017-07-07,22455.0
2017-07-08,4603.0
2017-07-09,5620.0
2017-07-10,29615.0
2017-07-11,27736.0
2017-07-12,28175.0
2017-07-13,27724.0
2017-07-14,21579.0
2017-07-15,5269.0
2017-07-16,5598.0
2017-07-17,27934.0
2017-07-18,28048.0
2017-07-19,28098.0
2017-07-20,27148.0
2017-07-21,22931.0
2017-07-22,4958.0
2017-07-23,5631.0
2017-07-24,29173.0
2017-07-25,30478.0
2017-07-26,28898.0
2017-07-27,28633.0
2017-07-28,24163.0
2017-07-29,5313.0
2017-07-30,5199.0
2017-07-31,30317.0
2017-08-01,32801.0
2017-08-02,29370.0
2017-08-03,30307.0
2017-08-04,26780.0
2017-08-05,6137.0
2017-08-06,7560.0
2017-08-07,38013.0
2017-08-08,35467.0
2017-08-09,35699.0
2017-08-10,37315.0
2017-08-11,31949.0
2017-08-12,9002.0
2017-08-13,10973.0
2017-08-14,46291.0
2017-08-15,51731.0
2017-08-17,47749.0
2017-08-18,37490.0
2017-08-19,8779.0
2017-08-20,12806.0
2017-08-21,46183.0
2017-08-22,49560.0
2017-08-23,49019.0
2017-08-24,42818.0
2017-08-25,35905.0
2017-08-26,7853.0
2017-08-27,11350.0
2017-08-28,48860.0
2017-08-29,47448.0
2017-08-30,47509.0
2017-08-31,42881.0
2017-09-01,32876.0
2017-09-02,7207.0
2017-09-03,7095.0
2017-09-04,13222.0
2017-09-05,49432.0
2017-09-06,49445.0
2017-09-07,44375.0
2017-09-08,35279.0
2017-09-09,8305.0
2017-09-10,12081.0
2017-09-11,50416.0
2017-09-12,48439.0
2017-09-13,46176.0
2017-09-14,43178.0
2017-09-15,33904.0
2017-09-16,8109.0
2017-09-17,12852.0
2017-09-18,50531.0
2017-09-19,48639.0
2017-09-20,45163.0
2017-09-21,42041.0
2017-09-22,34047.0
2017-09-23,8556.0
2017-09-24,13007.0
2017-09-25,49169.0
2017-09-26,48942.0
2017-09-27,45387.0
2017-09-28,43790.0
2017-09-29,31632.0
2017-09-30,8104.0
2017-10-01,12767.0
2017-10-02,47880.0
2017-10-03,47572.0
2017-10-06,30106.0
2017-10-07,6118.0
2017-10-08,7765.0
2017-10-09,31706.0
2017-10-10,38087.0
2017-10-11,49194.0
2017-10-12,47399.0
2017-10-13,35670.0
2017-10-14,8825.0
2017-10-15,13372.0
2017-10-16,52857.0
2017-10-17,50667.0
2017-10-18,47208.0
2017-10-19,44987.0
2017-10-20,34385.0
2017-10-21,8435.0
2017-10-22,14847.0
2017-10-23,54060.0
2017-10-24,52215.0
2017-10-25,49711.0
2017-10-26,45042.0
2017-10-27,34554.0
2017-10-28,8000.0
2017-10-29,14050.0
2017-10-30,52039.0
2017-10-31,47953.0
2017-11-01,48428.0
2017-11-02,47904.0
2017-11-03,37429.0
2017-11-04,10405.0
2017-11-05,15059.0
2017-11-06,51981.0
2017-11-07,50394.0
2017-11-08,48120.0
2017-11-09,43863.0
2017-11-10,33670.0
2017-11-11,9000.0
2017-11-12,14395.0
2017-11-13,53706.0
2017-11-14,51711.0
2017-11-15,49778.0
2017-11-16,48521.0
2017-11-17,34682.0
2017-11-18,9036.0
2017-11-19,13518.0
2017-11-20,48188.0
2017-11-21,39228.0
2017-11-22,17302.0
2017-11-23,3424.0
2017-11-24,5836.0
2017-11-25,7087.0
2017-11-26,13979.0
2017-11-27,56768.0
2017-11-28,52960.0
2017-11-29,50137.0
2017-11-30,44601.0
2017-12-01,37628.0
2017-12-02,10673.0
2017-12-03,13559.0
2017-12-04,47937.0
2017-12-05,42133.0
2017-12-06,39822.0
2017-12-07,37164.0
2017-12-08,27834.0
2017-12-09,7255.0
2017-12-10,8128.0
2017-12-11,40296.0
2017-12-12,29898.0
2017-12-13,29395.0
2017-12-14,26806.0
2017-12-15,21900.0
2017-12-16,4730.0
2017-12-17,4810.0
2017-12-18,24526.0
2017-12-19,23614.0
2017-12-20,21077.0
2017-12-21,17593.0
2017-12-22,11553.0
2017-12-23,2899.0
2017-12-24,2104.0
2017-12-25,1685.0
2017-12-26,3827.0
2017-12-27,4923.0
2017-12-28,5292.0
2017-12-29,5209.0
2017-12-30,3479.0
2017-12-31,3193.0
2018-01-01,5342.0
2018-01-02,30184.0
2018-01-03,35272.0
2018-01-04,34320.0
2018-01-05,32134.0
2018-01-06,8392.0
2018-01-07,12039.0
2018-01-08,51495.0
2018-01-09,49919.0
2018-01-10,50400.0
2018-01-11,45332.0
2018-01-12,38680.0
2018-01-13,7797.0
2018-01-14,8736.0
2018-01-15,18013.0
2018-01-16,51115.0
2018-01-17,29635.0
2018-01-18,29085.0
2018-01-19,35300.0
2018-01-20,9756.0
2018-01-21,12925.0
2018-01-22,26925.614603174603
2018-01-23,26925.614603174603
2018-01-25,44759.0
2018-01-26,35473.0
2018-01-27,9105.0
2018-01-28,13263.0
2018-01-29,49582.0
2018-01-30,48077.0
2018-01-31,46229.0
2018-02-01,44358.0
2018-02-02,36832.0
2018-02-03,9569.0
2018-02-04,13153.0
2018-02-05,49598.0
2018-02-06,49692.0
2018-02-07,48195.0
2018-02-08,42357.0
2018-02-09,35516.0
2018-02-10,9961.0
2018-02-11,14160.0
2018-02-12,26925.614603174603
2018-02-13,26925.614603174603
2018-02-14,42958.0
2018-02-15,44491.0
2018-02-16,35793.0
2018-02-17,9495.0
2018-02-18,13738.0
2018-02-20,48357.0
2018-02-21,46299.0
2018-02-22,45130.0
2018-02-23,37232.0
2018-02-24,9212.0
2018-02-25,14866.0
2018-02-26,50927.0
2018-03-03,6807.0
2018-03-04,7093.0
2018-03-05,29050.0
2018-03-06,28761.0
2018-03-07,30168.0
2018-03-08,28125.0
2018-03-09,24314.0
2018-03-10,6651.0
2018-03-11,12632.0
2018-03-13,49649.0
2018-03-14,51866.0
2018-03-15,45182.0
2018-03-16,36763.0
2018-03-17,9750.0
2018-03-18,14052.0
2018-03-19,52044.0
2018-03-20,49950.0
2018-03-21,49455.0
2018-03-22,44536.0
2018-03-23,35546.0
2018-03-24,8643.0
2018-03-25,13344.0
2018-03-26,50913.0
2018-03-27,48601.0
2018-03-28,47021.0
2018-03-29,40457.0
2018-03-30,12057.0
2018-03-31,7025.0
2018-04-01,9455.0
2018-04-02,51442.0
2018-04-03,49241.0
2018-04-04,49104.0
2018-04-05,43464.0
2018-04-06,34347.0
2018-04-07,9585.0
2018-04-08,13995.0
2018-04-09,54805.0
2018-04-10,49932.0
2018-04-11,47043.0
2018-04-12,44201.0
2018-04-13,35263.0
2018-04-14,8476.0
2018-04-15,14161.0
2018-04-16,50610.0
2018-04-17,49651.0
2018-04-18,47636.0
2018-04-19,47123.0
2018-04-20,37095.0
2018-04-21,8494.0
2018-04-22,13605.0
2018-04-23,53924.0
2018-04-24,50629.0
2018-04-25,48508.0
2018-04-26,42809.0
2018-04-27,36779.0
2018-04-28,9385.0
2018-04-29,12118.0
2018-04-30,46141.0
2018-05-01,44852.0
2018-05-02,41492.0
2018-05-03,36274.0
2018-05-04,26906.0
2018-05-05,6709.0
2018-05-06,6163.0
2018-05-07,32880.0
2018-05-08,31237.0
2018-05-09,30032.0
2018-05-10,30803.0
2018-05-11,24245.0
2018-05-12,4637.0
2018-05-13,5093.0
2018-05-14,32754.0
2018-05-15,31608.0
2018-05-16,29962.0
2018-05-17,29711.0
2018-05-18,24743.0
2018-05-19,4414.0
2018-05-20,5156.0
2018-05-21,30383.0
2018-05-22,29651.0
2018-05-23,28597.0
2018-05-24,26925.614603174603
2018-05-25,22647.0
2018-05-26,3908.0
2018-05-27,3669.0
2018-05-28,6545.0
2018-05-29,26925.614603174603
2018-05-30,29736.0
2018-05-31,27738.0
2018-06-01,22414.0
2018-06-02,4048.0
2018-06-03,5113.0
2018-06-04,28011.0
2018-06-05,28884.0
2018-06-06,27447.0
2018-06-07,25940.0
2018-06-08,21969.0
2018-06-09,4377.0
2018-06-10,5561.0
2018-06-14,27443.0
2018-06-15,21984.0
2018-06-16,4142.0
2018-06-17,4796.0
2018-06-18,27772.0
2018-06-19,27314.0
2018-06-20,26466.0
2018-06-21,24322.0
2018-06-22,20035.0
2018-06-23,3858.0
2018-06-24,5082.0
2018-06-25,25980.0
2018-06-26,25179.0
2018-06-27,24776.0
2018-06-28,25047.0
2018-06-29,20021.0
2018-06-30,3768.0
2018-07-01,4497.0
2018-07-02,24327.0
2018-07-03,20678.0
2018-07-04,4588.0
2018-07-05,21000.0
2018-07-06,18450.0
2018-07-07,4330.0
2018-07-08,4825.0
2018-07-09,29438.0
2018-07-10,27581.0
2018-07-11,26152.0
2018-07-12,26481.0
2018-07-13,21166.0
2018-07-14,4285.0
2018-07-15,5004.0
2018-07-16,28091.0
2018-07-17,26766.0
2018-07-18,26572.0
2018-07-19,25677.0
2018-07-20,21803.0
2018-07-21,4463.0
2018-07-26,27356.0
2018-07-27,22392.0
2018-08-04,5264.0
2018-08-05,6216.0
2018-08-06,36679.0
2018-08-07,34573.0
2018-08-08,35655.0
2018-08-09,35383.0
2018-08-10,30408.0
2018-08-11,7856.0
2018-08-12,13453.0
2018-08-13,49106.0
2018-08-14,47759.0
2018-08-15,51747.0
2018-08-16,46698.0
2018-08-19,13933.0
2018-08-20,50890.0
2018-08-21,45774.0
2018-08-22,45116.0
2018-08-23,41473.0
2018-08-24,32058.0
2018-08-25,6936.0
2018-08-26,11733.0
2018-08-27,45440.0
2018-08-28,47122.0
2018-08-29,44216.0
2018-08-30,42186.0
2018-08-31,31327.0
2018-09-01,6003.0
2018-09-02,6206.0
2018-09-03,11916.0
2018-09-04,48003.0
2018-09-05,46223.0
2018-09-06,43625.0
2018-09-07,34738.0
2018-09-08,7857.0
2018-09-09,12200.0
2018-09-10,46478.0
2018-09-11,47560.0
2018-09-12,36157.0
2018-09-13,20270.0
2018-09-14,15656.0
2018-09-15,9376.0
2018-09-16,14051.0
2018-09-17,46266.0
2018-09-18,47662.0
2018-09-19,44520.0
2018-09-20,43061.0
2018-09-21,34593.0
2018-09-22,8288.0
2018-09-23,13019.0
2018-09-24,48531.0
2018-09-25,48854.0
2018-09-26,43971.0
2018-09-28,33990.0
2018-09-29,8431.0
2018-09-30,12992.0
2018-10-01,47941.0
2018-10-02,47378.0
2018-10-03,44165.0
2018-10-04,43382.0
2018-10-05,30988.0
2018-10-06,6061.0
2018-10-07,7579.0
2018-10-08,31066.0
2018-10-09,35314.0
2018-10-10,47640.0
2018-10-11,41834.0
2018-10-12,30952.0
2018-10-13,7323.0
2018-10-14,12604.0
2018-10-15,48441.0
2018-10-16,47247.0
2018-10-17,47620.0
2018-10-18,42838.0
2018-10-19,33723.0
2018-10-20,8333.0
2018-10-21,12049.0
2018-10-22,51995.0
2018-10-23,49719.0
2018-10-24,48335.0
2018-10-25,45057.0
2018-10-26,34283.0
2018-10-27,7610.0
2018-10-28,12199.0
2018-10-29,49013.0
2018-10-30,46420.0
2018-10-31,42683.0
2018-11-01,43168.0
2018-11-02,33119.0
2018-11-03,7929.0
2018-11-04,12110.0
2018-11-05,49410.0
2018-11-06,48953.0
2018-11-07,45206.0
2018-11-08,42949.0
2018-11-09,35208.0
2018-11-10,8404.0
2018-11-11,12173.0
2018-11-12,47257.0
2018-11-13,47144.0
2018-11-14,45236.0
2018-11-15,43115.0
2018-11-16,34081.0
2018-11-17,8583.0
2018-11-18,12227.0
2018-11-19,46068.0
2018-11-20,39005.0
2018-11-21,17168.0
2018-11-22,2973.0
2018-11-23,26925.614603174603
2018-11-24,6581.0
2018-11-25,12579.0
2018-11-26,52429.0
2018-11-27,48578.0
2018-11-28,45953.0
2018-11-29,42304.0
2018-11-30,34933.0
2018-12-01,9780.0
2018-12-02,13244.0
2018-12-03,43496.0
2018-12-04,42330.0
2018-12-05,39006.0
2018-12-06,38060.0
2018-12-07,26023.0
2018-12-08,6731.0
2018-12-09,7507.0
2018-12-10,18636.0
2018-12-11,19044.0
2018-12-12,28113.0
2018-12-13,27695.0
2018-12-14,23588.0
2018-12-15,4763.0
2018-12-16,4345.0
2018-12-17,26088.0
2018-12-18,25223.0
2018-12-19,23237.0
2018-12-20,21577.0
2018-12-21,14876.0
2018-12-22,2723.0
2018-12-23,2205.0
2018-12-24,2177.0
2018-12-25,1181.0
2018-12-26,3234.0
2018-12-27,4448.0
2018-12-28,4628.0
2018-12-29,2860.0
2018-12-30,2570.0
2018-12-31,3954.0
2019-01-01,3729.0
2019-01-02,24769.0
2019-01-03,29758.0
2019-01-06,5787.0
2019-01-07,36084.0
2019-01-08,34450.0
2019-01-09,35299.0
2019-01-10,35086.0
2019-01-11,32741.0
2019-01-12,7579.0
2019-01-13,12468.0
2019-01-14,52638.0
2019-01-15,47838.0
2019-01-16,45881.0
2019-01-17,44318.0
2019-01-18,37834.0
2019-01-19,7616.0
2019-01-20,8341.0
2019-01-21,17053.0
2019-01-22,47266.0
2019-01-23,44585.0
2019-01-24,42826.0
2019-01-25,34575.0
2019-01-26,8171.0
2019-01-27,11456.0
2019-01-28,47528.0
2019-01-29,45379.0
2019-01-30,44956.0
2019-01-31,40939.0
2019-02-01,33944.0
2019-02-02,8113.0
2019-02-03,10895.0
2019-02-04,46828.0
2019-02-05,44856.0
2019-02-06,46031.0
2019-02-07,41923.0
2019-02-08,37743.0
2019-02-09,8894.0
2019-02-10,12625.0
2019-02-11,49887.0
2019-02-12,44933.0
2019-02-13,44027.0
2019-02-14,40729.0
2019-02-15,33806.0
2019-02-16,8571.0
2019-02-17,11998.0
2019-02-18,45951.0
2019-02-19,45860.0
2019-02-20,45136.0
2019-02-21,42494.0
2019-02-22,35077.0
2019-02-23,9571.0
2019-02-24,12232.0
2019-02-25,48188.0
2019-02-26,48395.0
2019-02-27,45082.0
2019-02-28,42252.0
2019-03-01,33942.0
2019-03-02,6443.0
2019-03-03,7220.0
2019-03-04,30410.0
2019-03-05,29762.0
2019-03-06,29281.0
2019-03-07,27050.0
2019-03-08,24269.0
2019-03-09,6911.0
2019-03-10,11379.0
2019-03-11,51207.0
2019-03-12,47290.0
2019-03-13,45198.0
2019-03-14,43768.0
2019-03-15,36559.0
2019-03-18,50793.0
2019-03-19,51386.0
2019-03-20,46149.0
2019-03-23,8308.0
2019-03-24,11740.0
2019-03-25,49957.0
2019-03-26,47994.0
2019-03-27,46292.0
2019-03-28,42853.0
2019-03-29,32221.0
2019-03-30,7936.0
2019-03-31,12533.0
2019-04-01,50825.0
2019-04-02,49478.0
2019-04-03,45763.0
2019-04-04,44885.0
2019-04-05,36462.0
2019-04-06,8103.0
2019-04-07,12435.0
2019-04-08,50257.0
2019-04-09,49580.0
2019-04-10,47066.0
2019-04-11,44404.0
2019-04-13,8679.0
2019-04-14,12333.0
2019-04-15,51817.0
2019-04-16,47789.0
2019-04-18,38994.0
2019-04-19,12108.0
2019-04-20,6621.0
2019-04-21,8484.0
2019-04-22,45754.0
2019-04-23,46353.0
2019-04-24,43295.0
2019-04-25,43160.0
2019-04-26,31756.0
2019-04-27,7746.0
2019-04-28,11756.0
2019-04-29,48172.0
2019-04-30,47596.0
2019-05-01,44560.0
2019-05-02,39010.0
2019-05-10,23418.0
2019-05-11,6178.0
2019-05-12,6243.0
2019-05-13,33977.0
2019-05-14,32701.0
2019-05-15,33641.0
2019-05-16,31389.0
2019-05-17,24263.0
2019-05-18,5155.0
2019-05-19,5180.0
2019-05-20,30617.0
2019-05-21,31023.0
2019-05-22,28940.0
2019-05-23,28459.0
2019-05-24,22162.0
2019-05-25,4207.0
2019-05-26,3716.0
2019-05-27,6045.0
2019-05-28,32349.0
2019-05-29,29938.0
2019-05-30,29309.0
2019-05-31,23954.0
2019-06-01,4473.0
2019-06-02,6531.0
2019-06-03,30932.0
2019-06-05,27630.0
2019-06-06,26112.0
2019-06-07,21787.0
2019-06-08,4278.0
2019-06-09,5325.0
2019-06-10,28823.0
2019-06-11,28257.0
2019-06-12,26801.0
2019-06-13,26144.0
2019-06-14,18370.0
2019-06-15,4621.0
2019-06-16,4906.0
2019-06-17,28543.0
2019-06-18,27835.0
2019-06-19,27795.0
2019-06-20,24783.0
2019-06-21,21052.0
2019-06-22,4423.0
2019-06-23,4898.0
2019-06-24,26743.0
2019-06-25,27282.0
2019-06-26,25487.0
2019-06-27,24338.0
2019-06-28,19995.0
2019-06-29,5193.0
2019-06-30,4734.0
2019-07-01,25036.0
2019-07-02,26974.0
2019-07-03,21611.0
2019-07-04,3694.0
2019-07-05,11979.0
2019-07-06,3651.0
2019-07-07,4687.0
2019-07-08,29114.0
2019-07-09,27981.0
2019-07-10,28627.0
2019-07-11,26604.0
2019-07-12,23028.0
2019-07-13,4562.0
2019-07-14,4935.0
2019-07-15,27944.0
2019-07-16,26443.0
2019-07-17,27036.0
2019-07-18,26572.0
2019-07-19,21592.0
2019-07-20,3958.0
2019-07-21,5107.0
2019-07-22,29634.0
2019-07-23,27967.0
2019-07-24,27547.0
2019-07-25,26393.0
2019-07-26,20907.0
2019-07-27,3763.0
2019-07-28,4898.0
2019-07-29,29088.0
2019-07-30,27278.0
2019-07-31,27196.0
2019-08-02,23064.0
2019-08-03,4730.0
2019-08-04,5218.0
2019-08-05,32790.0
2019-08-06,32261.0
2019-08-07,31374.0
2019-08-08,30516.0
2019-08-09,26170.0
2019-08-10,5285.0
2019-08-11,6851.0
2019-08-12,36155.0
2019-08-13,34436.0
2019-08-14,37818.0
2019-08-15,37216.0
2019-08-16,32156.0
2019-08-17,7561.0
