time,inbound_non_spam_emails
2015-03-23,165265.0
2015-03-24,171831.0
2015-03-25,169593.0
2015-03-26,166443.0
2015-03-27,148508.0
2015-03-28,98663.0
2015-03-29,105864.0
2015-03-30,175883.0
2015-03-31,181658.0
2015-04-01,178369.0
2015-04-02,174135.0
2015-04-03,154769.0
2015-04-04,102752.0
2015-04-05,109268.0
2015-04-06,180235.0
2015-04-07,185485.0
2015-04-08,181573.0
2015-04-09,176828.0
2015-04-10,156723.0
2015-04-11,103320.0
2015-04-12,109998.0
2015-04-13,182794.0
2015-04-14,188395.0
2015-04-15,184702.0
2015-04-16,180220.0
2015-04-17,160054.0
2015-04-18,105817.0
2015-04-20,187931.0
2015-04-21,193948.0
2015-04-22,190355.0
2015-04-23,185833.0
2015-04-24,165123.0
2015-04-25,109405.0
2015-04-26,116422.0
2015-04-27,192432.0
2015-04-28,197840.0
2015-04-29,193253.0
2015-04-30,187563.0
2015-05-01,165183.0
2015-05-02,106897.0
2015-05-03,112674.0
2015-05-04,188930.0
2015-05-05,192976.0
2015-05-06,186816.0
2015-05-07,179578.0
2015-05-08,155368.0
2015-05-09,94583.0
2015-05-10,99431.0
2015-05-11,176482.0
2015-05-12,179945.0
2015-05-13,173210.0
2015-05-14,165621.0
2015-05-15,140951.0
2015-05-16,79184.0
2015-05-17,84719.0
2015-05-18,164241.0
2015-05-19,168831.0
2015-05-20,163213.0
2015-05-21,156903.0
2015-05-22,133299.0
2015-05-23,71931.0
2015-05-24,79353.0
2015-05-25,162334.0
2015-05-26,168801.0
2015-05-27,164794.0
2015-05-28,159987.0
2015-05-29,137399.0
2015-05-30,76110.0
2015-05-31,84833.0
2015-06-01,170444.0
2015-06-02,177737.0
2015-06-03,174097.0
2015-06-04,169392.0
2015-06-05,146300.0
2015-06-06,83492.0
2015-06-07,91890.0
2015-06-08,178514.0
2015-06-09,185072.0
2015-06-10,180338.0
2015-06-11,174410.0
2015-06-12,149662.0
2015-06-13,84384.0
2015-06-14,91729.0
2015-06-15,178881.0
2015-06-16,184471.0
2015-06-17,178658.0
2015-06-18,171772.0
2015-06-19,145865.0
2015-06-20,78829.0
2015-06-21,86021.0
2015-06-22,174756.0
2015-06-23,180552.0
2015-06-24,174919.0
2015-06-25,168371.0
2015-06-26,142600.0
2015-06-27,75057.0
2015-06-28,83262.0
2015-06-29,174627.0
2015-06-30,181073.0
2015-07-01,175907.0
2015-07-02,169814.0
2015-07-03,144301.0
2015-07-04,76791.0
2015-07-05,85525.0
2015-07-06,177334.0
2015-07-07,184164.0
2015-07-08,179194.0
2015-07-09,173113.0
2015-07-10,147409.0
2015-07-11,79484.0
2015-07-12,87736.0
2015-07-13,179021.0
2015-07-14,185110.0
2015-07-15,179295.0
2015-07-16,172315.0
2015-07-17,145667.0
2015-07-18,76765.0
2015-07-19,84184.0
2015-07-20,174828.0
2015-07-21,180296.0
2015-07-22,174004.0
2015-07-24,139968.0
2015-07-25,71127.0
2015-07-26,78934.0
2015-07-27,170305.0
2015-07-28,176637.0
2015-07-29,171421.0
2015-07-30,165434.0
2015-07-31,140128.0
2015-08-01,72855.0
2015-08-02,82454.0
2015-08-03,175810.0
2015-08-04,184079.0
2015-08-05,180800.0
2015-08-06,176720.0
2015-08-07,153227.0
2015-08-08,87605.0
2015-08-09,98798.0
2015-08-10,193666.0
2015-08-11,203133.0
2015-08-12,200802.0
2015-08-13,197415.0
2015-08-14,174328.0
2015-08-15,108792.0
2015-08-16,119896.0
2015-08-17,214519.0
2015-08-18,223053.0
2015-08-19,219566.0
2015-08-20,214842.0
2015-08-21,190369.0
2015-08-22,123667.0
2015-08-23,133107.0
2015-08-24,225188.0
2015-08-25,232170.0
2015-08-26,227271.0
2015-08-27,221208.0
2015-08-28,195673.0
2015-08-29,128434.0
2015-08-30,136746.0
2015-08-31,227059.0
2015-09-01,233256.0
2015-09-02,227855.0
2015-09-03,221468.0
2015-09-04,195958.0
2015-09-05,129294.0
2015-09-06,137578.0
2015-09-07,227171.0
2015-09-08,233541.0
2015-09-09,228476.0
2015-09-10,222455.0
2015-09-11,197486.0
2015-09-12,131724.0
2015-09-13,140107.0
2015-09-14,228906.0
2015-09-15,235179.0
2015-09-16,229993.0
2015-09-17,223712.0
2015-09-18,198514.0
2015-09-19,132770.0
2015-09-20,140288.0
2015-09-21,227283.0
2015-09-22,232442.0
2015-09-23,226153.0
2015-09-24,218701.0
2015-09-25,192473.0
2015-09-26,126090.0
2015-09-27,132258.0
2015-09-28,217165.0
2015-09-29,221145.0
2015-09-30,213916.0
2015-10-01,205694.0
2015-10-02,179072.0
2015-10-03,112908.0
2015-10-04,118795.0
2015-10-05,202865.0
2015-10-06,207072.0
2015-10-07,200431.0
2015-10-08,193049.0
2015-10-09,167680.0
2015-10-10,103381.0
2015-10-12,195318.0
2015-10-13,201121.0
2015-10-14,196266.0
2015-10-15,190712.0
2015-10-16,167353.0
2015-10-18,114159.0
2015-10-19,199512.0
2015-10-20,206586.0
2015-10-21,202920.0
2015-10-22,198351.0
2015-10-23,175928.0
2015-10-24,115086.0
2015-10-26,208362.0
2015-10-27,215082.0
2015-10-28,210956.0
2015-10-29,205738.0
2015-10-30,182685.0
2015-10-31,121482.0
2015-11-01,129145.0
2015-11-02,211521.0
2015-11-03,216991.0
2015-11-04,211751.0
2015-11-05,205492.0
2015-11-06,181684.0
2015-11-08,127135.0
2015-11-09,208105.0
2015-11-10,213185.0
2015-11-11,207874.0
2015-11-12,201762.0
2015-11-13,178490.0
2015-11-15,125628.0
2015-11-16,206500.0
2015-11-17,212398.0
2015-11-18,208081.0
2015-11-19,202992.0
2015-11-20,180903.0
2015-11-21,122120.0
2015-11-22,130212.0
2015-11-23,210777.0
2015-11-24,216973.0
2015-11-25,212817.0
2015-11-26,207617.0
2015-11-27,185534.0
2015-11-29,133741.0
2015-11-30,212526.0
2015-12-01,217157.0
2015-12-02,211170.0
2015-12-03,203840.0
2015-12-04,179137.0
2015-12-05,117529.0
2015-12-06,121537.0
2015-12-07,197019.0
2015-12-08,198463.0
2015-12-09,189339.0
2015-12-10,178973.0
2015-12-11,151434.0
2015-12-14,162280.0
2015-12-15,162140.0
2015-12-16,151914.0
2015-12-17,140945.0
2015-12-18,113364.0
2015-12-21,127151.0
2015-12-22,129067.0
2015-12-23,121414.0
2015-12-24,113476.0
2015-12-26,29713.0
2015-12-27,36392.0
2015-12-28,115211.0
2015-12-29,121529.0
2015-12-30,118359.0
2016-01-03,50462.0
2016-01-04,132762.0
2016-01-05,142354.0
2016-01-06,142069.0
2016-01-07,141039.0
2016-01-09,69576.0
2016-01-11,163730.0
2016-01-12,173289.0
2016-01-13,172536.0
2016-01-14,170615.0
2016-01-15,151676.0
2016-01-16,96418.0
2016-01-18,186368.0
2016-01-19,193627.0
2016-01-20,190492.0
2016-01-21,186144.0
2016-01-22,164827.0
2016-01-23,107330.0
2016-01-26,198109.0
2016-01-27,193301.0
2016-01-28,187522.0
2016-01-29,165259.0
2016-01-30,107005.0
2016-02-01,191785.0
2016-02-02,197151.0
2016-02-03,192517.0
2016-02-04,187060.0
2016-02-05,164910.0
2016-02-06,106636.0
2016-02-07,113926.0
2016-02-08,192820.0
2016-02-09,198652.0
2016-02-10,194376.0
2016-02-11,189197.0
2016-02-13,108566.0
2016-02-15,195068.0
2016-02-16,200599.0
2016-02-17,195814.0
2016-02-18,189985.0
2016-02-22,192454.0
2016-02-23,197051.0
2016-02-24,191285.0
2016-02-25,184522.0
2016-02-29,184564.0
2016-03-02,183208.0
2016-03-03,176628.0
2016-03-08,185363.0
2016-03-09,180898.0
2016-03-10,175750.0
2016-03-11,153535.0
2016-03-12,94195.0
2016-03-13,102656.0
2016-03-14,185137.0
2016-03-15,192350.0
2016-03-16,189251.0
2016-03-17,185328.0
2016-03-18,164067.0
2016-03-19,105261.0
2016-03-20,114469.0
2016-03-21,197933.0
2016-03-22,205437.0
2016-03-23,202336.0
2016-03-24,198184.0
2016-03-25,176377.0
2016-03-26,116601.0
2016-03-27,125085.0
2016-03-28,208137.0
2016-03-29,214647.0
2016-03-30,210405.0
2016-03-31,205057.0
2016-04-01,181932.0
2016-04-02,120626.0
2016-04-03,128050.0
2016-04-04,210578.0
2016-04-05,216203.0
2016-04-06,211140.0
2016-04-07,205110.0
2016-04-08,181351.0
2016-04-09,119341.0
2016-04-10,126640.0
2016-04-11,209653.0
2016-04-12,215439.0
2016-04-13,210596.0
2016-04-14,204884.0
2016-04-15,181413.0
2016-04-16,119509.0
2016-04-17,127350.0
2016-04-18,211347.0
2016-04-19,217603.0
2016-04-20,213090.0
2016-04-21,207595.0
2016-04-22,184102.0
2016-04-23,121792.0
2016-04-24,129474.0
2016-04-25,213586.0
2016-04-26,219302.0
2016-04-27,213996.0
2016-04-28,207522.0
2016-04-29,182772.0
2016-04-30,118824.0
2016-05-01,125161.0
2016-05-02,208285.0
2016-05-03,212483.0
2016-05-04,205565.0
2016-05-05,197483.0
2016-05-06,171067.0
2016-05-07,105308.0
2016-05-08,110380.0
2016-05-09,192855.0
2016-05-10,196131.0
2016-05-11,188448.0
2016-05-12,179838.0
2016-05-13,153048.0
2016-05-14,86956.0
2016-05-15,92386.0
2016-05-16,175946.0
2016-05-17,180101.0
2016-05-18,173475.0
2016-05-19,166136.0
2016-05-20,140700.0
2016-05-21,75888.0
2016-05-22,83135.0
2016-05-23,169046.0
2016-05-24,175119.0
2016-05-25,170338.0
2016-05-26,164787.0
2016-05-27,140939.0
2016-05-28,77351.0
2016-05-29,86074.0
2016-05-30,173721.0
2016-05-31,180843.0
2016-06-01,176807.0
2016-06-02,171745.0
2016-06-03,148022.0
2016-06-04,84076.0
2016-06-05,92616.0
2016-06-06,180307.0
2016-06-07,186800.0
2016-06-08,181891.0
2016-06-09,175801.0
2016-06-10,150831.0
2016-06-11,85330.0
2016-06-12,92696.0
2016-06-13,179671.0
2016-06-14,185021.0
2016-06-15,178980.0
2016-06-16,171860.0
2016-06-17,145889.0
2016-06-18,79318.0
2016-06-19,86210.0
2016-06-20,173359.0
2016-06-21,178614.0
2016-06-22,172610.0
2016-06-23,165711.0
2016-06-24,140033.0
2016-06-25,73682.0
2016-06-26,81351.0
2016-06-27,169841.0
2016-06-28,176049.0
2016-06-29,170980.0
2016-06-30,165023.0
2016-07-01,140157.0
2016-07-02,74333.0
2016-07-03,82862.0
2016-07-04,172556.0
2016-07-05,179365.0
2016-07-07,168927.0
2016-07-08,143986.0
2016-07-09,77681.0
2016-07-10,85973.0
2016-07-11,175724.0
2016-07-12,181981.0
2016-07-13,176556.0
2016-07-14,169969.0
2016-07-15,144021.0
2016-07-16,76449.0
2016-07-17,83896.0
2016-07-18,173298.0
2016-07-19,178820.0
2016-07-20,172709.0
2016-07-21,165576.0
2016-07-22,139149.0
2016-07-23,71066.0
2016-07-24,78637.0
2016-07-25,168845.0
2016-07-26,174947.0
2016-07-27,169588.0
2016-07-28,163432.0
2016-07-29,138092.0
2016-07-30,71064.0
2016-07-31,80278.0
2016-08-01,172723.0
2016-08-02,180705.0
2016-08-03,177230.0
2016-08-04,172978.0
2016-08-05,149422.0
2016-08-06,83892.0
2016-08-07,94922.0
2016-08-08,189501.0
2016-08-09,198982.0
2016-08-10,196739.0
2016-08-11,193488.0
2016-08-12,170578.0
2016-08-13,105203.0
2016-08-14,116538.0
2016-08-15,211607.0
2016-08-16,220854.0
2016-08-17,218067.0
2016-08-18,214037.0
2016-08-19,190040.0
2016-08-20,123175.0
2016-08-21,133297.0
2016-08-22,227503.0
2016-08-23,235356.0
2016-08-24,231064.0
2016-08-25,225535.0
2016-08-26,199983.0
2016-08-27,131432.0
2016-08-28,140368.0
2016-08-29,233930.0
2016-08-30,240862.0
2016-08-31,235774.0
2016-09-01,229615.0
2016-09-02,203510.0
2016-09-03,134367.0
2016-09-04,143237.0
2016-09-05,237275.0
2016-09-06,244385.0
2016-09-07,239508.0
2016-09-08,233616.0
2016-09-09,207713.0
2016-09-10,138564.0
2016-09-11,147765.0
2016-09-12,242471.0
2016-09-13,249742.0
2016-09-14,244850.0
2016-09-15,238797.0
2016-09-16,212482.0
2016-09-17,142551.0
2016-09-18,151168.0
2016-09-19,245526.0
2016-09-20,251876.0
2016-09-21,245861.0
2016-09-22,238557.0
2016-09-23,210798.0
2016-09-24,139152.0
2016-09-25,146393.0
2016-09-26,239783.0
2016-09-27,244798.0
2016-09-28,237475.0
2016-09-29,228979.0
2016-09-30,200093.0
2016-10-01,127308.0
2016-10-02,134003.0
2016-10-03,227495.0
2016-10-04,232462.0
2016-10-05,225307.0
2016-10-06,217253.0
2016-10-07,188986.0
2016-10-08,116879.0
2016-10-09,124865.0
2016-10-10,220270.0
2016-10-11,226448.0
2016-10-12,220620.0
2016-10-13,214022.0
2016-10-14,187377.0
2016-10-15,117273.0
2016-10-16,126886.0
2016-10-17,222921.0
2016-10-18,230752.0
2016-10-19,226527.0
2016-10-21,196066.0
2016-10-22,127520.0
2016-10-23,137615.0
2016-10-24,232973.0
2016-10-25,240745.0
2016-10-26,236314.0
2016-10-27,230674.0
2016-10-28,204931.0
2016-10-29,136158.0
2016-10-30,145059.0
2016-10-31,238228.0
2016-11-01,244628.0
2016-11-02,238917.0
2016-11-03,232022.0
2016-11-04,205289.0
2016-11-05,136072.0
2016-11-06,143864.0
2016-11-07,235221.0
2016-11-08,240905.0
2016-11-09,234823.0
2016-11-10,227799.0
2016-11-11,201377.0
2016-11-12,133144.0
2016-11-13,141333.0
2016-11-14,232404.0
2016-11-15,238861.0
2016-11-16,233801.0
2016-11-17,227893.0
2016-11-18,202828.0
2016-11-19,136377.0
2016-11-20,145473.0
2016-11-21,236454.0
2016-11-22,243538.0
2016-11-23,239003.0
2016-11-24,233361.0
2016-11-25,208457.0
2016-11-26,142270.0
2016-11-27,150464.0
2016-11-28,239288.0
2016-11-29,244732.0
2016-11-30,238308.0
2016-12-01,230433.0
2016-12-02,203177.0
2016-12-03,134795.0
2016-12-04,139751.0
2016-12-05,224282.0
2016-12-06,226211.0
2016-12-07,216348.0
2016-12-08,205072.0
2016-12-09,174722.0
2016-12-10,103869.0
2016-12-11,105805.0
2016-12-13,186411.0
2016-12-16,131581.0
2016-12-17,61304.0
2016-12-20,145880.0
2016-12-21,136588.0
2016-12-22,126950.0
2016-12-23,99694.0
2016-12-24,33843.0
2016-12-25,40151.0
2016-12-26,124644.0
2016-12-27,130443.0
2016-12-28,126002.0
2016-12-29,121295.0
2016-12-30,99159.0
2016-12-31,38770.0
2017-01-01,49554.0
2017-01-02,137390.0
2017-01-03,147100.0
2017-01-04,146304.0
2017-01-05,144810.0
2017-01-06,125610.0
2017-01-07,68087.0
2017-01-08,80399.0
2017-01-09,168347.0
2017-01-10,178528.0
2017-01-11,177806.0
2017-01-12,175903.0
2017-01-13,156041.0
2017-01-14,97884.0
2017-01-15,108397.0
2017-01-16,193363.0
2017-01-17,201215.0
2017-01-18,198106.0
2017-01-19,193711.0
2017-01-20,171510.0
2017-01-21,111465.0
2017-01-22,119515.0
2017-01-23,201487.0
2017-01-24,207312.0
2017-01-25,202458.0
2017-01-26,196539.0
2017-01-27,173109.0
2017-01-28,112116.0
2017-01-29,119101.0
2017-01-30,200110.0
2017-01-31,205388.0
2017-02-01,200244.0
2017-02-02,194246.0
2017-02-03,170957.0
2017-02-04,110333.0
2017-02-05,117650.0
2017-02-06,198904.0
2017-02-07,204626.0
2017-02-08,199946.0
2017-02-09,194376.0
2017-02-10,171482.0
2017-02-11,111236.0
2017-02-12,118666.0
2017-02-13,199734.0
2017-02-14,205287.0
2017-02-15,200310.0
2017-02-16,194296.0
2017-02-17,170855.0
2017-02-18,110020.0
2017-02-19,116608.0
2017-02-20,196594.0
2017-02-21,201178.0
2017-02-22,195235.0
2017-02-23,188270.0
2017-02-24,163964.0
2017-02-25,102424.0
2017-02-26,108273.0
2017-02-27,187501.0
2017-02-28,191657.0
2017-03-01,185496.0
2017-03-02,178519.0
2017-03-03,154450.0
2017-03-04,93447.0
2017-03-06,179775.0
2017-03-07,184935.0
2017-03-08,179971.0
2017-03-16,180763.0
2017-03-19,110332.0
2017-03-20,192167.0
2017-03-21,199369.0
2017-03-22,196205.0
2017-03-23,192053.0
2017-03-24,170688.0
2017-03-25,112345.0
2017-03-26,120687.0
2017-03-27,201609.0
2017-03-28,207917.0
2017-03-29,203764.0
2017-03-30,198540.0
2017-03-31,176088.0
2017-04-01,116720.0
2017-04-02,123904.0
2017-04-03,203554.0
2017-04-04,208828.0
2017-04-05,203765.0
2017-04-06,197754.0
2017-04-07,174692.0
2017-04-08,114945.0
2017-04-09,121759.0
2017-04-10,201035.0
2017-04-11,206249.0
2017-04-12,201289.0
2017-04-13,195506.0
2017-04-14,172814.0
2017-04-15,113597.0
2017-04-16,120846.0
2017-04-17,200420.0
2017-04-18,206089.0
2017-04-19,201567.0
2017-04-20,196158.0
2017-04-21,173781.0
2017-04-22,114842.0
2017-04-23,122079.0
2017-04-24,201323.0
2017-04-25,206656.0
2017-04-26,201645.0
2017-04-27,195573.0
2017-04-28,172399.0
2017-04-29,112584.0
2017-04-30,118657.0
2017-05-01,196454.0
2017-05-02,200410.0
2017-05-03,193982.0
2017-05-04,186463.0
2017-05-05,161885.0
2017-05-06,100787.0
2017-05-07,105507.0
2017-05-08,181843.0
2017-05-09,184646.0
2017-05-10,177271.0
2017-05-11,169015.0
2017-05-12,143996.0
2017-05-13,82870.0
2017-05-14,87547.0
2017-05-15,163795.0
2017-05-16,167099.0
2017-05-17,160511.0
2017-05-18,153271.0
2017-05-19,129549.0
2017-05-20,70062.0
2017-05-21,76221.0
2017-05-22,153730.0
2017-05-23,158706.0
2017-05-24,153872.0
2017-05-25,148384.0
2017-05-26,126446.0
2017-05-27,68830.0
2017-05-28,76437.0
2017-05-29,154914.0
2017-05-30,161019.0
2017-05-31,157163.0
2017-06-01,152441.0
2017-06-02,131121.0
2017-06-03,74060.0
2017-06-04,81688.0
2017-06-05,159634.0
2017-06-06,165342.0
2017-06-07,160945.0
2017-06-08,155524.0
2017-06-09,133447.0
2017-06-10,75690.0
2017-06-11,82248.0
2017-06-12,158755.0
2017-06-13,163359.0
2017-06-14,157938.0
2017-06-15,151560.0
2017-06-16,128694.0
2017-06-17,70436.0
2017-06-18,76327.0
2017-06-19,151991.0
2017-06-20,156259.0
2017-06-21,150721.0
2017-06-22,144402.0
2017-06-26,146490.0
2017-06-27,151451.0
2017-06-28,146748.0
2017-06-29,141310.0
2017-06-30,119714.0
2017-07-01,63172.0
2017-07-02,70302.0
2017-07-03,146663.0
2017-07-04,152255.0
2017-07-05,148080.0
2017-07-06,143044.0
2017-07-07,121765.0
2017-07-08,65520.0
2017-07-09,72564.0
2017-07-10,148438.0
2017-07-11,153663.0
2017-07-12,149033.0
2017-07-13,143438.0
2017-07-14,121577.0
2017-07-15,64820.0
2017-07-16,71089.0
2017-07-17,145935.0
2017-07-18,150421.0
2017-07-19,145150.0
2017-07-20,139007.0
2017-07-21,116774.0
2017-07-22,59915.0
2017-07-23,66011.0
2017-07-24,140609.0
2017-07-25,145296.0
2017-07-26,140456.0
2017-07-27,134942.0
2017-07-28,113590.0
2017-07-29,57919.0
2017-07-30,65134.0
2017-07-31,140741.0
2017-08-01,146814.0
2017-08-02,143486.0
2017-08-03,139546.0
2017-08-04,119851.0
2017-08-05,65956.0
2017-08-06,74672.0
2017-08-07,151448.0
2017-08-08,158840.0
2017-08-09,156730.0
2017-08-10,153847.0
2017-08-11,135084.0
2017-08-12,82049.0
2017-08-13,91179.0
2017-08-14,167898.0
2017-08-15,175275.0
2017-08-17,170106.0
2017-08-18,150960.0
2017-08-19,97292.0
2017-08-20,105656.0
2017-08-21,181747.0
2017-08-22,188266.0
2017-08-23,185007.0
2017-08-24,180735.0
2017-08-25,160318.0
2017-08-26,105250.0
2017-08-27,112560.0
2017-08-28,187992.0
2017-08-29,193633.0
2017-08-30,189569.0
2017-08-31,184619.0
2017-09-01,163586.0
2017-09-02,107882.0
2017-09-03,114981.0
2017-09-04,190643.0
2017-09-05,196307.0
2017-09-06,192320.0
2017-09-07,187520.0
2017-09-08,166620.0
2017-09-09,110919.0
2017-09-10,118313.0
2017-09-11,194564.0
2017-09-12,200449.0
2017-09-13,196567.0
2017-09-14,191778.0
2017-09-15,170704.0
2017-09-16,114548.0
2017-09-17,121643.0
2017-09-18,197771.0
2017-09-19,203075.0
2017-09-20,198438.0
2017-09-21,192769.0
2017-09-22,170637.0
2017-09-23,113179.0
2017-09-24,119201.0
2017-09-25,194538.0
2017-09-26,198726.0
2017-09-27,192956.0
2017-09-28,186209.0
2017-09-29,163018.0
2017-09-30,104462.0
2017-10-01,109824.0
2017-10-02,184988.0
2017-10-03,188874.0
2017-10-06,153333.0
2017-10-07,95066.0
2017-10-08,101219.0
2017-10-09,177690.0
2017-10-10,182742.0
2017-10-11,178113.0
2017-10-12,172846.0
2017-10-13,151305.0
2017-10-14,94362.0
2017-10-15,102151.0
2017-10-16,180555.0
2017-10-17,187165.0
2017-10-18,183958.0
2017-10-19,179985.0
2017-10-20,159509.0
2017-10-21,103290.0
2017-10-22,111888.0
2017-10-23,191198.0
2017-10-24,198165.0
2017-10-25,195041.0
2017-10-26,190922.0
2017-10-27,170011.0
2017-10-28,113000.0
2017-10-29,120919.0
2017-10-30,199718.0
2017-10-31,205736.0
2017-11-01,201539.0
2017-11-02,196301.0
2017-11-03,174191.0
2017-11-04,115857.0
2017-11-05,122812.0
2017-11-06,201065.0
2017-11-07,206352.0
2017-11-08,201539.0
2017-11-09,195860.0
2017-11-10,173430.0
2017-11-11,114816.0
2017-11-12,121978.0
2017-11-13,200943.0
2017-11-14,206794.0
2017-11-15,202652.0
2017-11-16,197761.0
2017-11-17,176132.0
2017-11-18,118205.0
2017-11-19,126345.0
2017-11-20,206559.0
2017-11-21,213245.0
2017-11-22,209756.0
2017-11-23,205330.0
2017-11-24,183866.0
2017-11-25,125681.0
2017-11-26,133557.0
2017-11-27,213502.0
2017-11-28,219260.0
2017-11-29,214454.0
2017-11-30,208365.0
2017-12-01,184832.0
2017-12-02,124108.0
2017-12-03,129453.0
2017-12-04,206939.0
2017-12-05,209723.0
2017-12-06,201758.0
2017-12-07,192427.0
2017-12-08,165565.0
2017-12-09,101408.0
2017-12-10,103735.0
2017-12-11,178712.0
2017-12-12,178930.0
2017-12-13,168683.0
2017-12-14,157455.0
2017-12-15,129062.0
2017-12-16,63699.0
2017-12-17,65629.0
2017-12-18,141068.0
2017-12-19,141984.0
2017-12-20,132950.0
2017-12-21,123480.0
2017-12-22,97299.0
2017-12-23,34485.0
2017-12-24,39702.0
2017-12-25,119142.0
2017-12-26,124072.0
2017-12-27,119275.0
2017-12-28,114232.0
2017-12-29,92518.0
2017-12-30,34045.0
2017-12-31,43847.0
2018-01-01,128061.0
2018-01-02,137242.0
2018-01-03,136382.0
2018-01-04,134935.0
2018-01-05,116354.0
2018-01-06,60418.0
2018-01-07,72572.0
2018-01-08,158953.0
2018-01-09,169467.0
2018-01-10,169377.0
2018-01-11,167984.0
2018-01-12,148939.0
2018-01-13,92104.0
2018-01-14,103031.0
2018-01-15,187642.0
2018-01-16,196090.0
2018-01-17,193694.0
2018-01-18,190004.0
2018-01-19,168600.0
2018-01-20,109494.0
2018-01-21,117839.0
2018-01-22,199591.0
2018-01-23,205605.0
2018-01-25,195213.0
2018-01-26,172041.0
2018-01-27,111569.0
2018-01-28,118511.0
2018-01-29,198802.0
2018-01-30,203946.0
2018-01-31,198732.0
2018-02-01,192655.0
2018-02-02,169445.0
2018-02-03,109285.0
2018-02-04,116398.0
2018-02-05,196658.0
2018-02-06,202181.0
2018-02-07,197435.0
2018-02-08,191835.0
2018-02-09,169148.0
2018-02-10,109612.0
2018-02-11,116964.0
2018-02-12,197027.0
2018-02-13,202551.0
2018-02-14,197708.0
2018-02-15,191866.0
2018-02-16,168865.0
2018-02-17,109038.0
2018-02-18,115676.0
2018-02-20,199222.0
2018-02-21,193469.0
2018-02-22,186694.0
2018-02-23,162843.0
2018-02-24,102366.0
2018-02-25,108132.0
2018-02-26,185962.0
2018-03-03,92866.0
2018-03-04,98950.0
2018-03-05,176988.0
2018-03-06,181518.0
2018-03-07,176121.0
2018-03-08,170076.0
2018-03-09,147538.0
2018-03-10,89284.0
2018-03-11,96665.0
2018-03-13,181151.0
2018-03-14,177333.0
2018-03-15,172820.0
2018-03-16,151929.0
2018-03-17,95647.0
2018-03-18,104030.0
2018-03-19,182440.0
2018-03-20,189097.0
2018-03-21,185847.0
2018-03-22,181696.0
2018-03-23,161159.0
2018-03-24,105471.0
2018-03-25,113426.0
2018-03-26,190330.0
2018-03-27,196226.0
2018-03-28,192198.0
2018-03-29,187167.0
2018-03-30,165874.0
2018-03-31,109828.0
2018-04-01,116586.0
2018-04-02,191411.0
2018-04-03,196181.0
2018-04-04,191223.0
2018-04-05,185364.0
2018-04-06,163568.0
2018-04-07,107600.0
2018-04-08,113757.0
2018-04-09,187238.0
2018-04-10,191724.0
2018-04-11,186750.0
2018-04-12,181020.0
2018-04-13,159681.0
2018-04-14,104723.0
2018-04-15,111150.0
2018-04-16,184060.0
2018-04-17,188915.0
2018-04-18,184434.0
2018-04-19,179178.0
2018-04-20,158466.0
2018-04-21,104503.0
2018-04-22,111000.0
2018-04-23,182965.0
2018-04-24,187645.0
2018-04-25,182964.0
2018-04-26,177362.0
2018-04-27,156354.0
2018-04-28,102393.0
2018-04-29,107930.0
2018-04-30,177914.0
2018-05-01,181415.0
2018-05-02,175596.0
2018-05-03,168808.0
2018-05-04,146795.0
2018-05-05,92282.0
2018-05-06,96485.0
2018-05-07,164308.0
2018-05-08,166660.0
2018-05-09,159946.0
2018-05-10,152429.0
2018-05-11,130074.0
2018-05-12,75868.0
2018-05-13,79769.0
2018-05-14,146618.0
2018-05-15,149132.0
2018-05-16,142925.0
2018-05-17,136138.0
2018-05-18,114922.0
2018-05-19,62486.0
2018-05-20,67494.0
2018-05-21,134689.0
2018-05-22,138559.0
2018-05-23,133902.0
2018-05-24,128709.0
2018-05-25,109292.0
2018-05-26,59071.0
2018-05-27,65406.0
2018-05-28,132936.0
2018-05-29,137925.0
2018-05-30,134361.0
2018-05-31,130100.0
2018-06-01,111639.0
2018-06-02,62630.0
2018-06-03,69158.0
2018-06-04,135790.0
2018-06-05,140603.0
2018-06-06,136808.0
2018-06-07,132163.0
2018-06-08,113385.0
2018-06-09,64390.0
2018-06-10,70021.0
2018-06-14,132037.0
2018-06-15,112922.0
2018-06-16,62627.0
2018-06-17,68157.0
2018-06-18,135354.0
2018-06-19,139811.0
2018-06-20,135529.0
2018-06-21,130470.0
2018-06-22,110688.0
2018-06-23,58897.0
2018-06-24,64850.0
2018-06-25,134540.0
2018-06-26,139632.0
2018-06-27,135813.0
2018-06-28,131276.0
2018-06-29,111616.0
2018-06-30,59001.0
2018-07-01,65908.0
2018-07-02,138461.0
2018-07-03,144391.0
2018-07-04,141063.0
2018-07-05,136897.0
2018-07-06,117042.0
2018-07-07,63124.0
2018-07-08,70364.0
2018-07-09,145039.0
2018-07-10,150969.0
2018-07-11,147229.0
2018-07-12,142497.0
2018-07-13,121507.0
2018-07-14,65379.0
2018-07-15,72112.0
2018-07-16,148167.0
2018-07-17,153482.0
2018-07-18,148867.0
2018-07-19,143281.0
2018-07-20,121058.0
2018-07-21,62823.0
2018-07-26,142710.0
2018-07-27,120434.0
2018-08-04,69908.0
2018-08-05,79559.0
2018-08-06,164664.0
2018-08-07,173392.0
2018-08-08,171621.0
2018-08-09,169009.0
2018-08-10,148542.0
2018-08-11,89207.0
2018-08-12,99979.0
2018-08-13,187911.0
2018-08-14,197251.0
2018-08-15,195576.0
2018-08-16,192792.0
2018-08-19,120337.0
2018-08-20,209524.0
2018-08-21,217988.0
2018-08-22,215039.0
2018-08-23,210868.0
2018-08-24,187643.0
2018-08-25,123349.0
2018-08-26,132521.0
2018-08-27,222586.0
2018-08-28,230029.0
2018-08-29,225892.0
2018-08-30,220635.0
2018-08-31,196013.0
2018-09-01,129500.0
2018-09-02,138388.0
2018-09-03,230262.0
2018-09-04,237690.0
2018-09-05,233405.0
2018-09-06,228101.0
2018-09-07,203080.0
2018-09-08,135263.0
2018-09-09,144669.0
2018-09-10,239010.0
2018-09-11,246911.0
2018-09-12,242777.0
2018-09-13,237523.0
2018-09-14,211990.0
2018-09-15,142554.0
2018-09-16,151965.0
2018-09-17,248079.0
2018-09-18,255602.0
2018-09-19,250641.0
2018-09-20,244363.0
2018-09-21,217191.0
2018-09-22,144992.0
2018-09-23,153292.0
2018-09-24,250135.0
2018-09-25,256349.0
2018-09-26,249782.0
2018-09-28,212703.0
2018-09-29,137610.0
2018-09-30,144928.0
2018-10-01,242897.0
2018-10-02,248470.0
2018-10-03,240398.0
2018-10-04,231301.0
2018-10-05,201022.0
2018-10-06,124988.0
2018-10-07,132516.0
2018-10-08,230977.0
2018-10-09,236898.0
2018-10-10,230289.0
2018-10-11,222867.0
2018-10-12,194493.0
2018-10-13,120627.0
2018-10-14,130163.0
2018-10-15,230406.0
2018-10-16,238361.0
2018-10-17,233761.0
2018-10-18,228239.0
2018-10-19,201672.0
2018-10-20,129550.0
2018-10-21,140360.0
2018-10-22,241357.0
2018-10-23,250057.0
2018-10-24,245948.0
2018-10-25,240625.0
2018-10-26,214030.0
2018-10-27,141734.0
2018-10-28,151874.0
2018-10-29,251709.0
2018-10-30,259321.0
2018-10-31,254008.0
2018-11-01,247376.0
2018-11-02,219470.0
2018-11-03,145984.0
2018-11-04,154726.0
2018-11-05,252983.0
2018-11-06,259412.0
2018-11-07,253117.0
2018-11-08,245702.0
2018-11-09,217299.0
2018-11-10,143689.0
2018-11-11,152317.0
2018-11-12,250448.0
2018-11-13,257259.0
2018-11-14,251606.0
2018-11-15,245031.0
2018-11-16,217689.0
2018-11-17,145388.0
2018-11-18,155152.0
2018-11-19,254169.0
2018-11-20,262092.0
2018-11-21,257485.0
2018-11-22,251800.0
2018-11-23,225193.0
2018-11-24,153491.0
2018-11-25,163298.0
2018-11-26,261740.0
2018-11-27,268970.0
2018-11-28,263299.0
2018-11-29,256135.0
2018-11-30,227692.0
2018-12-01,153881.0
2018-12-02,160957.0
2018-12-03,256059.0
2018-12-04,259917.0
2018-12-05,250670.0
2018-12-06,239755.0
2018-12-07,207519.0
2018-12-08,130024.0
2018-12-09,133231.0
2018-12-10,224346.0
2018-12-11,224714.0
2018-12-12,212324.0
2018-12-13,198658.0
2018-12-14,164194.0
2018-12-15,85128.0
2018-12-16,87104.0
2018-12-17,177346.0
2018-12-18,177761.0
2018-12-19,166125.0
2018-12-20,153888.0
2018-12-21,121575.0
2018-12-22,45429.0
2018-12-23,50680.0
2018-12-24,144480.0
2018-12-25,149203.0
2018-12-26,142320.0
2018-12-27,135166.0
2018-12-28,108235.0
2018-12-29,37748.0
2018-12-30,48465.0
2018-12-31,147421.0
2019-01-01,157426.0
2019-01-02,155630.0
2019-01-03,153250.0
2019-01-06,78464.0
2019-01-07,179955.0
2019-01-08,192174.0
2019-01-09,192019.0
2019-01-10,190669.0
2019-01-11,168667.0
2019-01-12,102332.0
2019-01-13,115652.0
2019-01-14,215619.0
2019-01-15,226128.0
2019-01-16,223908.0
2019-01-17,220170.0
2019-01-18,195586.0
2019-01-19,126621.0
2019-01-20,136961.0
2019-01-21,233650.0
2019-01-22,241182.0
2019-01-23,236117.0
2019-01-24,229691.0
2019-01-25,202685.0
2019-01-26,131673.0
2019-01-27,140002.0
2019-01-28,234713.0
2019-01-29,240843.0
2019-01-30,234724.0
2019-01-31,227549.0
2019-02-01,200140.0
2019-02-02,129119.0
2019-02-03,137426.0
2019-02-04,232046.0
2019-02-05,238504.0
2019-02-06,232857.0
2019-02-07,226221.0
2019-02-08,199430.0
2019-02-09,129134.0
2019-02-10,137863.0
2019-02-11,232543.0
2019-02-12,239203.0
2019-02-13,233643.0
2019-02-14,226931.0
2019-02-15,199952.0
2019-02-16,129425.0
2019-02-17,137513.0
2019-02-18,231135.0
2019-02-19,236871.0
2019-02-20,230317.0
2019-02-21,222537.0
2019-02-22,194510.0
2019-02-23,123066.0
2019-02-24,130031.0
2019-02-25,222342.0
2019-02-26,227148.0
2019-02-27,219851.0
2019-02-28,211510.0
2019-03-01,183190.0
2019-03-02,111815.0
2019-03-03,118850.0
2019-03-04,211219.0
2019-03-05,216604.0
2019-03-06,210167.0
2019-03-07,202920.0
2019-03-08,175968.0
2019-03-09,106276.0
2019-03-10,114907.0
2019-03-11,208724.0
2019-03-12,215901.0
2019-03-13,211325.0
2019-03-14,205934.0
2019-03-15,180844.0
2019-03-18,218117.0
2019-03-19,226453.0
2019-03-20,222849.0
2019-03-23,126250.0
2019-03-24,136312.0
2019-03-25,230618.0
2019-03-26,238385.0
2019-03-27,234037.0
2019-03-28,228451.0
2019-03-29,202882.0
2019-03-30,134498.0
2019-03-31,143240.0
2019-04-01,235922.0
2019-04-02,242332.0
2019-04-03,236700.0
2019-04-04,229903.0
2019-04-05,203287.0
2019-04-06,134119.0
2019-04-07,141988.0
2019-04-08,233703.0
2019-04-09,239592.0
2019-04-10,233658.0
2019-04-11,226742.0
2019-04-13,131465.0
2019-04-14,139621.0
2019-04-15,231468.0
2019-04-16,237833.0
2019-04-18,226107.0
2019-04-19,200205.0
2019-04-20,132109.0
2019-04-21,140606.0
2019-04-22,232404.0
2019-04-23,238838.0
2019-04-24,233393.0
2019-04-25,226791.0
2019-04-26,200496.0
2019-04-27,131935.0
2019-04-28,139526.0
2019-04-29,229964.0
2019-04-30,235132.0
2019-05-01,228305.0
2019-05-02,220201.0
2019-05-10,173713.0
2019-05-11,102993.0
2019-05-12,108173.0
2019-05-13,195971.0
2019-05-14,199387.0
2019-05-15,191283.0
2019-05-16,182348.0
2019-05-17,154284.0
2019-05-18,84788.0
2019-05-19,91198.0
2019-05-20,180185.0
2019-05-21,185245.0
2019-05-22,178971.0
2019-05-23,171977.0
2019-05-24,145978.0
2019-05-25,78698.0
2019-05-26,87056.0
2019-05-27,177654.0
2019-05-28,184479.0
2019-05-29,179853.0
2019-05-30,174322.0
2019-05-31,149632.0
2019-06-01,83552.0
2019-06-02,92613.0
2019-06-03,183387.0
2019-06-05,185717.0
2019-06-06,179894.0
2019-06-07,154743.0
2019-06-08,88130.0
2019-06-09,96243.0
2019-06-10,185666.0
2019-06-11,191482.0
2019-06-12,185597.0
2019-06-13,178540.0
2019-06-14,152233.0
2019-06-15,84651.0
2019-06-16,91644.0
2019-06-17,179807.0
2019-06-18,184780.0
2019-06-19,178261.0
2019-06-20,170762.0
2019-06-21,144272.0
2019-06-22,76842.0
2019-06-23,83944.0
2019-06-24,172141.0
2019-06-25,177594.0
2019-06-26,171744.0
2019-06-27,165045.0
2019-06-28,139518.0
2019-06-29,73250.0
2019-06-30,81309.0
2019-07-01,170200.0
2019-07-02,176582.0
2019-07-03,171632.0
2019-07-04,165741.0
2019-07-05,140962.0
2019-07-06,75432.0
2019-07-07,83828.0
2019-07-08,172624.0
2019-07-09,179001.0
2019-07-10,173910.0
2019-07-11,167715.0
2019-07-12,142538.0
2019-07-13,76609.0
2019-07-14,84252.0
2019-07-15,171950.0
2019-07-16,177447.0
2019-07-17,171495.0
2019-07-18,164458.0
2019-07-19,138555.0
2019-07-20,72121.0
2019-07-21,79140.0
2019-07-22,166103.0
2019-07-23,171309.0
2019-07-24,165303.0
2019-07-25,158431.0
2019-07-26,132979.0
2019-07-27,67358.0
2019-07-28,75175.0
2019-07-29,162890.0
2019-07-30,169319.0
2019-07-31,164752.0
2019-08-02,135805.0
2019-08-03,72183.0
2019-08-04,81808.0
2019-08-05,171077.0
2019-08-06,179299.0
2019-08-07,176491.0
2019-08-08,172868.0
2019-08-09,150766.0
2019-08-10,88672.0
2019-08-11,99379.0
2019-08-12,189243.0
2019-08-13,198086.0
2019-08-14,195684.0
2019-08-15,192216.0
2019-08-16,170078.0
2019-08-17,107837.0
2019-08-18,117929.0
2019-08-19,206708.0
2019-08-20,214554.0
2019-08-21,211040.0
2019-08-22,206344.0
2019-08-23,182957.0
2019-08-24,119551.0
2019-08-25,128224.0
2019-08-26,215346.0
2019-08-27,221857.0
2019-08-28,217131.0
2019-08-29,211336.0
2019-08-30,187042.0
2019-08-31,123010.0
2019-09-01,130974.0
2019-09-02,217284.0
2019-09-03,223412.0
2019-09-04,218493.0
2019-09-05,212649.0
2019-09-06,188490.0
2019-09-07,124826.0
2019-09-08,132994.0
2019-09-09,219293.0
2019-09-10,225698.0
2019-09-11,221082.0
2019-09-12,215505.0
2019-09-13,191606.0
2019-09-14,128243.0
2019-09-15,136356.0
2019-09-16,222206.0
2019-09-17,228286.0
2019-09-18,223230.0
2019-09-19,217062.0
2019-09-20,192485.0
2019-09-21,128438.0
2019-09-22,135501.0
2019-09-23,219937.0
2019-09-24,224793.0
2019-09-25,218502.0
2019-09-26,211085.0
2019-09-27,185339.0
2019-09-28,120309.0
2019-09-29,126237.0
2019-09-30,209396.0
2019-10-01,213398.0
2019-10-02,206472.0
2019-10-03,198629.0
2019-10-04,172744.0
2019-10-05,107945.0
2019-10-06,114108.0
2019-10-07,197487.0
2019-10-08,202215.0
2019-10-09,196280.0
2019-10-10,189639.0
2019-10-11,165199.0
2019-10-12,102132.0
2019-10-13,109904.0
2019-10-14,194708.0
2019-10-15,201169.0
2019-10-16,197002.0
2019-10-17,192088.0
2019-10-18,169353.0
2019-10-19,108000.0
2019-10-20,117087.0
2019-10-21,202755.0
2019-10-22,210137.0
2019-10-23,206694.0
2019-10-24,202263.0
2019-10-25,179823.0
2019-10-26,118650.0
2019-10-27,127437.0
2019-10-28,212321.0
2019-10-29,218987.0
2019-10-30,214693.0
2019-10-31,209275.0
2019-11-01,185808.0
2019-11-02,123678.0
2019-11-03,131246.0
2019-11-04,214668.0
2019-11-05,220199.0
2019-11-06,214906.0
2019-11-07,208624.0
2019-11-08,184515.0
2019-11-09,122059.0
2019-11-10,129263.0
2019-11-11,212269.0
2019-11-12,217865.0
2019-11-13,212880.0
2019-11-14,207103.0
2019-11-15,183731.0
2019-11-16,122289.0
2019-11-17,130372.0
2019-11-18,214062.0
2019-11-19,220634.0
2019-11-20,216638.0
2019-11-21,211778.0
2019-11-22,189261.0
2019-11-23,128636.0
2019-11-24,137078.0
2019-11-25,220607.0
2019-11-26,226994.0
2019-11-27,222528.0
2019-11-28,216860.0
2019-11-29,193245.0
2019-11-30,131299.0
2019-12-01,137834.0
2019-12-02,218865.0
2019-12-03,222721.0
2019-12-04,215498.0
2019-12-05,206860.0
2019-12-06,180172.0
2019-12-07,115184.0
2019-12-08,118397.0
2019-12-09,195877.0
2019-12-10,196553.0
2019-12-11,186363.0
2019-12-12,175007.0
2019-12-13,145977.0
2019-12-14,79154.0
2019-12-15,80723.0
2019-12-16,156774.0
2019-12-17,156809.0
2019-12-18,146560.0
2019-12-19,135710.0
2019-12-20,107816.0
2019-12-21,42822.0
2019-12-22,46524.0
2019-12-23,124957.0
2019-12-24,128113.0
2019-12-25,121443.0
2019-12-26,114535.0
2019-12-27,90937.0
2019-12-28,30591.0
2019-12-29,38840.0
2019-12-30,121618.0
2019-12-31,129366.0
2020-01-01,127224.0
2020-01-02,124669.0
2020-01-03,105234.0
2020-01-04,48867.0
2020-01-05,60478.0
2020-01-06,145931.0
2020-01-07,156158.0
2020-01-08,156038.0
2020-01-09,154998.0
2020-01-10,136620.0
2020-01-11,80932.0
2020-01-12,92482.0
2020-01-13,177140.0
2020-01-14,186403.0
2020-01-15,184963.0
2020-01-16,182261.0
2020-01-17,161995.0
2020-01-18,104321.0
2020-01-19,113477.0
2020-01-20,195371.0
2020-01-21,202095.0
2020-01-22,198166.0
2020-01-23,193047.0
2020-01-24,170545.0
2020-01-25,110928.0
2020-01-26,118099.0
2020-01-27,197972.0
2020-01-28,203189.0
2020-01-29,198049.0
2020-01-30,191984.0
2020-01-31,168853.0
2020-02-01,108985.0
2020-02-02,115889.0
2020-02-03,195432.0
2020-02-04,200758.0
2020-02-05,195899.0
2020-02-06,190219.0
2020-02-07,167596.0
2020-02-08,108393.0
2020-02-09,115709.0
2020-02-10,195357.0
2020-02-11,200980.0
2020-02-12,196353.0
2020-02-13,190785.0
2020-02-14,168199.0
2020-02-15,109021.0
2020-02-16,115972.0
2020-02-17,194849.0
2020-02-18,199836.0
2020-02-19,194493.0
2020-02-20,188116.0
2020-02-21,164712.0
2020-02-22,104806.0
2020-02-23,110778.0
2020-02-24,188435.0
2020-02-25,192526.0
2020-02-26,186411.0
2020-02-27,179382.0
2020-02-28,155533.0
2020-02-29,95484.0
2020-03-01,101259.0
2020-03-02,178658.0
2020-03-03,182968.0
2020-03-04,177322.0
2020-03-05,170972.0
2020-03-06,148060.0
2020-03-07,89264.0
2020-03-08,96210.0
2020-03-09,174653.0
2020-03-10,180379.0
2020-03-11,176257.0
2020-03-12,171472.0
2020-03-13,150187.0
2020-03-14,93112.0
2020-03-15,101468.0
2020-03-16,180953.0
2020-03-17,187854.0
2020-03-18,184781.0
2020-03-19,180863.0
2020-03-20,160306.0
2020-03-21,103879.0
2020-03-22,112424.0
2020-03-23,191616.0
2020-03-24,198282.0
2020-03-25,194812.0
2020-03-26,190318.0
2020-03-27,169085.0
2020-03-28,111981.0
2020-03-29,119503.0
2020-03-30,197335.0
2020-03-31,202867.0
2020-04-01,198291.0
2020-04-02,192716.0
2020-04-03,170517.0
2020-04-04,112659.0
2020-04-05,119289.0
2020-04-06,196091.0
2020-04-07,200999.0
2020-04-08,195983.0
2020-04-09,190124.0
2020-04-10,167853.0
2020-04-11,110200.0
2020-04-12,116925.0
2020-04-13,193675.0
2020-04-14,198895.0
2020-04-15,194298.0
2020-04-16,188904.0
2020-04-17,167174.0
2020-04-18,110181.0
2020-04-19,117281.0
2020-04-20,194070.0
2020-04-21,199499.0
2020-04-22,195026.0
2020-04-23,189620.0
2020-04-24,167783.0
2020-04-25,110650.0
2020-04-26,117199.0
2020-04-27,193006.0
2020-04-28,197559.0
2020-04-29,192098.0
2020-04-30,185573.0
2020-05-01,162571.0
2020-05-02,104322.0
2020-05-03,109461.0
2020-05-04,183575.0
2020-05-05,186718.0
2020-05-06,179933.0
2020-05-07,172172.0
2020-05-08,148112.0
2020-05-09,89087.0
2020-05-10,93386.0
2020-05-11,166599.0
2020-05-12,169327.0
2020-05-13,162398.0
2020-05-14,154738.0
2020-05-15,131083.0
2020-05-16,72834.0
2020-05-17,77896.0
2020-05-18,151821.0
2020-05-19,155720.0
2020-05-20,150162.0
2020-05-21,144007.0
2020-05-22,122018.0
2020-05-23,65630.0
2020-05-24,72335.0
2020-05-25,147626.0
2020-05-26,153107.0
2020-05-27,149081.0
2020-05-28,144341.0
2020-05-29,123678.0
2020-05-30,68572.0
2020-05-31,76123.0
2020-06-01,151786.0
2020-06-02,157689.0
2020-06-03,153899.0
2020-06-04,149179.0
2020-06-05,128387.0
2020-06-06,73090.0
2020-06-07,80032.0
2020-06-08,154673.0
2020-06-09,159697.0
2020-06-10,154972.0
2020-06-11,149258.0
2020-06-12,127506.0
2020-06-13,71388.0
2020-06-14,77306.0
2020-06-15,150727.0
2020-06-16,154896.0
2020-06-17,149471.0
2020-06-18,143201.0
2020-06-19,121107.0
2020-06-20,64942.0
2020-06-21,70741.0
2020-06-22,143946.0
2020-06-23,148327.0
2020-06-24,143300.0
2020-06-25,137563.0
2020-06-26,116176.0
2020-06-27,60940.0
2020-06-28,67489.0
2020-06-29,141218.0
2020-06-30,146398.0
2020-07-01,142186.0
2020-07-02,137219.0
2020-07-03,116590.0
2020-07-04,62149.0
2020-07-05,69137.0
2020-07-06,142913.0
2020-07-07,148268.0
2020-07-08,144123.0
2020-07-09,139081.0
2020-07-10,118297.0
2020-07-11,63704.0
2020-07-12,70182.0
2020-07-13,143088.0
2020-07-14,147767.0
2020-07-15,142933.0
2020-07-16,137183.0
2020-07-17,115761.0
2020-07-18,60699.0
2020-07-19,66534.0
2020-07-20,138629.0
2020-07-21,142884.0
2020-07-22,137806.0
2020-07-23,131976.0
2020-07-24,110710.0
2020-07-25,56123.0
2020-07-26,62381.0
2020-07-27,134823.0
2020-07-28,139878.0
2020-07-29,135806.0
2020-07-30,131139.0
2020-07-31,111232.0
2020-08-01,58242.0
2020-08-02,65936.0
2020-08-03,139601.0
2020-08-04,146161.0
2020-08-05,143614.0
2020-08-06,140425.0
2020-08-07,121974.0
2020-08-08,70461.0
2020-08-09,79251.0
2020-08-10,153586.0
2020-08-11,160902.0
2020-08-12,158951.0
2020-08-13,156154.0
2020-08-14,137945.0
2020-08-15,86598.0
2020-08-16,95109.0
