time,average_meeting_minutes,average_meeting_minutes_with_11_to_15_calls,average_meeting_minutes_with_16_to_25_calls,average_meeting_minutes_with_26_to_50_calls,average_meeting_minutes_with_2_calls,average_meeting_minutes_with_3_to_5_calls,average_meeting_minutes_with_6_to_10_calls,lonely_meetings,max_concurrent_usage_chromebase,max_concurrent_usage_chromebox,num_1day_active_users,num_30day_active_users,num_7day_active_users,num_calls,num_calls_android,num_calls_by_external_users,num_calls_by_internal_users,num_calls_by_pstn_in_users,num_calls_by_pstn_out_users,num_calls_chromebase,num_calls_chromebox,num_calls_ios,num_calls_jamboard,num_calls_unknown_client,num_calls_web,num_meetings,num_meetings_android,num_meetings_chromebase,num_meetings_chromebox,num_meetings_ios,num_meetings_jamboard,num_meetings_unknown_client,num_meetings_web,num_meetings_with_11_to_15_calls,num_meetings_with_16_to_25_calls,num_meetings_with_26_to_50_calls,num_meetings_with_2_calls,num_meetings_with_3_to_5_calls,num_meetings_with_6_to_10_calls,num_meetings_with_external_users,num_meetings_with_pstn_in_users,num_meetings_with_pstn_out_users,total_call_minutes,total_call_minutes_android,total_call_minutes_by_external_users,total_call_minutes_by_internal_users,total_call_minutes_by_pstn_in_users,total_call_minutes_by_pstn_out_users,total_call_minutes_chromebase,total_call_minutes_chromebox,total_call_minutes_ios,total_call_minutes_jamboard,total_call_minutes_unknown_client,total_call_minutes_web,total_meeting_minutes,date,year,month
2018-01-14T00:00:00.000-0500,0,0,0,0,0,0,0,0,0,0,0,0,0,0,0,0,0,0,0,0,0,0,0,0,0,0,0,0,0,0,0,0,0,0,0,0,0,0,0,0,0,0,0,0,0,0,0,0,0,0,0,0,0,0,0,1/14/2018,2018,1
2018-01-15T00:00:00.000-0500,0,0,0,0,0,0,0,0,0,0,0,0,0,0,0,0,0,0,0,0,0,0,0,0,0,0,0,0,0,0,0,0,0,0,0,0,0,0,0,0,0,0,0,0,0,0,0,0,0,0,0,0,0,0,0,1/15/2018,2018,1
2018-01-16T00:00:00.000-0500,0,0,0,0,0,0,0,0,0,0,0,0,0,0,0,0,0,0,0,0,0,0,0,0,0,0,0,0,0,0,0,0,0,0,0,0,0,0,0,0,0,0,0,0,0,0,0,0,0,0,0,0,0,0,0,1/16/2018,2018,1
2018-01-17T00:00:00.000-0500,0,0,0,0,0,0,0,0,0,0,0,0,0,0,0,0,0,0,0,0,0,0,0,0,0,0,0,0,0,0,0,0,0,0,0,0,0,0,0,0,0,0,0,0,0,0,0,0,0,0,0,0,0,0,0,1/17/2018,2018,1
2018-01-18T00:00:00.000-0500,0,0,0,0,0,0,0,0,0,0,0,0,0,0,0,0,0,0,0,0,0,0,0,0,0,0,0,0,0,0,0,0,0,0,0,0,0,0,0,0,0,0,0,0,0,0,0,0,0,0,0,0,0,0,0,1/18/2018,2018,1
2018-01-19T00:00:00.000-0500,0,0,0,0,0,0,0,0,0,0,0,0,0,0,0,0,0,0,0,0,0,0,0,0,0,0,0,0,0,0,0,0,0,0,0,0,0,0,0,0,0,0,0,0,0,0,0,0,0,0,0,0,0,0,0,1/19/2018,2018,1
2018-01-20T00:00:00.000-0500,0,0,0,0,0,0,0,0,0,0,0,0,0,0,0,0,0,0,0,0,0,0,0,0,0,0,0,0,0,0,0,0,0,0,0,0,0,0,0,0,0,0,0,0,0,0,0,0,0,0,0,0,0,0,0,1/20/2018,2018,1
2018-01-21T00:00:00.000-0500,0,0,0,0,0,0,0,0,0,0,0,0,0,0,0,0,0,0,0,0,0,0,0,0,0,0,0,0,0,0,0,0,0,0,0,0,0,0,0,0,0,0,0,0,0,0,0,0,0,0,0,0,0,0,0,1/21/2018,2018,1
2018-01-22T00:00:00.000-0500,0,0,0,0,0,0,0,0,0,0,0,0,0,0,0,0,0,0,0,0,0,0,0,0,0,0,0,0,0,0,0,0,0,0,0,0,0,0,0,0,0,0,0,0,0,0,0,0,0,0,0,0,0,0,0,1/22/2018,2018,1
2018-01-23T00:00:00.000-0500,0,0,0,0,0,0,0,0,0,0,0,0,0,0,0,0,0,0,0,0,0,0,0,0,0,0,0,0,0,0,0,0,0,0,0,0,0,0,0,0,0,0,0,0,0,0,0,0,0,0,0,0,0,0,0,1/23/2018,2018,1
2018-01-24T00:00:00.000-0500,0,0,0,0,0,0,0,0,0,0,0,0,0,0,0,0,0,0,0,0,0,0,0,0,0,0,0,0,0,0,0,0,0,0,0,0,0,0,0,0,0,0,0,0,0,0,0,0,0,0,0,0,0,0,0,1/24/2018,2018,1
2018-01-25T00:00:00.000-0500,0,0,0,0,0,0,0,0,0,0,0,0,0,0,0,0,0,0,0,0,0,0,0,0,0,0,0,0,0,0,0,0,0,0,0,0,0,0,0,0,0,0,0,0,0,0,0,0,0,0,0,0,0,0,0,1/25/2018,2018,1
2018-01-26T00:00:00.000-0500,0,0,0,0,0,0,0,0,0,0,0,0,0,0,0,0,0,0,0,0,0,0,0,0,0,0,0,0,0,0,0,0,0,0,0,0,0,0,0,0,0,0,0,0,0,0,0,0,0,0,0,0,0,0,0,1/26/2018,2018,1
2018-01-27T00:00:00.000-0500,0,0,0,0,0,0,0,0,0,0,0,0,0,0,0,0,0,0,0,0,0,0,0,0,0,0,0,0,0,0,0,0,0,0,0,0,0,0,0,0,0,0,0,0,0,0,0,0,0,0,0,0,0,0,0,1/27/2018,2018,1
2018-01-28T00:00:00.000-0500,0,0,0,0,0,0,0,0,0,0,0,0,0,0,0,0,0,0,0,0,0,0,0,0,0,0,0,0,0,0,0,0,0,0,0,0,0,0,0,0,0,0,0,0,0,0,0,0,0,0,0,0,0,0,0,1/28/2018,2018,1
2018-01-29T00:00:00.000-0500,0,0,0,0,0,0,0,0,0,0,0,0,0,0,0,0,0,0,0,0,0,0,0,0,0,0,0,0,0,0,0,0,0,0,0,0,0,0,0,0,0,0,0,0,0,0,0,0,0,0,0,0,0,0,0,1/29/2018,2018,1
2018-01-30T00:00:00.000-0500,0,0,0,0,0,0,0,0,0,0,0,0,0,0,0,0,0,0,0,0,0,0,0,0,0,0,0,0,0,0,0,0,0,0,0,0,0,0,0,0,0,0,0,0,0,0,0,0,0,0,0,0,0,0,0,1/30/2018,2018,1
2018-01-31T00:00:00.000-0500,0,0,0,0,0,0,0,0,0,0,0,0,0,0,0,0,0,0,0,0,0,0,0,0,0,0,0,0,0,0,0,0,0,0,0,0,0,0,0,0,0,0,0,0,0,0,0,0,0,0,0,0,0,0,0,1/31/2018,2018,1
2018-02-01T00:00:00.000-0500,0,0,0,0,0,0,0,0,0,0,0,0,0,0,0,0,0,0,0,0,0,0,0,0,0,0,0,0,0,0,0,0,0,0,0,0,0,0,0,0,0,0,0,0,0,0,0,0,0,0,0,0,0,0,0,2/1/2018,2018,2
2018-02-02T00:00:00.000-0500,0,0,0,0,0,0,0,0,0,0,0,0,0,0,0,0,0,0,0,0,0,0,0,0,0,0,0,0,0,0,0,0,0,0,0,0,0,0,0,0,0,0,0,0,0,0,0,0,0,0,0,0,0,0,0,2/2/2018,2018,2
2018-02-03T00:00:00.000-0500,0,0,0,0,0,0,0,0,0,0,0,0,0,0,0,0,0,0,0,0,0,0,0,0,0,0,0,0,0,0,0,0,0,0,0,0,0,0,0,0,0,0,0,0,0,0,0,0,0,0,0,0,0,0,0,2/3/2018,2018,2
2018-02-04T00:00:00.000-0500,0,0,0,0,0,0,0,0,0,0,0,0,0,0,0,0,0,0,0,0,0,0,0,0,0,0,0,0,0,0,0,0,0,0,0,0,0,0,0,0,0,0,0,0,0,0,0,0,0,0,0,0,0,0,0,2/4/2018,2018,2
2018-02-05T00:00:00.000-0500,0,0,0,0,0,0,0,0,0,0,0,0,0,0,0,0,0,0,0,0,0,0,0,0,0,0,0,0,0,0,0,0,0,0,0,0,0,0,0,0,0,0,0,0,0,0,0,0,0,0,0,0,0,0,0,2/5/2018,2018,2
2018-02-06T00:00:00.000-0500,0,0,0,0,0,0,0,0,0,0,0,0,0,0,0,0,0,0,0,0,0,0,0,0,0,0,0,0,0,0,0,0,0,0,0,0,0,0,0,0,0,0,0,0,0,0,0,0,0,0,0,0,0,0,0,2/6/2018,2018,2
2018-02-07T00:00:00.000-0500,0,0,0,0,0,0,0,0,0,0,0,0,0,0,0,0,0,0,0,0,0,0,0,0,0,0,0,0,0,0,0,0,0,0,0,0,0,0,0,0,0,0,0,0,0,0,0,0,0,0,0,0,0,0,0,2/7/2018,2018,2
2018-02-08T00:00:00.000-0500,0,0,0,0,0,0,0,0,0,0,0,0,0,0,0,0,0,0,0,0,0,0,0,0,0,0,0,0,0,0,0,0,0,0,0,0,0,0,0,0,0,0,0,0,0,0,0,0,0,0,0,0,0,0,0,2/8/2018,2018,2
2018-02-09T00:00:00.000-0500,0,0,0,0,0,0,0,0,0,0,0,0,0,0,0,0,0,0,0,0,0,0,0,0,0,0,0,0,0,0,0,0,0,0,0,0,0,0,0,0,0,0,0,0,0,0,0,0,0,0,0,0,0,0,0,2/9/2018,2018,2
2018-02-10T00:00:00.000-0500,0,0,0,0,0,0,0,0,0,0,0,0,0,0,0,0,0,0,0,0,0,0,0,0,0,0,0,0,0,0,0,0,0,0,0,0,0,0,0,0,0,0,0,0,0,0,0,0,0,0,0,0,0,0,0,2/10/2018,2018,2
2018-02-12T00:00:00.000-0500,0,0,0,0,0,0,0,0,0,0,0,0,0,0,0,0,0,0,0,0,0,0,0,0,0,0,0,0,0,0,0,0,0,0,0,0,0,0,0,0,0,0,0,0,0,0,0,0,0,0,0,0,0,0,0,2/12/2018,2018,2
2018-02-13T00:00:00.000-0500,0,0,0,0,0,0,0,0,0,0,0,0,0,0,0,0,0,0,0,0,0,0,0,0,0,0,0,0,0,0,0,0,0,0,0,0,0,0,0,0,0,0,0,0,0,0,0,0,0,0,0,0,0,0,0,2/13/2018,2018,2
2018-02-14T00:00:00.000-0500,0,0,0,0,0,0,0,0,0,0,0,0,0,0,0,0,0,0,0,0,0,0,0,0,0,0,0,0,0,0,0,0,0,0,0,0,0,0,0,0,0,0,0,0,0,0,0,0,0,0,0,0,0,0,0,2/14/2018,2018,2
2018-02-15T00:00:00.000-0500,0,0,0,0,0,0,0,0,0,0,0,0,0,0,0,0,0,0,0,0,0,0,0,0,0,0,0,0,0,0,0,0,0,0,0,0,0,0,0,0,0,0,0,0,0,0,0,0,0,0,0,0,0,0,0,2/15/2018,2018,2
2018-02-16T00:00:00.000-0500,0,0,0,0,0,0,0,0,0,0,0,0,0,0,0,0,0,0,0,0,0,0,0,0,0,0,0,0,0,0,0,0,0,0,0,0,0,0,0,0,0,0,0,0,0,0,0,0,0,0,0,0,0,0,0,2/16/2018,2018,2
2018-02-17T00:00:00.000-0500,0,0,0,0,0,0,0,0,0,0,0,0,0,0,0,0,0,0,0,0,0,0,0,0,0,0,0,0,0,0,0,0,0,0,0,0,0,0,0,0,0,0,0,0,0,0,0,0,0,0,0,0,0,0,0,2/17/2018,2018,2
2018-02-18T00:00:00.000-0500,0,0,0,0,0,0,0,0,0,0,0,0,0,0,0,0,0,0,0,0,0,0,0,0,0,0,0,0,0,0,0,0,0,0,0,0,0,0,0,0,0,0,0,0,0,0,0,0,0,0,0,0,0,0,0,2/18/2018,2018,2
2018-02-20T00:00:00.000-0500,0,0,0,0,0,0,0,0,0,0,0,0,0,0,0,0,0,0,0,0,0,0,0,0,0,0,0,0,0,0,0,0,0,0,0,0,0,0,0,0,0,0,0,0,0,0,0,0,0,0,0,0,0,0,0,2/20/2018,2018,2
2018-02-21T00:00:00.000-0500,0,0,0,0,0,0,0,0,0,0,0,0,0,0,0,0,0,0,0,0,0,0,0,0,0,0,0,0,0,0,0,0,0,0,0,0,0,0,0,0,0,0,0,0,0,0,0,0,0,0,0,0,0,0,0,2/21/2018,2018,2
2018-02-22T00:00:00.000-0500,0,0,0,0,0,0,0,0,0,0,0,0,0,0,0,0,0,0,0,0,0,0,0,0,0,0,0,0,0,0,0,0,0,0,0,0,0,0,0,0,0,0,0,0,0,0,0,0,0,0,0,0,0,0,0,2/22/2018,2018,2
2018-02-23T00:00:00.000-0500,0,0,0,0,0,0,0,0,0,0,0,0,0,0,0,0,0,0,0,0,0,0,0,0,0,0,0,0,0,0,0,0,0,0,0,0,0,0,0,0,0,0,0,0,0,0,0,0,0,0,0,0,0,0,0,2/23/2018,2018,2
2018-02-24T00:00:00.000-0500,0,0,0,0,0,0,0,0,0,0,0,0,0,0,0,0,0,0,0,0,0,0,0,0,0,0,0,0,0,0,0,0,0,0,0,0,0,0,0,0,0,0,0,0,0,0,0,0,0,0,0,0,0,0,0,2/24/2018,2018,2
2018-02-25T00:00:00.000-0500,0,0,0,0,0,0,0,0,0,0,0,0,0,0,0,0,0,0,0,0,0,0,0,0,0,0,0,0,0,0,0,0,0,0,0,0,0,0,0,0,0,0,0,0,0,0,0,0,0,0,0,0,0,0,0,2/25/2018,2018,2
2018-02-26T00:00:00.000-0500,0,0,0,0,0,0,0,0,0,0,0,0,0,0,0,0,0,0,0,0,0,0,0,0,0,0,0,0,0,0,0,0,0,0,0,0,0,0,0,0,0,0,0,0,0,0,0,0,0,0,0,0,0,0,0,2/26/2018,2018,2
2018-02-27T00:00:00.000-0500,0,0,0,0,0,0,0,0,0,0,0,0,0,0,0,0,0,0,0,0,0,0,0,0,0,0,0,0,0,0,0,0,0,0,0,0,0,0,0,0,0,0,0,0,0,0,0,0,0,0,0,0,0,0,0,2/27/2018,2018,2
2018-02-28T00:00:00.000-0500,0,0,0,0,0,0,0,0,0,0,0,0,0,0,0,0,0,0,0,0,0,0,0,0,0,0,0,0,0,0,0,0,0,0,0,0,0,0,0,0,0,0,0,0,0,0,0,0,0,0,0,0,0,0,0,2/28/2018,2018,2
2018-03-01T00:00:00.000-0500,0,0,0,0,0,0,0,0,0,0,0,0,0,0,0,0,0,0,0,0,0,0,0,0,0,0,0,0,0,0,0,0,0,0,0,0,0,0,0,0,0,0,0,0,0,0,0,0,0,0,0,0,0,0,0,3/1/2018,2018,3
2018-03-02T00:00:00.000-0500,0,0,0,0,0,0,0,0,0,0,0,0,0,0,0,0,0,0,0,0,0,0,0,0,0,0,0,0,0,0,0,0,0,0,0,0,0,0,0,0,0,0,0,0,0,0,0,0,0,0,0,0,0,0,0,3/2/2018,2018,3
2018-03-03T00:00:00.000-0500,0,0,0,0,0,0,0,0,0,0,0,0,0,0,0,0,0,0,0,0,0,0,0,0,0,0,0,0,0,0,0,0,0,0,0,0,0,0,0,0,0,0,0,0,0,0,0,0,0,0,0,0,0,0,0,3/3/2018,2018,3
2018-03-04T00:00:00.000-0500,0,0,0,0,0,0,0,0,0,0,0,0,0,0,0,0,0,0,0,0,0,0,0,0,0,0,0,0,0,0,0,0,0,0,0,0,0,0,0,0,0,0,0,0,0,0,0,0,0,0,0,0,0,0,0,3/4/2018,2018,3
2018-03-05T00:00:00.000-0500,0,0,0,0,0,0,0,0,0,0,0,0,0,0,0,0,0,0,0,0,0,0,0,0,0,0,0,0,0,0,0,0,0,0,0,0,0,0,0,0,0,0,0,0,0,0,0,0,0,0,0,0,0,0,0,3/5/2018,2018,3
2018-03-06T00:00:00.000-0500,0,0,0,0,0,0,0,0,0,0,0,0,0,0,0,0,0,0,0,0,0,0,0,0,0,0,0,0,0,0,0,0,0,0,0,0,0,0,0,0,0,0,0,0,0,0,0,0,0,0,0,0,0,0,0,3/6/2018,2018,3
2018-03-07T00:00:00.000-0500,0,0,0,0,0,0,0,0,0,0,0,0,0,0,0,0,0,0,0,0,0,0,0,0,0,0,0,0,0,0,0,0,0,0,0,0,0,0,0,0,0,0,0,0,0,0,0,0,0,0,0,0,0,0,0,3/7/2018,2018,3
2018-03-08T00:00:00.000-0500,0,0,0,0,0,0,0,0,0,0,0,0,0,0,0,0,0,0,0,0,0,0,0,0,0,0,0,0,0,0,0,0,0,0,0,0,0,0,0,0,0,0,0,0,0,0,0,0,0,0,0,0,0,0,0,3/8/2018,2018,3
2018-03-09T00:00:00.000-0500,0,0,0,0,0,0,0,0,0,0,0,0,0,0,0,0,0,0,0,0,0,0,0,0,0,0,0,0,0,0,0,0,0,0,0,0,0,0,0,0,0,0,0,0,0,0,0,0,0,0,0,0,0,0,0,3/9/2018,2018,3
2018-03-10T00:00:00.000-0500,0,0,0,0,0,0,0,0,0,0,0,0,0,0,0,0,0,0,0,0,0,0,0,0,0,0,0,0,0,0,0,0,0,0,0,0,0,0,0,0,0,0,0,0,0,0,0,0,0,0,0,0,0,0,0,3/10/2018,2018,3
2018-03-11T00:00:00.000-0500,0,0,0,0,0,0,0,0,0,0,0,0,0,0,0,0,0,0,0,0,0,0,0,0,0,0,0,0,0,0,0,0,0,0,0,0,0,0,0,0,0,0,0,0,0,0,0,0,0,0,0,0,0,0,0,3/11/2018,2018,3
2018-03-12T00:00:00.000-0400,0,0,0,0,0,0,0,0,0,0,0,0,0,0,0,0,0,0,0,0,0,0,0,0,0,0,0,0,0,0,0,0,0,0,0,0,0,0,0,0,0,0,0,0,0,0,0,0,0,0,0,0,0,0,0,3/12/2018,2018,3
2018-03-13T00:00:00.000-0400,0,0,0,0,0,0,0,0,0,0,0,0,0,0,0,0,0,0,0,0,0,0,0,0,0,0,0,0,0,0,0,0,0,0,0,0,0,0,0,0,0,0,0,0,0,0,0,0,0,0,0,0,0,0,0,3/13/2018,2018,3
2018-03-14T00:00:00.000-0400,0,0,0,0,0,0,0,0,0,0,0,0,0,0,0,0,0,0,0,0,0,0,0,0,0,0,0,0,0,0,0,0,0,0,0,0,0,0,0,0,0,0,0,0,0,0,0,0,0,0,0,0,0,0,0,3/14/2018,2018,3
2018-03-15T00:00:00.000-0400,0,0,0,0,0,0,0,0,0,0,0,0,0,0,0,0,0,0,0,0,0,0,0,0,0,0,0,0,0,0,0,0,0,0,0,0,0,0,0,0,0,0,0,0,0,0,0,0,0,0,0,0,0,0,0,3/15/2018,2018,3
2018-03-16T00:00:00.000-0400,0,0,0,0,0,0,0,0,0,0,0,0,0,0,0,0,0,0,0,0,0,0,0,0,0,0,0,0,0,0,0,0,0,0,0,0,0,0,0,0,0,0,0,0,0,0,0,0,0,0,0,0,0,0,0,3/16/2018,2018,3
2018-03-17T00:00:00.000-0400,0,0,0,0,0,0,0,0,0,0,0,0,0,0,0,0,0,0,0,0,0,0,0,0,0,0,0,0,0,0,0,0,0,0,0,0,0,0,0,0,0,0,0,0,0,0,0,0,0,0,0,0,0,0,0,3/17/2018,2018,3
2018-03-19T00:00:00.000-0400,0,0,0,0,0,0,0,0,0,0,0,0,0,0,0,0,0,0,0,0,0,0,0,0,0,0,0,0,0,0,0,0,0,0,0,0,0,0,0,0,0,0,0,0,0,0,0,0,0,0,0,0,0,0,0,3/19/2018,2018,3
2018-03-20T00:00:00.000-0400,0,0,0,0,0,0,0,0,0,0,0,0,0,0,0,0,0,0,0,0,0,0,0,0,0,0,0,0,0,0,0,0,0,0,0,0,0,0,0,0,0,0,0,0,0,0,0,0,0,0,0,0,0,0,0,3/20/2018,2018,3
2018-03-21T00:00:00.000-0400,0,0,0,0,0,0,0,0,0,0,0,0,0,0,0,0,0,0,0,0,0,0,0,0,0,0,0,0,0,0,0,0,0,0,0,0,0,0,0,0,0,0,0,0,0,0,0,0,0,0,0,0,0,0,0,3/21/2018,2018,3
2018-03-22T00:00:00.000-0400,0,0,0,0,0,0,0,0,0,0,0,0,0,0,0,0,0,0,0,0,0,0,0,0,0,0,0,0,0,0,0,0,0,0,0,0,0,0,0,0,0,0,0,0,0,0,0,0,0,0,0,0,0,0,0,3/22/2018,2018,3
2018-03-23T00:00:00.000-0400,0,0,0,0,0,0,0,0,0,0,0,0,0,0,0,0,0,0,0,0,0,0,0,0,0,0,0,0,0,0,0,0,0,0,0,0,0,0,0,0,0,0,0,0,0,0,0,0,0,0,0,0,0,0,0,3/23/2018,2018,3
2018-03-24T00:00:00.000-0400,0,0,0,0,0,0,0,0,0,0,0,0,0,0,0,0,0,0,0,0,0,0,0,0,0,0,0,0,0,0,0,0,0,0,0,0,0,0,0,0,0,0,0,0,0,0,0,0,0,0,0,0,0,0,0,3/24/2018,2018,3
2018-03-25T00:00:00.000-0400,0,0,0,0,0,0,0,0,0,0,0,0,0,0,0,0,0,0,0,0,0,0,0,0,0,0,0,0,0,0,0,0,0,0,0,0,0,0,0,0,0,0,0,0,0,0,0,0,0,0,0,0,0,0,0,3/25/2018,2018,3
2018-03-26T00:00:00.000-0400,0,0,0,0,0,0,0,0,0,0,0,0,0,0,0,0,0,0,0,0,0,0,0,0,0,0,0,0,0,0,0,0,0,0,0,0,0,0,0,0,0,0,0,0,0,0,0,0,0,0,0,0,0,0,0,3/26/2018,2018,3
2018-03-27T00:00:00.000-0400,0,0,0,0,0,0,0,0,0,0,0,0,0,0,0,0,0,0,0,0,0,0,0,0,0,0,0,0,0,0,0,0,0,0,0,0,0,0,0,0,0,0,0,0,0,0,0,0,0,0,0,0,0,0,0,3/27/2018,2018,3
2018-03-28T00:00:00.000-0400,0,0,0,0,0,0,0,0,0,0,0,0,0,0,0,0,0,0,0,0,0,0,0,0,0,0,0,0,0,0,0,0,0,0,0,0,0,0,0,0,0,0,0,0,0,0,0,0,0,0,0,0,0,0,0,3/28/2018,2018,3
2018-03-29T00:00:00.000-0400,0,0,0,0,0,0,0,0,0,0,0,0,0,0,0,0,0,0,0,0,0,0,0,0,0,0,0,0,0,0,0,0,0,0,0,0,0,0,0,0,0,0,0,0,0,0,0,0,0,0,0,0,0,0,0,3/29/2018,2018,3
2018-03-30T00:00:00.000-0400,0,0,0,0,0,0,0,0,0,0,0,0,0,0,0,0,0,0,0,0,0,0,0,0,0,0,0,0,0,0,0,0,0,0,0,0,0,0,0,0,0,0,0,0,0,0,0,0,0,0,0,0,0,0,0,3/30/2018,2018,3
2018-04-01T00:00:00.000-0400,0,0,0,0,0,0,0,0,0,0,0,0,0,0,0,0,0,0,0,0,0,0,0,0,0,0,0,0,0,0,0,0,0,0,0,0,0,0,0,0,0,0,0,0,0,0,0,0,0,0,0,0,0,0,0,4/1/2018,2018,4
2018-04-02T00:00:00.000-0400,0,0,0,0,0,0,0,0,0,0,0,0,0,0,0,0,0,0,0,0,0,0,0,0,0,0,0,0,0,0,0,0,0,0,0,0,0,0,0,0,0,0,0,0,0,0,0,0,0,0,0,0,0,0,0,4/2/2018,2018,4
2018-04-03T00:00:00.000-0400,0,0,0,0,0,0,0,0,0,0,0,0,0,0,0,0,0,0,0,0,0,0,0,0,0,0,0,0,0,0,0,0,0,0,0,0,0,0,0,0,0,0,0,0,0,0,0,0,0,0,0,0,0,0,0,4/3/2018,2018,4
2018-04-04T00:00:00.000-0400,0,0,0,0,0,0,0,0,0,0,0,0,0,0,0,0,0,0,0,0,0,0,0,0,0,0,0,0,0,0,0,0,0,0,0,0,0,0,0,0,0,0,0,0,0,0,0,0,0,0,0,0,0,0,0,4/4/2018,2018,4
2018-04-05T00:00:00.000-0400,0,0,0,0,0,0,0,0,0,0,0,0,0,0,0,0,0,0,0,0,0,0,0,0,0,0,0,0,0,0,0,0,0,0,0,0,0,0,0,0,0,0,0,0,0,0,0,0,0,0,0,0,0,0,0,4/5/2018,2018,4
2018-04-06T00:00:00.000-0400,0,0,0,0,0,0,0,0,0,0,0,0,0,0,0,0,0,0,0,0,0,0,0,0,0,0,0,0,0,0,0,0,0,0,0,0,0,0,0,0,0,0,0,0,0,0,0,0,0,0,0,0,0,0,0,4/6/2018,2018,4
2018-04-07T00:00:00.000-0400,0,0,0,0,0,0,0,0,0,0,0,0,0,0,0,0,0,0,0,0,0,0,0,0,0,0,0,0,0,0,0,0,0,0,0,0,0,0,0,0,0,0,0,0,0,0,0,0,0,0,0,0,0,0,0,4/7/2018,2018,4
2018-04-08T00:00:00.000-0400,0,0,0,0,0,0,0,0,0,0,0,0,0,0,0,0,0,0,0,0,0,0,0,0,0,0,0,0,0,0,0,0,0,0,0,0,0,0,0,0,0,0,0,0,0,0,0,0,0,0,0,0,0,0,0,4/8/2018,2018,4
2018-04-09T00:00:00.000-0400,0,0,0,0,0,0,0,0,0,0,0,0,0,0,0,0,0,0,0,0,0,0,0,0,0,0,0,0,0,0,0,0,0,0,0,0,0,0,0,0,0,0,0,0,0,0,0,0,0,0,0,0,0,0,0,4/9/2018,2018,4
2018-04-10T00:00:00.000-0400,0,0,0,0,0,0,0,0,0,0,0,0,0,0,0,0,0,0,0,0,0,0,0,0,0,0,0,0,0,0,0,0,0,0,0,0,0,0,0,0,0,0,0,0,0,0,0,0,0,0,0,0,0,0,0,4/10/2018,2018,4
2018-04-11T00:00:00.000-0400,0,0,0,0,0,0,0,0,0,0,0,0,0,0,0,0,0,0,0,0,0,0,0,0,0,0,0,0,0,0,0,0,0,0,0,0,0,0,0,0,0,0,0,0,0,0,0,0,0,0,0,0,0,0,0,4/11/2018,2018,4
2018-04-12T00:00:00.000-0400,0,0,0,0,0,0,0,0,0,0,0,0,0,0,0,0,0,0,0,0,0,0,0,0,0,0,0,0,0,0,0,0,0,0,0,0,0,0,0,0,0,0,0,0,0,0,0,0,0,0,0,0,0,0,0,4/12/2018,2018,4
2018-04-13T00:00:00.000-0400,0,0,0,0,0,0,0,0,0,0,0,0,0,0,0,0,0,0,0,0,0,0,0,0,0,0,0,0,0,0,0,0,0,0,0,0,0,0,0,0,0,0,0,0,0,0,0,0,0,0,0,0,0,0,0,4/13/2018,2018,4
2018-04-14T00:00:00.000-0400,0,0,0,0,0,0,0,0,0,0,0,0,0,0,0,0,0,0,0,0,0,0,0,0,0,0,0,0,0,0,0,0,0,0,0,0,0,0,0,0,0,0,0,0,0,0,0,0,0,0,0,0,0,0,0,4/14/2018,2018,4
2018-04-15T00:00:00.000-0400,0,0,0,0,0,0,0,0,0,0,0,0,0,0,0,0,0,0,0,0,0,0,0,0,0,0,0,0,0,0,0,0,0,0,0,0,0,0,0,0,0,0,0,0,0,0,0,0,0,0,0,0,0,0,0,4/15/2018,2018,4
2018-04-16T00:00:00.000-0400,0,0,0,0,0,0,0,0,0,0,0,0,0,0,0,0,0,0,0,0,0,0,0,0,0,0,0,0,0,0,0,0,0,0,0,0,0,0,0,0,0,0,0,0,0,0,0,0,0,0,0,0,0,0,0,4/16/2018,2018,4
2018-04-17T00:00:00.000-0400,0,0,0,0,0,0,0,0,0,0,0,0,0,0,0,0,0,0,0,0,0,0,0,0,0,0,0,0,0,0,0,0,0,0,0,0,0,0,0,0,0,0,0,0,0,0,0,0,0,0,0,0,0,0,0,4/17/2018,2018,4
2018-04-18T00:00:00.000-0400,0,0,0,0,0,0,0,0,0,0,0,0,0,0,0,0,0,0,0,0,0,0,0,0,0,0,0,0,0,0,0,0,0,0,0,0,0,0,0,0,0,0,0,0,0,0,0,0,0,0,0,0,0,0,0,4/18/2018,2018,4
2018-04-19T00:00:00.000-0400,0,0,0,0,0,0,0,0,0,0,0,0,0,0,0,0,0,0,0,0,0,0,0,0,0,0,0,0,0,0,0,0,0,0,0,0,0,0,0,0,0,0,0,0,0,0,0,0,0,0,0,0,0,0,0,4/19/2018,2018,4
2018-04-20T00:00:00.000-0400,0,0,0,0,0,0,0,0,0,0,0,0,0,0,0,0,0,0,0,0,0,0,0,0,0,0,0,0,0,0,0,0,0,0,0,0,0,0,0,0,0,0,0,0,0,0,0,0,0,0,0,0,0,0,0,4/20/2018,2018,4
2018-04-21T00:00:00.000-0400,0,0,0,0,0,0,0,0,0,0,0,0,0,0,0,0,0,0,0,0,0,0,0,0,0,0,0,0,0,0,0,0,0,0,0,0,0,0,0,0,0,0,0,0,0,0,0,0,0,0,0,0,0,0,0,4/21/2018,2018,4
2018-04-22T00:00:00.000-0400,0,0,0,0,0,0,0,0,0,0,0,0,0,0,0,0,0,0,0,0,0,0,0,0,0,0,0,0,0,0,0,0,0,0,0,0,0,0,0,0,0,0,0,0,0,0,0,0,0,0,0,0,0,0,0,4/22/2018,2018,4
2018-04-23T00:00:00.000-0400,0,0,0,0,0,0,0,0,0,0,0,0,0,0,0,0,0,0,0,0,0,0,0,0,0,0,0,0,0,0,0,0,0,0,0,0,0,0,0,0,0,0,0,0,0,0,0,0,0,0,0,0,0,0,0,4/23/2018,2018,4
2018-04-24T00:00:00.000-0400,0,0,0,0,0,0,0,0,0,0,0,0,0,0,0,0,0,0,0,0,0,0,0,0,0,0,0,0,0,0,0,0,0,0,0,0,0,0,0,0,0,0,0,0,0,0,0,0,0,0,0,0,0,0,0,4/24/2018,2018,4
2018-04-25T00:00:00.000-0400,0,0,0,0,0,0,0,0,0,0,0,0,0,0,0,0,0,0,0,0,0,0,0,0,0,0,0,0,0,0,0,0,0,0,0,0,0,0,0,0,0,0,0,0,0,0,0,0,0,0,0,0,0,0,0,4/25/2018,2018,4
2018-04-26T00:00:00.000-0400,26,0,0,0,0,26,0,0,0,0,1,1,1,4,1,3,1,0,0,0,0,0,0,0,0,1,1,0,0,0,0,0,0,0,0,0,0,1,0,1,0,0,89,20,68,20,0,0,0,0,0,0,0,0,26,4/26/2018,2018,4
2018-04-27T00:00:00.000-0400,0,0,0,0,0,0,0,0,0,0,0,1,1,0,0,0,0,0,0,0,0,0,0,0,0,0,0,0,0,0,0,0,0,0,0,0,0,0,0,0,0,0,0,0,0,0,0,0,0,0,0,0,0,0,0,4/27/2018,2018,4
2018-04-28T00:00:00.000-0400,0,0,0,0,0,0,0,0,0,0,0,1,1,0,0,0,0,0,0,0,0,0,0,0,0,0,0,0,0,0,0,0,0,0,0,0,0,0,0,0,0,0,0,0,0,0,0,0,0,0,0,0,0,0,0,4/28/2018,2018,4
2018-04-29T00:00:00.000-0400,0,0,0,0,0,0,0,0,0,0,0,1,1,0,0,0,0,0,0,0,0,0,0,0,0,0,0,0,0,0,0,0,0,0,0,0,0,0,0,0,0,0,0,0,0,0,0,0,0,0,0,0,0,0,0,4/29/2018,2018,4
2018-04-30T00:00:00.000-0400,0,0,0,0,0,0,0,0,0,0,0,1,1,0,0,0,0,0,0,0,0,0,0,0,0,0,0,0,0,0,0,0,0,0,0,0,0,0,0,0,0,0,0,0,0,0,0,0,0,0,0,0,0,0,0,4/30/2018,2018,4
2018-05-01T00:00:00.000-0400,0,0,0,0,0,0,0,0,0,0,0,1,1,0,0,0,0,0,0,0,0,0,0,0,0,0,0,0,0,0,0,0,0,0,0,0,0,0,0,0,0,0,0,0,0,0,0,0,0,0,0,0,0,0,0,5/1/2018,2018,5
2018-05-02T00:00:00.000-0400,0,0,0,0,0,0,0,0,0,0,0,1,1,0,0,0,0,0,0,0,0,0,0,0,0,0,0,0,0,0,0,0,0,0,0,0,0,0,0,0,0,0,0,0,0,0,0,0,0,0,0,0,0,0,0,5/2/2018,2018,5
2018-05-03T00:00:00.000-0400,48,0,0,0,0,48,0,0,0,0,0,1,0,4,0,4,0,0,0,0,0,0,0,0,0,1,0,0,0,0,0,0,0,0,0,0,0,1,0,1,0,0,148,0,148,0,0,0,0,0,0,0,0,0,48,5/3/2018,2018,5
2018-05-04T00:00:00.000-0400,0,0,0,0,0,0,0,0,0,0,0,1,0,0,0,0,0,0,0,0,0,0,0,0,0,0,0,0,0,0,0,0,0,0,0,0,0,0,0,0,0,0,0,0,0,0,0,0,0,0,0,0,0,0,0,5/4/2018,2018,5
2018-05-05T00:00:00.000-0400,0,0,0,0,0,0,0,0,0,0,0,1,0,0,0,0,0,0,0,0,0,0,0,0,0,0,0,0,0,0,0,0,0,0,0,0,0,0,0,0,0,0,0,0,0,0,0,0,0,0,0,0,0,0,0,5/5/2018,2018,5
2018-05-06T00:00:00.000-0400,0,0,0,0,0,0,0,0,0,0,0,1,0,0,0,0,0,0,0,0,0,0,0,0,0,0,0,0,0,0,0,0,0,0,0,0,0,0,0,0,0,0,0,0,0,0,0,0,0,0,0,0,0,0,0,5/6/2018,2018,5
2018-05-07T00:00:00.000-0400,0,0,0,0,0,0,0,0,0,0,0,1,0,0,0,0,0,0,0,0,0,0,0,0,0,0,0,0,0,0,0,0,0,0,0,0,0,0,0,0,0,0,0,0,0,0,0,0,0,0,0,0,0,0,0,5/7/2018,2018,5
2018-05-08T00:00:00.000-0400,0,0,0,0,0,0,0,0,0,0,0,1,0,0,0,0,0,0,0,0,0,0,0,0,0,0,0,0,0,0,0,0,0,0,0,0,0,0,0,0,0,0,0,0,0,0,0,0,0,0,0,0,0,0,0,5/8/2018,2018,5
2018-05-09T00:00:00.000-0400,0,0,0,0,0,0,0,0,0,0,0,1,0,0,0,0,0,0,0,0,0,0,0,0,0,0,0,0,0,0,0,0,0,0,0,0,0,0,0,0,0,0,0,0,0,0,0,0,0,0,0,0,0,0,0,5/9/2018,2018,5
2018-05-10T00:00:00.000-0400,57,0,0,0,0,57,0,0,0,0,1,1,1,5,1,4,1,0,0,0,0,0,0,0,0,1,1,0,0,0,0,0,0,0,0,0,0,1,0,1,0,0,235,46,189,46,0,0,0,0,0,0,0,0,57,5/10/2018,2018,5
2018-05-11T00:00:00.000-0400,0,0,0,0,0,0,0,0,0,0,0,1,1,0,0,0,0,0,0,0,0,0,0,0,0,0,0,0,0,0,0,0,0,0,0,0,0,0,0,0,0,0,0,0,0,0,0,0,0,0,0,0,0,0,0,5/11/2018,2018,5
2018-05-12T00:00:00.000-0400,0,0,0,0,0,0,0,0,0,0,0,1,1,0,0,0,0,0,0,0,0,0,0,0,0,0,0,0,0,0,0,0,0,0,0,0,0,0,0,0,0,0,0,0,0,0,0,0,0,0,0,0,0,0,0,5/12/2018,2018,5
2018-05-13T00:00:00.000-0400,0,0,0,0,0,0,0,0,0,0,0,1,1,0,0,0,0,0,0,0,0,0,0,0,0,0,0,0,0,0,0,0,0,0,0,0,0,0,0,0,0,0,0,0,0,0,0,0,0,0,0,0,0,0,0,5/13/2018,2018,5
2018-05-14T00:00:00.000-0400,0,0,0,0,0,0,0,0,0,0,0,1,1,0,0,0,0,0,0,0,0,0,0,0,0,0,0,0,0,0,0,0,0,0,0,0,0,0,0,0,0,0,0,0,0,0,0,0,0,0,0,0,0,0,0,5/14/2018,2018,5
2018-05-15T00:00:00.000-0400,0,0,0,0,0,0,0,0,0,0,0,1,1,0,0,0,0,0,0,0,0,0,0,0,0,0,0,0,0,0,0,0,0,0,0,0,0,0,0,0,0,0,0,0,0,0,0,0,0,0,0,0,0,0,0,5/15/2018,2018,5
2018-05-16T00:00:00.000-0400,0,0,0,0,0,0,0,0,0,0,0,1,1,0,0,0,0,0,0,0,0,0,0,0,0,0,0,0,0,0,0,0,0,0,0,0,0,0,0,0,0,0,0,0,0,0,0,0,0,0,0,0,0,0,0,5/16/2018,2018,5
2018-05-17T00:00:00.000-0400,0,0,0,0,0,0,0,0,0,0,0,1,0,0,0,0,0,0,0,0,0,0,0,0,0,0,0,0,0,0,0,0,0,0,0,0,0,0,0,0,0,0,0,0,0,0,0,0,0,0,0,0,0,0,0,5/17/2018,2018,5
2018-05-18T00:00:00.000-0400,0,0,0,0,0,0,0,0,0,0,0,1,0,0,0,0,0,0,0,0,0,0,0,0,0,0,0,0,0,0,0,0,0,0,0,0,0,0,0,0,0,0,0,0,0,0,0,0,0,0,0,0,0,0,0,5/18/2018,2018,5
2018-05-19T00:00:00.000-0400,0,0,0,0,0,0,0,0,0,0,0,1,0,0,0,0,0,0,0,0,0,0,0,0,0,0,0,0,0,0,0,0,0,0,0,0,0,0,0,0,0,0,0,0,0,0,0,0,0,0,0,0,0,0,0,5/19/2018,2018,5
2018-05-20T00:00:00.000-0400,0,0,0,0,0,0,0,0,0,0,0,1,0,0,0,0,0,0,0,0,0,0,0,0,0,0,0,0,0,0,0,0,0,0,0,0,0,0,0,0,0,0,0,0,0,0,0,0,0,0,0,0,0,0,0,5/20/2018,2018,5
2018-05-21T00:00:00.000-0400,0,0,0,0,0,0,0,0,0,0,0,1,0,0,0,0,0,0,0,0,0,0,0,0,0,0,0,0,0,0,0,0,0,0,0,0,0,0,0,0,0,0,0,0,0,0,0,0,0,0,0,0,0,0,0,5/21/2018,2018,5
2018-05-22T00:00:00.000-0400,0,0,0,0,0,0,0,0,0,0,0,1,0,0,0,0,0,0,0,0,0,0,0,0,0,0,0,0,0,0,0,0,0,0,0,0,0,0,0,0,0,0,0,0,0,0,0,0,0,0,0,0,0,0,0,5/22/2018,2018,5
2018-05-23T00:00:00.000-0400,0,0,0,0,0,0,0,0,0,0,0,1,0,0,0,0,0,0,0,0,0,0,0,0,0,0,0,0,0,0,0,0,0,0,0,0,0,0,0,0,0,0,0,0,0,0,0,0,0,0,0,0,0,0,0,5/23/2018,2018,5
2018-05-24T00:00:00.000-0400,0,0,0,0,0,0,0,6,0,0,5,6,5,6,0,0,6,0,0,0,0,0,0,0,6,0,0,0,0,0,0,0,0,0,0,0,0,0,0,0,0,0,3,0,0,3,0,0,0,0,0,0,0,3,0,5/24/2018,2018,5
2018-05-25T00:00:00.000-0400,42,0,0,0,23,0,62,2,0,0,4,10,9,11,0,5,6,0,0,0,0,0,0,0,6,2,0,0,0,0,0,0,2,0,0,0,1,0,1,1,0,0,463,0,295,167,0,0,0,0,0,0,0,167,85,5/25/2018,2018,5
2018-05-26T00:00:00.000-0400,0,0,0,0,0,0,0,0,0,0,0,10,9,0,0,0,0,0,0,0,0,0,0,0,0,0,0,0,0,0,0,0,0,0,0,0,0,0,0,0,0,0,0,0,0,0,0,0,0,0,0,0,0,0,0,5/26/2018,2018,5
2018-05-27T00:00:00.000-0400,0,0,0,0,0,0,0,1,0,0,1,11,10,1,0,0,1,0,0,0,0,0,0,0,1,0,0,0,0,0,0,0,0,0,0,0,0,0,0,0,0,0,0,0,0,0,0,0,0,0,0,0,0,0,0,5/27/2018,2018,5
2018-05-28T00:00:00.000-0400,40,0,0,0,56,9,0,3,0,0,6,17,16,12,0,2,10,0,0,0,0,0,0,0,10,3,0,0,0,0,0,0,3,0,0,0,2,1,0,1,0,0,272,0,13,259,0,0,0,0,0,0,0,259,122,5/28/2018,2018,5
2018-05-29T00:00:00.000-0400,37,0,0,0,40,30,0,9,0,0,22,36,35,36,0,2,32,1,1,0,0,0,0,0,32,9,0,0,0,0,0,0,9,0,0,0,6,3,0,2,1,1,959,0,42,886,31,0,0,0,0,0,0,886,337,5/29/2018,2018,5
2018-05-30T00:00:00.000-0400,32,0,0,0,27,58,0,6,0,0,12,45,44,21,0,2,17,2,0,0,0,0,0,0,17,6,0,0,0,0,0,0,6,0,0,0,5,1,0,1,2,0,555,0,107,403,44,0,0,0,0,0,0,403,193,5/30/2018,2018,5
2018-05-31T00:00:00.000-0400,25,0,0,0,24,27,24,8,0,0,21,60,54,34,0,5,26,3,0,0,0,2,0,0,24,8,0,0,0,1,0,0,8,0,0,0,4,3,1,2,2,0,883,0,63,813,5,0,0,0,24,0,0,789,203,5/31/2018,2018,5
2018-06-01T00:00:00.000-0400,52,0,0,0,60,6,0,4,0,0,13,65,57,23,0,0,23,0,0,0,0,0,0,0,23,7,0,0,0,0,0,0,7,0,0,0,6,1,0,0,0,0,782,0,0,782,0,0,0,0,0,0,0,782,368,6/1/2018,2018,6
2018-06-02T00:00:00.000-0400,0,0,0,0,0,0,0,0,0,0,0,65,57,0,0,0,0,0,0,0,0,0,0,0,0,0,0,0,0,0,0,0,0,0,0,0,0,0,0,0,0,0,0,0,0,0,0,0,0,0,0,0,0,0,0,6/2/2018,2018,6
2018-06-03T00:00:00.000-0400,112,0,0,0,112,0,0,3,0,0,4,67,58,5,0,0,5,0,0,0,0,0,0,0,5,1,0,0,0,0,0,0,1,0,0,0,1,0,0,0,0,0,241,0,0,241,0,0,0,0,0,0,0,241,112,6/3/2018,2018,6
2018-06-04T00:00:00.000-0400,21,0,0,0,7,48,0,7,0,0,10,75,63,16,0,1,14,0,1,0,0,0,0,0,14,3,0,0,0,0,0,0,3,0,0,0,2,1,0,1,0,1,268,0,1,266,0,0,0,0,0,0,0,266,63,6/4/2018,2018,6
2018-06-05T00:00:00.000-0400,26,0,0,0,24,21,40,2,0,0,16,84,57,27,0,0,25,2,0,0,0,0,0,0,25,7,0,0,0,0,0,0,7,0,0,0,5,1,1,0,2,0,602,0,0,551,50,0,0,0,0,0,0,551,184,6/5/2018,2018,6
2018-06-06T00:00:00.000-0400,27,0,0,0,25,31,0,7,0,0,26,101,66,34,0,0,31,1,2,0,0,0,0,0,31,11,0,0,0,0,0,0,11,0,0,0,8,3,0,0,1,2,832,0,0,799,31,1,0,0,0,0,0,799,301,6/6/2018,2018,6
2018-06-07T00:00:00.000-0400,45,0,0,0,34,56,96,10,0,0,35,121,81,53,0,4,47,1,1,0,0,0,0,0,47,14,0,0,0,0,0,0,14,0,0,0,9,4,1,3,1,1,1793,0,162,1614,16,0,0,0,0,0,0,1614,636,6/7/2018,2018,6
2018-06-08T00:00:00.000-0400,40,82,0,0,27,50,0,9,0,0,25,133,94,53,0,3,36,12,2,0,0,0,0,0,36,10,0,0,0,0,0,0,10,1,0,0,6,3,0,2,2,2,1825,0,190,1124,509,0,0,0,0,0,0,1124,400,6/8/2018,2018,6
2018-06-09T00:00:00.000-0400,96,0,0,0,96,0,0,3,0,0,4,133,95,5,0,0,5,0,0,0,0,0,0,0,5,1,0,0,0,0,0,0,1,0,0,0,1,0,0,0,0,0,202,0,0,202,0,0,0,0,0,0,0,202,96,6/9/2018,2018,6
2018-06-10T00:00:00.000-0400,0,0,0,0,0,0,0,0,0,0,0,133,93,0,0,0,0,0,0,0,0,0,0,0,0,0,0,0,0,0,0,0,0,0,0,0,0,0,0,0,0,0,0,0,0,0,0,0,0,0,0,0,0,0,0,6/10/2018,2018,6
2018-06-14T00:00:00.000-0400,34,0,0,0,22,88,17,4,0,0,18,180,96,24,1,0,21,2,1,0,0,1,0,0,19,5,1,0,0,0,0,0,5,0,0,0,3,1,1,0,1,1,621,2,0,587,32,1,0,0,0,0,0,585,173,6/14/2018,2018,6
2018-06-15T00:00:00.000-0400,24,0,0,0,15,47,17,7,0,0,21,184,86,47,0,5,38,4,0,0,0,0,0,0,38,12,0,0,0,0,0,0,12,0,0,0,8,3,1,3,2,0,935,0,155,742,38,0,0,0,0,0,0,742,288,6/15/2018,2018,6
2018-06-16T00:00:00.000-0400,10,0,0,0,10,0,0,1,0,0,3,187,87,3,0,0,3,0,0,0,0,0,0,0,3,1,0,0,0,0,0,0,1,0,0,0,1,0,0,0,0,0,21,0,0,21,0,0,0,0,0,0,0,21,10,6/16/2018,2018,6
2018-06-17T00:00:00.000-0400,18,0,0,0,19,17,0,3,0,0,8,191,91,15,0,2,12,0,1,0,0,0,0,0,12,5,0,0,0,0,0,0,5,0,0,0,4,1,0,2,0,1,241,0,63,174,0,4,0,0,0,0,0,174,94,6/17/2018,2018,6
2018-06-18T00:00:00.000-0400,14,0,0,0,10,27,37,8,0,0,27,198,93,71,1,10,56,3,2,0,0,4,0,0,51,20,1,0,0,2,0,0,20,0,0,0,16,3,1,6,1,2,799,16,130,623,44,0,0,0,13,0,0,593,284,6/18/2018,2018,6
2018-06-19T00:00:00.000-0400,26,0,0,0,20,39,48,10,0,0,25,204,90,54,0,4,46,4,0,0,0,0,0,0,46,14,0,0,0,0,0,0,14,0,0,0,10,3,1,3,2,0,1208,0,171,943,92,0,0,0,0,0,0,943,368,6/19/2018,2018,6
2018-06-20T00:00:00.000-0400,16,0,0,0,18,7,20,8,0,0,23,211,80,52,0,6,37,4,5,0,0,2,0,0,35,16,0,0,0,0,0,0,15,0,0,0,13,2,1,4,2,3,854,0,88,656,107,1,0,0,0,0,0,656,270,6/20/2018,2018,6
2018-06-21T00:00:00.000-0400,44,0,0,0,47,50,22,4,0,0,27,218,88,53,0,3,45,5,0,0,0,1,0,0,44,11,0,0,0,1,0,0,11,0,0,0,3,6,2,3,3,0,1771,0,103,1559,108,0,0,0,56,0,0,1502,487,6/21/2018,2018,6
2018-06-22T00:00:00.000-0400,33,0,0,0,30,14,76,3,0,0,18,222,88,38,0,9,27,2,0,0,0,1,0,0,26,10,0,0,0,1,0,0,10,0,0,0,8,1,1,1,1,0,1137,0,384,740,11,0,0,0,72,0,0,667,331,6/22/2018,2018,6
2018-06-23T00:00:00.000-0400,0,0,0,0,0,0,0,1,0,0,1,218,85,1,0,0,1,0,0,0,0,0,0,0,1,0,0,0,0,0,0,0,0,0,0,0,0,0,0,0,0,0,22,0,0,22,0,0,0,0,0,0,0,22,0,6/23/2018,2018,6
2018-06-24T00:00:00.000-0400,0,0,0,0,0,0,0,1,0,0,1,218,84,1,0,0,1,0,0,0,0,0,0,0,1,0,0,0,0,0,0,0,0,0,0,0,0,0,0,0,0,0,0,0,0,0,0,0,0,0,0,0,0,0,0,6/24/2018,2018,6
2018-06-25T00:00:00.000-0400,7,0,0,0,7,0,0,10,0,0,12,221,78,22,1,2,20,0,0,0,0,0,0,0,19,5,1,0,0,0,0,0,5,0,0,0,5,0,0,1,0,0,278,0,55,223,0,0,0,0,0,0,0,223,37,6/25/2018,2018,6
2018-06-26T00:00:00.000-0400,22,0,0,0,20,25,0,8,0,0,16,224,69,30,0,0,29,1,0,0,0,0,0,0,29,7,0,0,0,0,0,0,7,0,0,0,4,3,0,0,1,0,489,0,0,488,1,0,0,0,0,0,0,488,157,6/26/2018,2018,6
2018-06-27T00:00:00.000-0400,27,0,0,0,14,33,21,12,0,0,27,232,71,60,2,9,44,7,0,0,0,1,0,0,41,10,2,0,0,1,0,0,10,0,0,0,2,6,2,3,4,0,1129,13,134,890,104,0,0,0,36,0,0,840,275,6/27/2018,2018,6
2018-06-28T00:00:00.000-0400,28,0,0,0,29,35,17,1,0,0,11,222,62,17,0,1,14,2,0,0,0,0,0,0,14,5,0,0,0,0,0,0,5,0,0,0,3,1,1,1,1,0,392,0,35,323,33,0,0,0,0,0,0,323,140,6/28/2018,2018,6
2018-06-29T00:00:00.000-0400,26,0,0,0,34,12,0,2,0,0,9,222,55,10,0,0,10,0,0,0,0,1,0,0,9,3,0,0,0,1,0,0,3,0,0,0,2,1,0,0,0,0,196,0,0,196,0,0,0,0,36,0,0,160,80,6/29/2018,2018,6
2018-06-30T00:00:00.000-0400,11,0,0,0,0,23,0,2,0,0,6,220,61,8,1,0,7,0,1,0,0,2,0,0,4,2,0,0,0,1,0,0,2,0,0,0,1,1,0,0,0,1,88,0,0,88,0,0,0,0,30,0,0,57,23,6/30/2018,2018,6
2018-07-01T00:00:00.000-0400,0,0,0,0,0,0,0,0,0,0,0,219,60,0,0,0,0,0,0,0,0,0,0,0,0,0,0,0,0,0,0,0,0,0,0,0,0,0,0,0,0,0,0,0,0,0,0,0,0,0,0,0,0,0,0,7/1/2018,2018,7
2018-07-02T00:00:00.000-0400,32,0,0,0,41,37,17,4,0,0,13,225,60,18,0,0,17,1,0,0,0,0,0,0,17,3,0,0,0,0,0,0,3,0,0,0,1,1,1,0,1,0,421,0,0,405,16,0,0,0,0,0,0,405,96,7/2/2018,2018,7
2018-07-03T00:00:00.000-0400,35,0,0,0,29,47,14,1,0,0,22,228,59,35,0,3,31,1,0,0,0,1,0,0,30,9,0,0,0,1,0,0,9,0,0,0,4,4,1,3,1,0,2439,0,65,2362,11,0,0,0,29,0,0,2332,323,7/3/2018,2018,7
2018-07-04T00:00:00.000-0400,0,0,0,0,0,0,0,1,0,0,1,224,41,1,0,0,1,0,0,0,0,0,0,0,1,0,0,0,0,0,0,0,0,0,0,0,0,0,0,0,0,0,0,0,0,0,0,0,0,0,0,0,0,0,0,7/4/2018,2018,7
2018-07-05T00:00:00.000-0400,22,0,0,0,30,10,12,4,0,0,16,223,49,22,0,0,20,2,0,0,0,4,0,0,16,5,0,0,0,2,0,0,5,0,0,0,3,1,1,0,1,0,326,0,0,302,23,0,0,0,48,0,0,254,113,7/5/2018,2018,7
2018-07-06T00:00:00.000-0400,16,0,0,0,8,32,0,1,0,0,14,214,51,18,0,0,16,2,0,0,0,1,0,0,15,6,0,0,0,1,0,0,6,0,0,0,4,2,0,0,2,0,324,0,0,289,34,0,0,0,12,0,0,277,98,7/6/2018,2018,7
2018-07-07T00:00:00.000-0400,3,0,0,0,3,0,0,2,0,0,1,196,46,5,0,1,4,0,0,0,0,0,0,0,4,1,0,0,0,0,0,0,1,0,0,0,1,0,0,1,0,0,36,0,3,32,0,0,0,0,0,0,0,32,3,7/7/2018,2018,7
2018-07-08T00:00:00.000-0400,0,0,0,0,0,0,0,1,0,0,1,186,47,3,0,0,2,0,1,0,0,0,0,0,2,1,0,0,0,0,0,0,1,0,0,0,1,0,0,0,0,1,7,0,0,6,0,0,0,0,0,0,0,6,0,7/8/2018,2018,7
2018-07-09T00:00:00.000-0400,30,0,0,0,25,0,76,3,0,0,17,192,56,30,0,1,23,6,0,0,0,1,0,0,22,9,0,0,0,1,0,0,9,0,0,0,8,0,1,1,3,0,924,0,29,757,136,0,0,0,19,0,0,738,276,7/9/2018,2018,7
2018-07-10T00:00:00.000-0400,31,0,0,0,11,56,12,2,0,0,21,201,55,31,1,0,28,3,0,0,0,1,0,0,26,9,1,0,0,1,0,0,9,0,0,0,4,4,1,0,2,0,884,57,0,813,70,0,0,0,36,0,0,719,283,7/10/2018,2018,7
2018-07-11T00:00:00.000-0400,54,0,0,0,36,68,0,5,0,0,18,201,60,27,2,2,24,1,0,0,0,3,0,0,19,7,1,0,0,1,0,0,7,0,0,0,3,4,0,2,1,0,1054,15,68,981,5,0,0,0,17,0,0,947,383,7/11/2018,2018,7
2018-07-12T00:00:00.000-0400,40,0,0,0,24,53,19,6,0,0,22,204,69,37,0,3,29,4,1,0,0,3,0,0,26,9,0,0,0,2,0,0,8,0,0,0,3,5,1,2,3,1,1555,0,146,1304,104,0,0,0,92,0,0,1212,360,7/12/2018,2018,7
2018-07-13T00:00:00.000-0400,33,0,0,0,41,30,0,2,0,0,11,194,71,16,0,1,13,2,0,0,0,0,0,0,13,4,0,0,0,0,0,0,4,0,0,0,1,3,0,0,1,0,369,0,13,347,7,0,0,0,0,0,0,347,133,7/13/2018,2018,7
2018-07-14T00:00:00.000-0400,0,0,0,0,0,0,0,0,0,0,0,190,70,0,0,0,0,0,0,0,0,0,0,0,0,0,0,0,0,0,0,0,0,0,0,0,0,0,0,0,0,0,0,0,0,0,0,0,0,0,0,0,0,0,0,7/14/2018,2018,7
2018-07-15T00:00:00.000-0400,0,0,0,0,0,0,0,1,0,0,1,188,70,1,0,0,1,0,0,0,0,1,0,0,0,0,0,0,0,0,0,0,0,0,0,0,0,0,0,0,0,0,0,0,0,0,0,0,0,0,0,0,0,0,0,7/15/2018,2018,7
2018-07-18T00:00:00.000-0400,42,0,0,0,47,30,0,8,0,0,21,182,42,37,0,0,34,1,2,0,0,0,0,0,34,10,0,0,0,0,0,0,10,0,0,0,7,3,0,0,1,2,989,0,0,978,7,2,0,0,0,0,0,978,421,7/18/2018,2018,7
2018-07-19T00:00:00.000-0400,39,0,0,0,25,57,55,4,0,0,20,177,40,39,2,11,26,2,0,0,0,1,0,0,23,9,1,0,0,1,0,0,9,0,0,0,5,2,2,2,1,0,1344,1,575,740,29,0,0,0,2,0,0,736,352,7/19/2018,2018,7
2018-07-20T00:00:00.000-0400,19,0,0,0,23,10,0,0,0,0,10,161,41,16,0,1,15,0,0,0,0,0,0,0,15,6,0,0,0,0,0,0,6,0,0,0,4,2,0,1,0,0,276,0,36,240,0,0,0,0,0,0,0,240,115,7/20/2018,2018,7
2018-07-21T00:00:00.000-0400,0,0,0,0,0,0,0,0,0,0,0,158,41,0,0,0,0,0,0,0,0,0,0,0,0,0,0,0,0,0,0,0,0,0,0,0,0,0,0,0,0,0,0,0,0,0,0,0,0,0,0,0,0,0,0,7/21/2018,2018,7
2018-07-26T00:00:00.000-0400,17,0,0,0,19,13,0,2,0,0,9,164,37,12,0,1,10,1,0,0,0,0,0,0,10,3,0,0,0,0,0,0,3,0,0,0,2,1,0,1,1,0,152,0,0,140,12,0,0,0,0,0,0,140,52,7/26/2018,2018,7
2018-07-27T00:00:00.000-0400,35,0,0,0,14,57,13,2,0,0,9,157,36,19,0,6,12,1,0,0,0,0,0,0,12,4,0,0,0,0,0,0,3,0,0,0,1,2,1,1,1,0,624,0,392,217,13,0,0,0,0,0,0,217,142,7/27/2018,2018,7
2018-08-05T00:00:00.000-0400,0,0,0,0,0,0,0,0,0,0,0,145,53,0,0,0,0,0,0,0,0,0,0,0,0,0,0,0,0,0,0,0,0,0,0,0,0,0,0,0,0,0,0,0,0,0,0,0,0,0,0,0,0,0,0,8/5/2018,2018,8
2018-08-06T00:00:00.000-0400,20,0,0,0,3,62,0,0,0,0,13,147,53,23,0,0,23,0,0,0,0,1,0,0,22,7,0,0,0,1,0,0,7,0,0,0,5,2,0,0,0,0,478,0,0,478,0,0,0,0,6,0,0,472,142,8/6/2018,2018,8
2018-08-07T00:00:00.000-0400,34,0,0,0,39,28,17,4,0,0,18,153,52,24,0,0,21,3,0,0,0,0,0,0,21,7,0,0,0,0,0,0,7,0,0,0,5,1,1,0,2,0,601,0,0,540,60,0,0,0,0,0,0,540,242,8/7/2018,2018,8
2018-08-08T00:00:00.000-0400,28,0,0,0,31,19,0,5,0,0,16,156,57,33,0,0,32,0,1,0,0,3,0,0,29,8,0,0,0,3,0,0,8,0,0,0,6,2,0,0,0,1,555,0,0,555,0,0,0,0,85,0,0,469,228,8/8/2018,2018,8
2018-08-09T00:00:00.000-0400,24,0,0,0,23,32,13,1,0,0,14,131,49,26,0,3,20,2,1,0,0,2,0,0,18,8,0,0,0,1,0,0,6,0,0,0,5,2,1,2,2,1,587,0,10,556,9,11,0,0,9,0,0,547,197,8/9/2018,2018,8
2018-08-11T00:00:00.000-0400,96,0,0,0,96,0,0,2,0,0,2,139,48,4,0,1,3,0,0,0,0,0,0,0,3,1,0,0,0,0,0,0,1,0,0,0,1,0,0,1,0,0,231,0,97,133,0,0,0,0,0,0,0,133,96,8/11/2018,2018,8
2018-08-13T00:00:00.000-0400,37,0,0,0,38,0,36,2,0,0,20,148,59,24,1,0,23,1,0,0,0,0,0,0,22,8,1,0,0,0,0,0,8,0,0,0,7,0,1,0,1,0,788,0,0,756,32,0,0,0,0,0,0,755,303,8/13/2018,2018,8
2018-08-14T00:00:00.000-0400,31,0,0,0,37,18,0,3,0,0,12,152,55,28,0,0,25,1,2,0,0,0,0,0,25,9,0,0,0,0,0,0,9,0,0,0,6,3,0,0,1,2,718,0,0,697,12,8,0,0,0,0,0,697,282,8/14/2018,2018,8
2018-08-15T00:00:00.000-0400,41,0,0,0,40,42,0,6,0,0,22,161,60,30,0,4,26,0,0,0,0,2,0,0,24,8,0,0,0,2,0,0,8,0,0,0,5,3,0,1,0,0,860,0,16,843,0,0,0,0,113,0,0,730,328,8/15/2018,2018,8
2018-08-16T00:00:00.000-0400,40,0,0,0,133,24,0,4,0,0,20,161,62,31,1,1,27,2,1,0,0,1,0,0,25,7,1,0,0,1,0,0,7,0,0,0,1,6,0,1,1,1,2167,40,26,2119,15,6,0,0,36,0,0,2043,280,8/16/2018,2018,8
2018-08-17T00:00:00.000-0400,44,0,0,0,39,48,0,5,0,0,23,164,67,35,0,4,31,0,0,0,0,6,0,0,25,10,0,0,0,3,0,0,10,0,0,0,5,5,0,3,0,0,1211,0,281,929,0,0,0,0,114,0,0,815,440,8/17/2018,2018,8
2018-08-18T00:00:00.000-0400,0,0,0,0,0,0,0,0,0,0,0,157,66,0,0,0,0,0,0,0,0,0,0,0,0,0,0,0,0,0,0,0,0,0,0,0,0,0,0,0,0,0,0,0,0,0,0,0,0,0,0,0,0,0,0,8/18/2018,2018,8
2018-08-19T00:00:00.000-0400,30,0,0,0,30,0,0,5,0,0,7,158,70,11,0,0,10,0,1,0,0,0,0,0,10,3,0,0,0,0,0,0,3,0,0,0,3,0,0,0,0,1,225,0,0,225,0,0,0,0,0,0,0,225,92,8/19/2018,2018,8
2018-08-20T00:00:00.000-0400,54,0,0,0,64,18,99,2,0,0,17,168,71,29,2,2,26,1,0,0,0,1,0,0,23,6,1,0,0,1,0,0,6,0,0,0,3,2,1,2,1,0,1132,42,168,944,19,0,0,0,0,0,0,901,328,8/20/2018,2018,8
2018-08-21T00:00:00.000-0400,37,0,0,0,40,35,26,11,0,0,43,188,94,65,2,1,60,1,3,0,0,7,0,0,51,14,2,0,0,3,0,0,14,0,0,0,7,6,1,1,1,1,1680,74,48,1608,21,1,0,0,171,0,0,1362,524,8/21/2018,2018,8
2018-08-22T00:00:00.000-0400,26,0,0,0,13,38,0,19,0,0,33,202,106,54,3,5,45,3,1,0,0,13,0,0,29,11,2,0,0,2,0,0,10,0,0,0,5,6,0,3,2,1,948,54,126,762,59,1,0,0,47,0,0,660,295,8/22/2018,2018,8
2018-08-23T00:00:00.000-0400,34,0,0,0,36,12,46,10,0,0,39,219,122,69,3,4,62,3,0,0,0,7,0,0,52,15,1,0,0,3,0,0,15,0,0,0,11,2,2,2,2,0,1452,6,79,1350,23,0,0,0,141,0,0,1202,522,8/23/2018,2018,8
2018-08-24T00:00:00.000-0400,31,0,0,0,29,35,0,9,0,0,25,231,127,49,4,6,41,1,1,0,0,5,0,0,32,14,2,0,0,1,0,0,14,0,0,0,11,3,0,2,1,1,1193,59,244,939,8,0,0,0,14,0,0,864,435,8/24/2018,2018,8
2018-08-25T00:00:00.000-0400,41,0,0,0,12,54,58,1,0,0,12,237,136,16,0,1,15,0,0,0,0,0,0,0,15,3,0,0,0,0,0,0,3,0,0,0,1,1,1,1,0,0,629,0,12,616,0,0,0,0,0,0,0,616,125,8/25/2018,2018,8
2018-08-26T00:00:00.000-0400,44,0,0,0,2,51,58,6,0,0,22,249,144,46,2,4,37,5,0,0,0,7,0,0,28,6,1,0,0,2,0,0,6,0,0,0,1,4,1,2,2,0,1236,26,108,934,193,0,0,0,241,0,0,665,266,8/26/2018,2018,8
2018-08-27T00:00:00.000-0400,42,0,0,0,44,34,73,7,0,0,38,267,159,57,0,7,50,0,0,0,0,4,0,0,46,16,0,0,0,1,0,0,15,0,0,0,9,6,1,5,0,0,2107,0,241,1865,0,0,0,0,5,0,0,1860,683,8/27/2018,2018,8
2018-08-28T00:00:00.000-0400,34,0,0,0,30,40,0,4,0,0,21,271,144,27,0,1,25,0,1,0,0,1,0,0,24,7,0,0,0,1,0,0,7,0,0,0,4,3,0,1,0,0,859,0,52,806,0,0,0,0,10,0,0,795,243,8/28/2018,2018,8
2018-08-29T00:00:00.000-0400,33,0,0,0,29,36,47,17,0,0,38,281,151,68,3,4,58,4,2,0,0,8,0,0,47,15,2,0,0,2,0,0,15,0,0,0,10,3,2,4,3,2,1662,113,274,1244,143,0,0,0,40,0,0,1090,499,8/29/2018,2018,8
2018-08-30T00:00:00.000-0400,26,0,0,0,24,31,17,2,0,0,25,287,145,35,2,2,30,3,0,0,0,2,0,0,26,8,1,0,0,2,0,0,8,0,0,0,3,4,1,2,2,0,687,25,74,566,47,0,0,0,34,0,0,506,215,8/30/2018,2018,8
2018-08-31T00:00:00.000-0400,48,0,0,0,52,44,0,3,0,0,20,280,141,32,0,4,28,0,0,0,0,1,0,0,27,8,0,0,0,1,0,0,8,0,0,0,4,4,0,2,0,0,1099,0,218,881,0,0,0,0,8,0,0,873,387,8/31/2018,2018,8
2018-09-01T00:00:00.000-0400,31,0,0,0,0,0,31,0,0,0,5,280,134,7,0,1,6,0,0,0,0,2,0,0,4,1,0,0,0,1,0,0,1,0,0,0,0,0,1,1,0,0,135,0,2,133,0,0,0,0,50,0,0,82,31,9/1/2018,2018,9
2018-09-02T00:00:00.000-0400,22,0,0,0,22,0,0,2,0,0,6,282,122,6,0,0,6,0,0,0,0,0,0,0,6,2,0,0,0,0,0,0,2,0,0,0,2,0,0,0,0,0,111,0,0,111,0,0,0,0,0,0,0,111,45,9/2/2018,2018,9
2018-09-03T00:00:00.000-0400,59,0,0,0,59,0,0,6,0,0,4,284,98,11,0,4,7,0,0,0,0,0,0,0,7,2,0,0,0,0,0,0,2,0,0,0,2,0,0,2,0,0,272,0,123,149,0,0,0,0,0,0,0,149,118,9/3/2018,2018,9
2018-09-04T00:00:00.000-0400,29,0,0,0,12,44,19,8,0,0,33,290,102,57,2,1,51,3,2,0,0,1,0,0,48,14,1,0,0,1,0,0,14,0,0,0,6,7,1,1,3,1,1430,35,32,1303,94,0,0,0,21,0,0,1246,406,9/4/2018,2018,9
2018-09-06T00:00:00.000-0400,32,0,0,0,26,26,69,9,0,0,25,291,89,44,0,2,39,3,0,0,0,5,0,0,34,7,0,0,0,2,0,0,7,0,0,0,2,4,1,2,2,0,911,0,83,753,74,0,0,0,210,0,0,542,228,9/6/2018,2018,9
2018-09-07T00:00:00.000-0400,42,0,0,0,42,42,0,9,0,0,31,304,100,53,0,7,43,2,1,0,0,2,0,0,41,17,0,0,0,1,0,0,17,0,0,0,12,5,0,5,1,1,1731,0,373,1302,56,0,0,0,44,0,0,1257,719,9/7/2018,2018,9
2018-09-08T00:00:00.000-0400,60,0,0,0,0,66,54,2,0,0,11,307,110,15,0,1,14,0,0,0,0,2,0,0,12,2,0,0,0,2,0,0,2,0,0,0,0,1,1,1,0,0,518,0,0,518,0,0,0,0,103,0,0,414,121,9/8/2018,2018,9
2018-09-09T00:00:00.000-0400,37,0,0,0,22,58,33,3,0,0,25,310,118,34,1,5,28,0,1,0,0,5,0,0,22,8,1,0,0,2,0,0,8,0,0,0,4,3,1,3,0,1,985,34,86,898,0,1,0,0,82,0,0,780,300,9/9/2018,2018,9
2018-09-10T00:00:00.000-0400,51,0,0,0,26,59,81,7,0,0,40,319,137,61,0,11,46,4,0,0,0,1,0,0,45,14,0,0,0,1,0,0,14,0,0,0,5,7,2,5,3,0,2388,0,394,1849,145,0,0,0,98,0,0,1750,715,9/10/2018,2018,9
2018-09-11T00:00:00.000-0400,44,0,0,0,40,44,66,4,0,0,38,331,144,57,2,2,48,7,0,0,0,0,0,0,46,15,2,0,0,0,0,0,15,0,0,0,6,8,1,1,6,0,2149,109,30,1772,347,0,0,0,0,0,0,1662,667,9/11/2018,2018,9
2018-09-12T00:00:00.000-0400,57,0,0,0,42,64,0,7,0,0,40,334,145,65,1,6,54,5,0,0,0,7,0,0,46,15,1,0,0,3,0,0,15,0,0,0,5,10,0,3,2,0,3113,135,412,2492,209,0,0,0,220,0,0,2135,859,9/12/2018,2018,9
2018-09-13T00:00:00.000-0400,56,0,0,0,48,70,44,12,0,0,62,361,171,98,1,5,85,8,0,0,0,5,0,0,79,22,1,0,0,3,0,0,22,0,0,0,11,8,3,4,5,0,4043,24,386,3455,201,0,0,0,183,0,0,3247,1232,9/13/2018,2018,9
2018-09-14T00:00:00.000-0400,59,0,0,0,31,82,0,1,0,0,22,363,167,28,1,0,28,0,0,0,0,2,0,0,25,9,1,0,0,2,0,0,9,0,0,0,4,5,0,0,0,0,1579,72,0,1579,0,0,0,0,65,0,0,1441,538,9/14/2018,2018,9
2018-09-15T00:00:00.000-0400,22,0,0,0,20,23,0,2,0,0,11,365,169,15,2,1,14,0,0,0,0,0,0,0,12,4,2,0,0,0,0,0,4,0,0,0,2,2,0,1,0,0,259,44,0,259,0,0,0,0,0,0,0,214,88,9/15/2018,2018,9
2018-09-16T00:00:00.000-0400,18,0,0,0,2,20,46,9,0,0,17,365,163,31,0,5,26,0,0,0,0,6,0,0,20,4,0,0,0,1,0,0,4,0,0,0,2,1,1,2,0,0,491,0,60,430,0,0,0,0,179,0,0,251,72,9/16/2018,2018,9
2018-09-17T00:00:00.000-0400,31,77,0,0,26,34,0,16,0,0,48,387,172,113,0,22,83,5,3,0,0,1,0,0,82,24,0,0,0,1,0,0,23,1,0,0,15,8,0,4,3,3,2712,0,757,1847,104,3,0,0,78,0,0,1768,746,9/17/2018,2018,9
2018-09-18T00:00:00.000-0400,40,0,0,0,33,56,10,12,0,0,41,395,176,75,0,4,63,5,3,0,0,0,0,0,63,20,0,0,0,0,0,0,20,0,0,0,12,7,1,3,4,3,2537,0,232,2192,53,59,0,0,0,0,0,2192,809,9/18/2018,2018,9
2018-09-19T00:00:00.000-0400,37,0,0,0,32,46,0,12,0,0,36,402,175,70,4,5,61,0,4,0,0,1,0,0,56,20,3,0,0,1,0,0,20,0,0,0,13,7,0,4,0,4,2096,162,106,1989,0,0,0,0,48,0,0,1778,746,9/19/2018,2018,9
2018-09-20T00:00:00.000-0400,44,0,0,0,35,48,63,6,0,0,32,399,150,53,1,2,46,4,1,0,0,3,0,0,42,13,1,0,0,1,0,0,13,0,0,0,5,7,1,1,4,1,2053,14,41,1867,142,2,0,0,278,0,0,1574,577,9/20/2018,2018,9
2018-09-21T00:00:00.000-0400,31,0,0,0,28,35,26,14,0,0,33,398,159,54,1,0,52,2,0,0,0,1,0,0,50,11,1,0,0,1,0,0,11,0,0,0,5,5,1,0,2,0,1187,4,0,1146,40,0,0,0,96,0,0,1044,346,9/21/2018,2018,9
2018-09-22T00:00:00.000-0400,88,0,0,0,73,103,0,1,0,0,8,380,157,8,0,0,8,0,0,0,0,4,0,0,4,2,0,0,0,2,0,0,2,0,0,0,1,1,0,0,0,0,585,0,0,585,0,0,0,0,283,0,0,302,176,9/22/2018,2018,9
2018-09-23T00:00:00.000-0400,40,0,0,0,31,70,39,5,0,0,25,378,162,42,2,6,34,2,0,0,0,4,0,0,28,9,1,0,0,2,0,0,8,0,0,0,6,2,1,4,1,0,1226,1,190,999,37,0,0,0,84,0,0,912,368,9/23/2018,2018,9
2018-09-24T00:00:00.000-0400,47,0,0,0,33,46,80,9,0,0,31,386,153,71,4,11,59,1,0,0,0,5,0,0,50,15,4,0,0,4,0,0,14,0,0,0,7,5,3,8,1,0,4084,79,2022,2045,15,0,0,0,16,0,0,1948,706,9/24/2018,2018,9
2018-09-25T00:00:00.000-0400,21,0,0,0,18,30,21,13,0,0,27,386,140,42,0,3,35,3,1,0,0,0,0,0,35,9,0,0,0,0,0,0,9,0,0,0,5,2,2,3,1,1,651,0,60,579,9,2,0,0,0,0,0,579,194,9/25/2018,2018,9
2018-09-26T00:00:00.000-0400,35,0,0,0,28,43,0,8,0,0,37,390,142,68,2,8,56,3,1,0,0,9,0,0,45,17,1,0,0,2,0,0,17,0,0,0,9,8,0,5,2,1,1799,4,308,1344,87,59,0,0,162,0,0,1177,600,9/26/2018,2018,9
2018-09-27T00:00:00.000-0400,30,0,0,0,25,38,0,8,0,0,38,401,150,59,3,7,48,4,0,0,0,0,0,0,45,19,2,0,0,0,0,0,19,0,0,0,12,7,0,6,2,0,1612,44,225,1243,143,0,0,0,0,0,0,1199,580,9/27/2018,2018,9
2018-09-28T00:00:00.000-0400,31,0,0,0,17,44,67,8,0,0,24,397,142,55,2,8,44,2,1,0,0,3,0,0,39,13,1,0,0,2,0,0,13,0,0,0,7,5,1,2,2,1,1494,17,401,1035,53,3,0,0,15,0,0,1003,415,9/28/2018,2018,9
2018-09-29T00:00:00.000-0400,43,0,0,0,41,46,0,3,0,0,8,385,142,12,0,0,11,1,0,0,0,0,0,0,11,3,0,0,0,0,0,0,3,0,0,0,2,1,0,0,1,0,369,0,0,325,43,0,0,0,0,0,0,325,129,9/29/2018,2018,9
2018-09-30T00:00:00.000-0400,51,0,0,0,43,52,0,14,0,0,17,389,134,36,0,5,27,2,2,0,0,6,0,0,21,7,0,0,0,2,0,0,7,0,0,0,1,6,0,4,2,2,1166,0,335,665,77,88,0,0,94,0,0,570,358,9/30/2018,2018,9
2018-10-01T00:00:00.000-0400,30,58,0,0,30,24,18,8,0,0,28,398,139,64,4,16,43,1,4,0,0,2,0,0,37,14,3,0,0,2,0,0,13,1,0,0,10,2,1,4,1,4,1751,103,602,1108,11,28,0,0,93,0,0,911,433,10/1/2018,2018,10
2018-10-02T00:00:00.000-0400,39,0,0,0,23,41,113,6,0,0,28,401,141,47,0,3,42,2,0,0,0,5,0,0,37,13,0,0,0,3,0,0,13,0,0,0,5,7,1,3,1,0,3994,0,105,3806,82,0,0,0,393,0,0,3412,519,10/2/2018,2018,10
2018-10-03T00:00:00.000-0400,36,0,0,0,26,46,0,13,0,0,54,416,152,81,2,7,70,3,1,0,0,6,0,0,62,21,2,0,0,3,0,0,21,0,0,0,11,10,0,5,3,1,5175,83,118,5024,32,0,0,0,236,0,0,4704,758,10/3/2018,2018,10
2018-10-04T00:00:00.000-0400,32,0,0,0,38,26,29,9,0,0,39,416,154,65,3,4,57,4,0,0,0,2,0,0,52,17,1,0,0,1,0,0,17,0,0,0,8,8,1,3,2,0,1537,4,124,1337,75,0,0,0,2,0,0,1329,548,10/4/2018,2018,10
2018-10-05T00:00:00.000-0400,24,0,0,0,19,28,0,6,0,0,31,413,160,44,5,1,42,1,0,0,0,4,0,0,33,12,1,0,0,2,0,0,12,0,0,0,5,7,0,1,1,0,2111,865,7,2072,30,0,0,0,96,0,0,1110,298,10/5/2018,2018,10
2018-10-06T00:00:00.000-0400,98,0,0,0,0,98,0,2,0,0,9,405,158,10,2,0,10,0,0,0,0,2,0,0,6,2,0,0,0,1,0,0,2,0,0,0,0,2,0,0,0,0,899,0,0,899,0,0,0,0,312,0,0,586,196,10/6/2018,2018,10
2018-10-07T00:00:00.000-0400,55,0,0,0,2,79,36,3,0,0,17,398,160,36,0,0,34,2,0,0,0,11,0,0,23,5,0,0,0,3,0,0,3,0,0,0,1,3,1,0,1,0,922,0,0,913,8,0,0,0,171,0,0,742,278,10/7/2018,2018,10
2018-10-08T00:00:00.000-0400,32,0,0,0,25,49,0,16,0,0,41,416,168,75,1,5,65,3,2,0,0,2,0,0,62,22,1,0,0,1,0,0,22,0,0,0,16,6,0,4,3,2,1998,48,196,1732,57,11,0,0,212,0,0,1470,707,10/8/2018,2018,10
2018-10-09T00:00:00.000-0400,38,0,0,0,37,40,0,13,0,0,47,428,181,78,0,5,71,2,0,0,0,4,1,0,66,21,0,0,0,3,1,0,21,0,0,0,13,8,0,2,1,0,2725,0,180,2470,73,0,0,0,576,3,0,1890,801,10/9/2018,2018,10
2018-10-10T00:00:00.000-0400,43,0,0,0,27,58,170,15,0,0,41,427,165,86,1,11,70,1,4,0,0,0,0,0,69,23,1,0,0,0,0,0,23,0,0,0,15,7,1,7,0,4,2852,14,417,2386,0,48,0,0,0,0,0,2371,997,10/10/2018,2018,10
2018-10-11T00:00:00.000-0400,32,0,0,0,28,39,68,24,0,0,59,446,181,99,3,5,91,3,0,0,0,5,0,0,83,27,3,0,0,2,0,0,27,0,0,0,21,5,1,4,2,0,3514,1196,137,3369,7,0,0,0,72,0,0,2099,865,10/11/2018,2018,10
2018-10-12T00:00:00.000-0400,28,63,53,0,22,29,0,4,0,0,31,458,193,80,2,24,49,7,0,0,0,7,0,0,40,14,2,0,0,1,0,0,14,1,1,0,11,1,0,3,3,0,2011,51,563,1277,170,0,0,0,110,0,0,1115,393,10/12/2018,2018,10
2018-10-13T00:00:00.000-0400,67,0,0,0,67,0,0,4,0,0,5,430,193,6,0,0,6,0,0,0,0,0,0,0,6,1,0,0,0,0,0,0,1,0,0,0,1,0,0,0,0,0,204,0,0,204,0,0,0,0,0,0,0,204,67,10/13/2018,2018,10
2018-10-14T00:00:00.000-0400,64,0,0,0,61,80,26,6,0,0,20,432,193,30,0,2,28,0,0,0,0,6,0,0,22,6,0,0,0,2,0,0,6,0,0,0,2,3,1,2,0,0,1087,0,75,1011,0,0,0,0,142,0,0,868,389,10/14/2018,2018,10
2018-10-15T00:00:00.000-0400,22,0,0,0,19,28,0,13,0,0,36,446,192,74,1,9,60,2,3,0,0,3,0,0,56,18,1,0,0,2,0,0,18,0,0,0,12,6,0,4,2,2,1414,71,232,1169,11,0,0,0,16,0,0,1081,402,10/15/2018,2018,10
2018-10-16T00:00:00.000-0400,27,0,0,0,26,30,0,9,0,0,31,455,183,69,0,10,55,4,0,0,0,10,0,0,45,23,0,0,0,5,0,0,23,0,0,0,17,6,0,9,4,0,1631,0,229,1277,125,0,0,0,140,0,0,1136,641,10/16/2018,2018,10
2018-10-17T00:00:00.000-0400,34,0,0,0,20,37,120,8,0,0,49,452,194,78,1,9,64,2,3,0,0,4,0,0,59,23,1,0,0,1,0,0,23,0,0,0,14,7,2,5,2,2,2789,57,303,2325,89,70,0,0,118,0,0,2150,793,10/17/2018,2018,10
2018-10-18T00:00:00.000-0400,31,0,0,0,25,49,52,9,0,0,43,456,177,82,0,12,66,4,0,0,0,9,0,0,57,23,0,0,0,4,0,0,23,0,0,0,17,5,1,7,2,0,2383,0,337,1996,48,0,0,0,352,0,0,1644,727,10/18/2018,2018,10
2018-10-19T00:00:00.000-0400,37,0,0,0,37,40,22,9,0,0,36,460,172,70,1,7,56,5,2,0,0,4,0,0,51,18,1,0,0,1,0,0,18,0,0,0,10,7,1,3,3,1,2037,15,143,1648,245,0,0,0,15,0,0,1617,679,10/19/2018,2018,10
2018-10-20T00:00:00.000-0400,25,0,0,0,21,34,0,1,0,0,12,452,178,27,0,4,21,2,0,0,0,4,0,0,17,7,0,0,0,3,0,0,7,0,0,0,5,2,0,3,2,0,471,0,37,421,12,0,0,0,89,0,0,331,178,10/20/2018,2018,10
2018-10-21T00:00:00.000-0400,52,0,0,0,30,102,0,3,0,0,17,445,174,31,0,4,25,1,1,0,0,7,0,0,18,10,0,0,0,4,0,0,9,0,0,0,7,3,0,3,1,1,1371,0,22,1230,117,0,0,0,216,0,0,1014,522,10/21/2018,2018,10
2018-10-22T00:00:00.000-0400,34,0,0,0,24,37,66,14,0,0,40,461,180,72,2,8,56,8,0,0,0,1,0,0,53,16,1,0,0,0,0,0,16,0,0,0,6,9,1,4,6,0,2697,4,309,2015,372,0,0,0,0,0,0,2010,556,10/22/2018,2018,10
2018-10-23T00:00:00.000-0400,28,0,0,0,25,34,8,5,0,0,40,465,181,60,0,3,51,5,1,0,0,3,0,0,48,17,0,0,0,3,0,0,17,0,0,0,8,8,1,2,5,1,1433,0,42,1246,141,2,0,0,87,0,0,1159,489,10/23/2018,2018,10
2018-10-24T00:00:00.000-0400,47,0,0,0,48,46,0,11,0,0,38,467,172,54,2,2,49,3,0,0,0,3,0,0,44,14,1,0,0,2,0,0,14,0,0,0,6,8,0,2,2,0,1966,80,90,1793,81,0,0,0,82,0,0,1630,661,10/24/2018,2018,10
2018-10-25T00:00:00.000-0400,39,0,0,0,27,52,0,11,0,0,32,468,169,68,4,4,63,1,0,0,0,0,0,0,59,15,2,0,0,0,0,0,15,0,0,0,8,7,0,3,1,0,2001,141,84,1857,59,0,0,0,0,0,0,1715,587,10/25/2018,2018,10
2018-10-26T00:00:00.000-0400,43,0,0,0,34,35,77,10,0,0,30,478,173,48,0,9,35,4,0,0,0,11,0,0,24,10,0,0,0,4,0,0,10,0,0,0,5,3,2,2,1,0,1820,0,433,1236,150,0,0,0,415,0,0,821,433,10/26/2018,2018,10
2018-10-27T00:00:00.000-0400,75,0,0,0,74,75,0,1,0,0,6,467,167,9,0,1,6,2,0,0,0,0,0,0,6,3,0,0,0,0,0,0,3,0,0,0,2,1,0,1,1,0,617,0,39,430,147,0,0,0,0,0,0,430,225,10/27/2018,2018,10
2018-10-28T00:00:00.000-0400,54,0,0,0,67,34,39,2,0,0,17,464,163,23,0,0,22,1,0,0,0,6,0,0,16,5,0,0,0,2,0,0,5,0,0,0,3,1,1,0,1,0,771,0,0,752,19,0,0,0,161,0,0,590,274,10/28/2018,2018,10
2018-10-29T00:00:00.000-0400,26,82,0,0,22,0,0,8,0,0,28,469,155,56,4,15,40,0,1,0,0,0,0,0,36,16,3,0,0,0,0,0,16,1,0,0,15,0,0,3,0,1,1612,50,655,957,0,0,0,0,0,0,0,907,418,10/29/2018,2018,10
2018-10-30T00:00:00.000-0400,43,0,0,0,42,48,0,7,0,0,26,472,143,55,0,7,43,2,3,0,0,5,0,0,38,18,0,0,0,1,0,0,18,0,0,0,15,3,0,5,1,2,1780,0,273,1437,11,57,0,0,72,0,0,1365,779,10/30/2018,2018,10
2018-10-31T00:00:00.000-0400,41,0,0,0,41,40,0,13,0,0,45,481,149,79,1,6,71,2,0,0,0,9,0,0,61,22,1,0,0,5,0,0,22,0,0,0,15,7,0,4,2,0,2359,83,161,2154,43,0,0,0,118,0,0,1952,913,10/31/2018,2018,10
2018-11-01T00:00:00.000-0400,39,0,0,0,38,37,47,7,0,0,31,486,148,42,2,3,36,2,1,0,0,3,0,0,31,13,0,0,0,2,0,0,12,0,0,0,10,2,1,3,1,1,1358,10,93,1213,50,0,0,0,73,0,0,1130,509,11/1/2018,2018,11
2018-11-02T00:00:00.000-0400,51,0,0,0,39,56,0,1,0,0,24,471,143,48,3,3,34,11,0,0,0,3,0,0,28,14,1,0,0,1,0,0,12,0,0,0,4,10,0,2,5,0,1935,15,160,1462,311,0,0,0,193,0,0,1253,719,11/2/2018,2018,11
2018-11-03T00:00:00.000-0400,90,0,0,0,27,112,0,5,0,0,11,471,147,23,1,0,23,0,0,0,0,4,0,0,18,4,1,0,0,3,0,0,4,0,0,0,1,3,0,0,0,0,1041,2,0,1041,0,0,0,0,107,0,0,930,363,11/3/2018,2018,11
2018-11-04T00:00:00.000-0400,68,0,0,0,91,45,0,3,0,0,14,471,145,17,3,0,17,0,0,0,0,5,0,0,9,4,1,0,0,4,0,0,4,0,0,0,2,2,0,0,0,0,698,43,0,698,0,0,0,0,308,0,0,346,273,11/4/2018,2018,11
2018-11-05T00:00:00.000-0500,36,0,0,0,34,38,0,18,0,0,39,482,149,56,0,0,53,3,0,0,0,2,0,0,51,13,0,0,0,2,0,0,13,0,0,0,8,5,0,0,2,0,1388,0,0,1367,21,0,0,0,86,0,0,1280,470,11/5/2018,2018,11
2018-11-06T00:00:00.000-0500,50,0,0,0,53,44,63,11,0,0,30,487,150,61,2,6,49,3,3,0,0,9,0,0,38,14,1,0,0,2,0,0,14,0,0,0,7,6,1,2,2,3,2097,11,250,1405,152,290,0,0,89,0,0,1304,707,11/6/2018,2018,11
2018-11-07T00:00:00.000-0500,37,0,0,0,25,54,0,6,0,0,59,488,158,80,2,3,75,1,1,0,0,7,0,0,66,26,2,0,0,5,0,0,26,0,0,0,15,11,0,3,1,1,2944,121,116,2795,31,0,0,0,219,0,0,2454,971,11/7/2018,2018,11
2018-11-08T00:00:00.000-0500,22,0,0,0,22,24,0,7,0,0,33,489,160,53,0,2,49,0,2,0,0,0,0,0,49,18,0,0,0,0,0,0,18,0,0,0,15,3,0,2,0,2,1028,0,111,915,0,1,0,0,0,0,0,915,405,11/8/2018,2018,11
2018-11-09T00:00:00.000-0500,43,0,0,0,48,30,0,7,0,0,33,491,173,51,3,9,39,3,0,0,0,0,0,0,36,17,1,0,0,0,0,0,17,0,0,0,12,5,0,7,2,0,1783,26,395,1280,107,0,0,0,0,0,0,1254,741,11/9/2018,2018,11
2018-11-10T00:00:00.000-0500,99,0,0,0,67,131,0,2,0,0,7,465,174,13,0,1,8,4,0,0,0,0,0,0,8,2,0,0,0,0,0,0,2,0,0,0,1,1,0,1,1,0,693,0,67,399,226,0,0,0,0,0,0,399,199,11/10/2018,2018,11
2018-11-11T00:00:00.000-0500,54,0,0,0,16,156,0,17,0,0,23,448,177,54,0,1,46,7,0,0,0,8,0,0,38,11,0,0,0,5,0,0,11,0,0,0,8,3,0,1,3,0,2784,0,30,2426,327,0,0,0,81,0,0,2345,603,11/11/2018,2018,11
2018-11-12T00:00:00.000-0500,26,0,0,0,27,24,0,16,0,0,44,469,182,67,0,1,61,5,0,0,0,1,0,0,60,19,0,0,0,0,0,0,18,0,0,0,15,4,0,1,2,0,1510,0,57,1389,63,0,0,0,0,0,0,1389,505,11/12/2018,2018,11
2018-11-13T00:00:00.000-0500,31,0,0,0,22,42,27,15,0,0,36,474,186,58,2,2,50,6,0,0,0,2,0,0,46,14,2,0,0,2,0,0,14,0,0,0,7,6,1,2,5,0,1514,17,46,1321,146,0,0,0,101,0,0,1202,443,11/13/2018,2018,11
2018-11-14T00:00:00.000-0500,43,0,0,0,33,53,124,13,0,0,48,480,175,73,2,4,63,4,2,0,0,4,0,0,57,22,2,0,0,2,0,0,22,0,0,0,15,6,1,4,3,2,2924,24,139,2648,120,15,0,0,204,0,0,2419,952,11/14/2018,2018,11
2018-11-15T00:00:00.000-0500,34,0,0,0,34,36,0,23,0,0,41,485,180,76,7,3,70,2,1,0,0,5,0,0,58,19,3,0,0,2,0,0,19,0,0,0,18,1,0,3,1,1,1854,288,74,1771,6,1,0,0,37,0,0,1445,655,11/15/2018,2018,11
2018-11-16T00:00:00.000-0500,34,0,0,0,32,37,0,16,0,0,23,474,175,47,0,7,37,3,0,0,0,0,0,0,37,10,0,0,0,0,0,0,10,0,0,0,6,4,0,4,1,0,1163,0,217,813,133,0,0,0,0,0,0,813,347,11/16/2018,2018,11
2018-11-17T00:00:00.000-0500,16,0,0,0,16,0,0,1,0,0,2,459,175,4,0,0,2,0,2,0,0,0,0,0,2,1,0,0,0,0,0,0,1,0,0,0,1,0,0,0,0,1,38,0,0,21,0,16,0,0,0,0,0,21,16,11/17/2018,2018,11
2018-11-18T00:00:00.000-0500,50,0,0,0,0,75,0,10,0,0,16,461,169,22,0,0,22,0,0,0,0,6,0,0,16,3,0,0,0,1,0,0,3,0,0,0,1,2,0,0,0,0,485,0,0,485,0,0,0,0,35,0,0,449,150,11/18/2018,2018,11
2018-11-19T00:00:00.000-0500,34,0,0,0,26,45,35,29,0,0,58,492,180,94,5,1,78,12,3,0,0,6,0,0,67,16,1,0,0,4,0,0,16,0,0,0,8,5,3,1,4,3,2148,19,22,1872,240,12,0,0,153,0,0,1700,547,11/19/2018,2018,11
2018-11-20T00:00:00.000-0500,32,0,0,0,29,40,0,17,0,0,32,500,180,55,1,3,48,1,3,0,0,0,0,0,47,12,1,0,0,0,0,0,12,0,0,0,9,3,0,3,1,2,1213,14,134,988,60,30,0,0,0,0,0,974,385,11/20/2018,2018,11
2018-11-21T00:00:00.000-0500,39,0,0,0,38,41,0,2,0,0,9,494,154,11,0,1,10,0,0,0,0,0,0,0,10,4,0,0,0,0,0,0,4,0,0,0,3,1,0,1,0,0,404,0,54,349,0,0,0,0,0,0,0,349,156,11/21/2018,2018,11
2018-11-22T00:00:00.000-0500,0,0,0,0,0,0,0,0,0,0,0,479,123,0,0,0,0,0,0,0,0,0,0,0,0,0,0,0,0,0,0,0,0,0,0,0,0,0,0,0,0,0,0,0,0,0,0,0,0,0,0,0,0,0,0,11/22/2018,2018,11
2018-11-23T00:00:00.000-0500,37,0,0,0,37,0,0,1,0,0,2,469,106,3,0,1,2,0,0,0,0,0,0,0,2,1,0,0,0,0,0,0,1,0,0,0,1,0,0,1,0,0,173,0,37,136,0,0,0,0,0,0,0,136,37,11/23/2018,2018,11
2018-11-24T00:00:00.000-0500,32,0,0,0,0,32,0,2,0,0,7,459,109,10,0,1,8,1,0,0,0,1,0,0,7,2,0,0,0,0,0,0,2,0,0,0,0,2,0,1,1,0,197,0,20,152,25,0,0,0,0,0,0,152,64,11/24/2018,2018,11
2018-11-25T00:00:00.000-0500,129,0,0,0,150,87,0,10,0,0,13,450,102,19,0,0,18,1,0,0,0,1,0,0,17,3,0,0,0,0,0,0,3,0,0,0,2,1,0,0,1,0,1065,0,0,978,87,0,0,0,0,0,0,977,387,11/25/2018,2018,11
2018-11-26T00:00:00.000-0500,41,0,0,0,48,30,0,19,0,0,42,465,90,74,1,5,66,3,0,0,0,1,0,0,64,18,1,0,0,0,0,0,18,0,0,0,11,7,0,4,3,0,2152,27,157,1942,52,0,0,0,1,0,0,1913,744,11/26/2018,2018,11
2018-11-27T00:00:00.000-0500,31,0,0,0,20,51,0,11,0,0,38,467,99,62,0,6,50,4,2,0,0,5,0,0,45,17,0,0,0,4,0,0,16,0,0,0,11,6,0,4,3,2,1609,0,200,1293,114,0,0,0,207,0,0,1086,540,11/27/2018,2018,11
2018-11-28T00:00:00.000-0500,42,0,0,0,45,38,0,5,0,0,27,456,105,47,1,2,39,5,1,0,0,0,0,0,38,15,1,0,0,0,0,0,15,0,0,0,9,6,0,2,4,1,1681,82,107,1395,154,24,0,0,0,0,0,1313,638,11/28/2018,2018,11
2018-11-29T00:00:00.000-0500,47,0,0,0,50,42,0,5,0,0,33,457,125,46,1,5,40,1,0,0,0,1,0,0,38,13,1,0,0,1,0,0,13,0,0,0,7,6,0,4,1,0,1705,17,184,1468,51,0,0,0,1,0,0,1449,611,11/29/2018,2018,11
2018-11-30T00:00:00.000-0500,28,0,0,0,26,30,22,17,0,0,49,455,152,100,0,3,88,9,0,0,0,0,0,0,88,25,0,0,0,0,0,0,25,0,0,0,11,13,1,2,6,0,3152,0,160,2767,225,0,0,0,0,0,0,2767,717,11/30/2018,2018,11
2018-12-01T00:00:00.000-0500,68,0,0,0,0,68,0,3,0,0,5,441,150,6,0,0,6,0,0,0,0,0,0,0,6,1,0,0,0,0,0,0,1,0,0,0,0,1,0,0,0,0,216,0,0,216,0,0,0,0,0,0,0,216,68,12/1/2018,2018,12
2018-12-02T00:00:00.000-0500,101,0,0,0,101,0,0,3,0,0,5,436,142,7,1,0,7,0,0,0,0,0,0,0,6,2,1,0,0,0,0,0,2,0,0,0,2,0,0,0,0,0,468,121,0,468,0,0,0,0,0,0,0,347,202,12/2/2018,2018,12
2018-12-03T00:00:00.000-0500,57,0,0,0,50,74,0,2,0,0,16,437,120,20,1,2,17,1,0,0,0,0,0,0,16,7,1,0,0,0,0,0,7,0,0,0,5,2,0,1,0,0,1020,20,182,837,0,0,0,0,0,0,0,817,402,12/3/2018,2018,12
2018-12-04T00:00:00.000-0500,34,74,0,0,38,29,18,2,0,0,38,444,133,53,1,2,48,3,0,0,0,3,0,0,44,11,1,0,0,2,0,0,11,1,0,0,3,6,1,2,3,0,1781,18,33,1665,81,0,0,0,57,0,0,1589,383,12/4/2018,2018,12
2018-12-05T00:00:00.000-0500,48,0,0,0,41,60,0,13,0,0,24,446,138,46,0,4,39,3,0,0,0,1,0,0,38,11,0,0,0,1,0,0,10,0,0,0,7,4,0,3,1,0,1557,0,402,1082,72,0,0,0,35,0,0,1046,530,12/5/2018,2018,12
2018-12-06T00:00:00.000-0500,55,0,0,0,60,46,77,7,0,0,34,450,139,72,0,9,57,6,0,0,0,6,0,0,51,13,0,0,0,2,0,0,13,0,0,0,6,6,1,5,2,0,2329,0,281,1877,170,0,0,0,79,0,0,1797,719,12/6/2018,2018,12
2018-12-07T00:00:00.000-0500,39,0,0,0,23,58,0,10,0,0,24,435,116,42,1,3,36,3,0,0,0,2,0,0,33,11,1,0,0,2,0,0,11,0,0,0,6,5,0,2,1,0,1188,3,86,943,158,0,0,0,156,0,0,783,433,12/7/2018,2018,12
2018-12-08T00:00:00.000-0500,3,0,0,0,3,0,0,0,0,0,1,419,115,2,0,1,1,0,0,0,0,0,0,0,1,1,0,0,0,0,0,0,1,0,0,0,1,0,0,1,0,0,8,0,3,5,0,0,0,0,0,0,0,5,3,12/8/2018,2018,12
2018-12-09T00:00:00.000-0500,174,0,0,0,0,23,326,3,0,0,13,421,121,23,0,3,20,0,0,0,0,2,0,0,18,2,0,0,0,1,0,0,2,0,0,0,0,1,1,2,0,0,1469,0,57,1411,0,0,0,0,28,0,0,1382,349,12/9/2018,2018,12
2018-12-10T00:00:00.000-0500,167,471,0,0,148,33,0,1,0,0,19,423,117,45,0,12,32,1,0,0,0,4,0,0,28,5,0,0,0,2,0,0,5,1,0,0,2,2,0,2,1,0,5562,0,731,4785,46,0,0,0,693,0,0,4092,835,12/10/2018,2018,12
2018-12-11T00:00:00.000-0500,84,424,0,0,46,62,119,4,0,0,46,428,112,91,0,13,72,3,3,0,0,9,0,0,63,16,0,0,0,6,0,0,16,1,0,0,7,6,2,5,2,2,7297,0,830,6362,101,2,0,0,585,0,0,5777,1358,12/11/2018,2018,12
2018-12-12T00:00:00.000-0500,58,0,0,0,43,91,0,2,0,0,22,410,114,38,3,5,33,0,0,0,0,1,0,0,29,13,1,0,0,1,0,0,13,0,0,0,9,4,0,4,0,0,1806,34,268,1537,0,0,0,0,1,0,0,1501,761,12/12/2018,2018,12
2018-12-13T00:00:00.000-0500,56,0,0,0,55,39,146,8,0,0,22,409,103,47,0,4,37,1,5,0,0,2,0,0,35,9,0,0,0,1,0,0,9,0,0,0,3,5,1,3,1,2,1674,0,163,1379,15,115,0,0,55,0,0,1323,511,12/13/2018,2018,12
2018-12-14T00:00:00.000-0500,61,0,0,0,44,73,0,3,0,0,13,386,93,20,0,2,16,2,0,0,0,0,0,0,16,5,0,0,0,0,0,0,5,0,0,0,2,3,0,1,1,0,953,0,78,729,145,0,0,0,0,0,0,729,309,12/14/2018,2018,12
2018-12-15T00:00:00.000-0500,77,0,0,0,77,0,0,0,0,0,1,370,92,2,0,1,1,0,0,0,0,0,0,0,1,1,0,0,0,0,0,0,1,0,0,0,1,0,0,1,0,0,168,0,77,91,0,0,0,0,0,0,0,91,77,12/15/2018,2018,12
2018-12-16T00:00:00.000-0500,61,0,0,0,61,0,0,0,0,0,2,364,89,2,0,0,2,0,0,0,0,0,0,0,2,1,0,0,0,0,0,0,1,0,0,0,1,0,0,0,0,0,124,0,0,124,0,0,0,0,0,0,0,124,61,12/16/2018,2018,12
2018-12-17T00:00:00.000-0500,86,0,0,0,94,75,64,3,0,0,32,378,109,45,4,3,40,2,0,0,0,0,0,0,36,12,2,0,0,0,0,0,12,0,0,0,8,3,1,2,2,0,2612,100,241,2304,66,0,0,0,0,0,0,2204,1041,12/17/2018,2018,12
2018-12-18T00:00:00.000-0500,41,0,0,0,43,6,51,4,0,0,30,371,97,43,3,3,39,1,0,0,0,2,0,0,34,12,1,0,0,2,0,0,11,0,0,0,10,1,1,3,1,0,1496,66,124,1366,5,0,0,0,65,0,0,1234,497,12/18/2018,2018,12
2018-12-19T00:00:00.000-0500,40,0,0,0,18,61,0,2,0,0,10,339,88,18,0,3,14,1,0,0,0,0,0,0,14,6,0,0,0,0,0,0,6,0,0,0,3,3,0,3,1,0,611,0,107,486,17,0,0,0,0,0,0,486,241,12/19/2018,2018,12
2018-12-20T00:00:00.000-0500,73,0,0,0,80,70,0,2,0,0,6,327,74,10,1,2,6,2,0,0,0,0,0,0,5,3,0,0,0,0,0,0,3,0,0,0,1,2,0,1,1,0,610,28,164,385,59,0,0,0,0,0,0,357,221,12/20/2018,2018,12
2018-12-21T00:00:00.000-0500,36,0,0,0,32,45,0,2,0,0,6,325,73,10,0,0,8,2,0,0,0,1,0,0,7,3,0,0,0,1,0,0,3,0,0,0,2,1,0,0,1,0,293,0,0,201,91,0,0,0,36,0,0,165,110,12/21/2018,2018,12
2018-12-22T00:00:00.000-0500,6,0,0,0,0,12,0,2,0,0,3,327,75,14,0,2,11,0,1,0,0,8,0,0,3,2,0,0,0,1,0,0,2,0,0,0,1,1,0,1,0,1,284,0,118,166,0,0,0,0,9,0,0,156,12,12/22/2018,2018,12
2018-12-23T00:00:00.000-0500,0,0,0,0,0,0,0,1,0,0,1,326,73,1,0,0,1,0,0,0,0,0,0,0,1,0,0,0,0,0,0,0,0,0,0,0,0,0,0,0,0,0,0,0,0,0,0,0,0,0,0,0,0,0,0,12/23/2018,2018,12
2018-12-24T00:00:00.000-0500,0,0,0,0,0,0,0,0,0,0,1,323,52,0,0,0,0,0,0,0,0,0,0,0,0,0,0,0,0,0,0,0,0,0,0,0,0,0,0,0,0,0,0,0,0,0,0,0,0,0,0,0,0,0,0,12/24/2018,2018,12
2018-12-25T00:00:00.000-0500,0,0,0,0,0,0,0,1,0,0,1,315,26,1,0,0,1,0,0,0,0,0,0,0,1,0,0,0,0,0,0,0,0,0,0,0,0,0,0,0,0,0,1094,0,0,1094,0,0,0,0,0,0,0,1094,0,12/25/2018,2018,12
2018-12-26T00:00:00.000-0500,0,0,0,0,0,0,0,0,0,0,0,288,16,0,0,0,0,0,0,0,0,0,0,0,0,0,0,0,0,0,0,0,0,0,0,0,0,0,0,0,0,0,0,0,0,0,0,0,0,0,0,0,0,0,0,12/26/2018,2018,12
2018-12-27T00:00:00.000-0500,0,0,0,0,0,0,0,0,0,0,0,275,10,0,0,0,0,0,0,0,0,0,0,0,0,0,0,0,0,0,0,0,0,0,0,0,0,0,0,0,0,0,0,0,0,0,0,0,0,0,0,0,0,0,0,12/27/2018,2018,12
2018-12-28T00:00:00.000-0500,0,0,0,0,0,0,0,0,0,0,0,269,4,0,0,0,0,0,0,0,0,0,0,0,0,0,0,0,0,0,0,0,0,0,0,0,0,0,0,0,0,0,0,0,0,0,0,0,0,0,0,0,0,0,0,12/28/2018,2018,12
2018-12-29T00:00:00.000-0500,0,0,0,0,0,0,0,0,0,0,0,255,2,0,0,0,0,0,0,0,0,0,0,0,0,0,0,0,0,0,0,0,0,0,0,0,0,0,0,0,0,0,0,0,0,0,0,0,0,0,0,0,0,0,0,12/29/2018,2018,12
2018-12-30T00:00:00.000-0500,0,0,0,0,0,0,0,0,0,0,0,224,1,0,0,0,0,0,0,0,0,0,0,0,0,0,0,0,0,0,0,0,0,0,0,0,0,0,0,0,0,0,0,0,0,0,0,0,0,0,0,0,0,0,0,12/30/2018,2018,12
2018-12-31T00:00:00.000-0500,0,0,0,0,0,0,0,0,0,0,0,222,1,0,0,0,0,0,0,0,0,0,0,0,0,0,0,0,0,0,0,0,0,0,0,0,0,0,0,0,0,0,0,0,0,0,0,0,0,0,0,0,0,0,0,12/31/2018,2018,12
2019-01-01T00:00:00.000-0500,0,0,0,0,0,0,0,1,0,0,1,218,1,1,0,0,1,0,0,0,0,0,0,0,1,0,0,0,0,0,0,0,0,0,0,0,0,0,0,0,0,0,0,0,0,0,0,0,0,0,0,0,0,0,0,1/1/2019,2019,1
2019-01-02T00:00:00.000-0500,24,0,0,0,26,21,0,2,0,0,11,214,12,25,0,6,18,1,0,0,0,0,0,0,18,9,0,0,0,0,0,0,9,0,0,0,6,3,0,5,1,0,547,0,155,369,22,0,0,0,0,0,0,369,223,1/2/2019,2019,1
2019-01-03T00:00:00.000-0500,28,0,0,0,20,36,0,2,0,0,16,191,24,22,1,1,19,2,0,0,0,0,0,0,18,8,1,0,0,0,0,0,8,0,0,0,4,4,0,1,1,0,603,0,0,527,75,0,0,0,0,0,0,526,228,1/3/2019,2019,1
2019-01-04T00:00:00.000-0500,43,0,0,0,36,57,0,3,0,0,15,186,36,27,0,3,17,7,0,0,0,1,0,0,16,9,0,0,0,1,0,0,9,0,0,0,6,3,0,3,3,0,1128,0,156,704,267,0,0,0,28,0,0,675,392,1/4/2019,2019,1
2019-01-05T00:00:00.000-0500,0,0,0,0,0,0,0,0,0,0,0,175,36,0,0,0,0,0,0,0,0,0,0,0,0,0,0,0,0,0,0,0,0,0,0,0,0,0,0,0,0,0,0,0,0,0,0,0,0,0,0,0,0,0,0,1/5/2019,2019,1
2019-01-06T00:00:00.000-0500,0,0,0,0,0,0,0,0,0,0,0,162,36,0,0,0,0,0,0,0,0,0,0,0,0,0,0,0,0,0,0,0,0,0,0,0,0,0,0,0,0,0,0,0,0,0,0,0,0,0,0,0,0,0,0,1/6/2019,2019,1
2019-01-07T00:00:00.000-0500,65,0,60,0,54,79,0,5,0,0,39,176,65,71,0,11,59,1,0,0,0,4,0,0,55,12,0,0,0,1,0,0,12,0,1,0,6,5,0,4,1,0,3037,0,391,2592,54,0,0,0,93,0,0,2499,784,1/7/2019,2019,1
2019-01-08T00:00:00.000-0500,47,0,0,87,27,80,0,11,0,0,45,195,96,105,1,28,74,2,1,0,0,2,0,0,71,22,1,0,0,2,0,0,22,0,0,1,14,7,0,2,2,1,4391,34,1435,2861,93,1,0,0,138,0,0,2688,1038,1/8/2019,2019,1
2019-01-09T00:00:00.000-0500,21,0,0,0,0,32,0,2,0,0,14,197,95,21,0,5,15,1,0,0,0,1,0,0,14,6,0,0,0,1,0,0,6,0,0,0,2,4,0,1,1,0,468,0,195,244,28,0,0,0,21,0,0,222,131,1/9/2019,2019,1
2019-01-10T00:00:00.000-0500,27,0,0,0,26,30,0,4,0,0,24,177,103,33,0,1,30,2,0,0,0,1,0,0,29,9,0,0,0,1,0,0,9,0,0,0,6,3,0,1,2,0,776,0,36,660,79,0,0,0,33,0,0,627,251,1/10/2019,2019,1
2019-01-11T00:00:00.000-0500,38,0,0,0,32,46,59,6,0,0,27,185,105,49,0,6,41,2,0,0,0,1,0,0,40,12,0,0,0,1,0,0,12,0,0,0,8,3,1,2,1,0,1478,0,147,1210,119,0,0,0,47,0,0,1163,457,1/11/2019,2019,1
2019-01-12T00:00:00.000-0500,8,0,0,0,8,0,0,2,0,0,2,179,107,4,0,1,2,1,0,0,0,0,0,0,2,1,0,0,0,0,0,0,1,0,0,0,1,0,0,1,0,0,42,0,29,12,0,0,0,0,0,0,0,12,8,1/12/2019,2019,1
2019-01-13T00:00:00.000-0500,0,0,0,0,0,0,0,1,0,0,1,177,108,1,0,0,1,0,0,0,0,1,0,0,0,0,0,0,0,0,0,0,0,0,0,0,0,0,0,0,0,0,0,0,0,0,0,0,0,0,0,0,0,0,0,1/13/2019,2019,1
2019-01-14T00:00:00.000-0500,24,73,0,0,16,5,84,9,0,0,44,211,122,95,0,21,70,4,0,0,0,6,0,0,64,21,0,0,0,5,0,0,21,2,0,0,17,1,1,2,4,0,3124,0,783,2309,31,0,0,0,137,0,0,2171,514,1/14/2019,2019,1
2019-01-15T00:00:00.000-0500,41,0,0,0,27,50,0,4,0,0,12,213,101,19,1,4,15,0,0,0,0,0,0,0,14,5,0,0,0,0,0,0,5,0,0,0,2,3,0,2,0,0,923,0,125,797,0,0,0,0,0,0,0,796,206,1/15/2019,2019,1
2019-01-16T00:00:00.000-0500,35,0,0,0,26,38,53,9,0,0,21,211,108,31,2,0,29,2,0,0,0,3,0,0,24,6,2,0,0,3,0,0,6,0,0,0,3,2,1,0,1,0,698,78,0,671,27,0,0,0,72,0,0,520,210,1/16/2019,2019,1
2019-01-17T00:00:00.000-0500,45,64,0,0,49,10,0,8,0,0,31,214,117,61,1,7,38,14,2,0,0,0,0,0,37,15,1,0,0,0,0,0,14,1,0,0,12,2,0,3,1,1,2111,63,155,1247,708,0,0,0,0,0,0,1184,684,1/17/2019,2019,1
2019-01-18T00:00:00.000-0500,31,0,0,0,22,38,64,4,0,0,30,228,124,65,4,10,46,9,0,0,0,5,0,0,37,17,3,0,0,3,0,0,16,0,0,0,9,7,1,7,4,0,1714,128,277,1098,338,0,0,0,74,0,0,896,537,1/18/2019,2019,1
2019-01-19T00:00:00.000-0500,55,0,0,0,0,0,55,2,0,0,9,234,130,14,0,1,13,0,0,0,0,3,0,0,10,1,0,0,0,1,0,0,1,0,0,0,0,0,1,1,0,0,392,0,7,384,0,0,0,0,98,0,0,285,55,1/19/2019,2019,1
2019-01-20T00:00:00.000-0500,25,0,0,0,33,13,33,2,0,0,16,242,140,19,0,0,19,0,0,0,0,1,0,0,18,5,0,0,0,1,0,0,5,0,0,0,2,2,1,0,0,0,547,0,0,547,0,0,0,0,18,0,0,528,127,1/20/2019,2019,1
2019-01-21T00:00:00.000-0500,41,0,0,0,43,37,0,10,0,0,18,253,116,34,0,0,32,2,0,0,0,1,0,0,31,7,0,0,0,1,0,0,7,0,0,0,5,2,0,0,1,0,855,0,0,799,55,0,0,0,0,0,0,799,293,1/21/2019,2019,1
2019-01-22T00:00:00.000-0500,29,0,0,0,24,32,61,16,0,0,43,281,139,68,2,1,64,3,0,0,0,3,0,0,59,16,1,0,0,2,0,0,16,0,0,0,11,4,1,1,2,0,1644,55,3,1539,101,0,0,0,58,0,0,1425,466,1/22/2019,2019,1
2019-01-23T00:00:00.000-0500,36,0,0,0,43,23,0,4,0,0,25,288,144,40,0,7,31,2,0,0,0,0,0,0,31,13,0,0,0,0,0,0,13,0,0,0,8,5,0,6,1,0,1138,0,271,811,56,0,0,0,0,0,0,811,468,1/23/2019,2019,1
2019-01-24T00:00:00.000-0500,46,0,0,0,51,39,17,11,0,0,45,310,154,79,1,4,63,11,1,0,0,4,0,0,58,21,1,0,0,3,0,0,21,0,0,0,16,3,2,4,5,1,2553,59,206,2149,183,14,0,0,132,0,0,1957,985,1/24/2019,2019,1
2019-01-25T00:00:00.000-0500,40,0,0,0,34,39,55,9,0,0,42,328,163,73,4,15,50,8,0,0,0,5,0,0,41,18,2,0,0,4,0,0,18,0,0,0,8,7,3,8,4,0,2691,89,798,1619,272,0,0,0,47,0,0,1482,722,1/25/2019,2019,1
2019-01-26T00:00:00.000-0500,67,0,0,0,0,67,0,0,0,0,7,335,162,7,0,0,7,0,0,0,0,0,0,0,7,2,0,0,0,0,0,0,2,0,0,0,0,2,0,0,0,0,514,0,0,514,0,0,0,0,0,0,0,514,135,1/26/2019,2019,1
2019-01-27T00:00:00.000-0500,29,44,0,0,21,37,0,3,0,0,19,341,162,31,0,1,28,0,2,0,0,7,0,0,21,5,0,0,0,2,0,0,5,1,0,0,3,1,0,1,0,2,605,0,1,592,0,11,0,0,92,0,0,499,147,1/27/2019,2019,1
2019-01-28T00:00:00.000-0500,36,0,0,0,36,21,76,12,0,0,42,349,183,85,2,7,72,6,0,0,0,2,0,0,68,16,2,0,0,1,0,0,16,0,0,0,9,5,2,3,4,0,2486,50,178,2135,173,0,0,0,5,0,0,2079,586,1/28/2019,2019,1
2019-01-29T00:00:00.000-0500,38,0,0,0,29,48,62,13,0,0,52,363,184,93,3,2,81,10,0,0,0,1,1,0,76,26,2,0,0,1,1,0,25,0,0,0,15,10,1,2,3,0,2935,65,74,2706,154,0,0,0,58,103,0,2479,1000,1/29/2019,2019,1
2019-01-30T00:00:00.000-0500,39,0,0,0,31,51,28,6,0,0,47,378,198,83,0,5,71,7,0,0,0,4,0,0,67,21,0,0,0,2,0,0,21,0,0,0,11,9,1,2,4,0,2626,0,190,2226,209,0,0,0,49,0,0,2177,838,1/30/2019,2019,1
2019-01-31T00:00:00.000-0500,42,0,0,0,47,24,0,9,0,0,36,394,191,59,2,3,54,2,0,0,0,5,0,0,47,20,1,0,0,3,0,0,20,0,0,0,16,4,0,3,2,0,2115,58,190,1868,56,0,0,0,108,0,0,1702,852,1/31/2019,2019,1
2019-02-01T00:00:00.000-0500,54,0,0,0,51,58,0,9,0,0,34,408,181,56,0,7,46,3,0,0,0,2,0,0,44,15,0,0,0,2,0,0,14,0,0,0,9,6,0,6,1,0,1980,0,271,1591,117,0,0,0,121,0,0,1469,814,2/1/2019,2019,2
2019-02-02T00:00:00.000-0500,30,0,0,0,23,50,0,4,0,0,10,410,183,15,0,1,13,0,1,0,0,0,0,0,13,4,0,0,0,0,0,0,4,0,0,0,3,1,0,1,0,1,337,0,56,272,0,8,0,0,0,0,0,272,121,2/2/2019,2019,2
2019-02-03T00:00:00.000-0500,36,0,0,0,31,41,50,4,0,0,21,412,186,26,0,1,23,2,0,0,0,3,0,0,20,5,0,0,0,1,0,0,5,0,0,0,3,1,1,1,1,0,1754,0,0,1679,75,0,0,0,108,0,0,1570,184,2/3/2019,2019,2
2019-02-04T00:00:00.000-0500,42,103,0,0,20,57,0,16,0,0,40,423,185,78,8,1,69,6,2,0,0,0,0,0,61,14,1,0,0,0,0,0,14,1,0,0,7,6,0,1,2,2,2318,120,60,2109,148,0,0,0,0,0,0,1989,591,2/4/2019,2019,2
2019-02-05T00:00:00.000-0500,32,0,0,0,25,44,43,28,0,0,69,450,203,144,5,5,125,13,1,0,0,12,0,0,108,33,3,0,0,8,0,0,33,0,0,0,21,9,3,4,5,1,3440,128,201,2924,313,0,0,0,223,0,0,2572,1077,2/5/2019,2019,2
2019-02-06T00:00:00.000-0500,39,0,0,0,27,50,37,14,0,0,66,459,219,117,1,8,94,12,3,0,0,5,0,0,88,26,1,0,0,3,0,0,25,0,0,0,12,13,1,4,6,1,3270,28,237,2661,331,39,0,0,134,0,0,2498,1030,2/6/2019,2019,2
2019-02-07T00:00:00.000-0500,45,0,0,0,49,39,30,10,0,0,49,460,225,80,1,8,67,5,0,0,0,2,0,0,64,21,1,0,0,2,0,0,21,0,0,0,14,6,1,5,3,0,2409,60,237,2090,81,0,0,0,112,0,0,1917,957,2/7/2019,2019,2
2019-02-08T00:00:00.000-0500,29,0,0,0,23,134,47,14,0,0,38,479,230,75,0,1,62,12,0,0,0,2,0,0,60,22,0,0,0,2,0,0,20,0,0,0,20,1,1,1,6,0,2037,0,45,1752,240,0,0,0,7,0,0,1745,654,2/8/2019,2019,2
2019-02-09T00:00:00.000-0500,39,0,0,0,30,61,35,2,0,0,8,471,229,17,0,0,14,3,0,0,0,0,0,0,14,4,0,0,0,0,0,0,4,0,0,0,2,1,1,0,2,0,1379,0,0,1288,91,0,0,0,0,0,0,1288,157,2/9/2019,2019,2
2019-02-11T00:00:00.000-0500,43,0,0,0,24,52,71,5,0,0,52,503,260,83,4,5,70,8,0,0,0,4,0,0,62,16,2,0,0,3,0,0,16,0,0,0,7,6,3,4,5,0,3171,117,213,2600,358,0,0,0,128,0,0,2354,698,2/11/2019,2019,2
2019-02-12T00:00:00.000-0500,48,0,0,0,41,57,47,10,0,0,55,519,253,96,1,7,83,6,0,0,0,4,0,0,78,22,1,0,0,3,0,0,20,0,0,0,12,9,1,4,3,0,5617,29,106,5377,133,0,0,0,94,0,0,5253,1064,2/12/2019,2019,2
2019-02-13T00:00:00.000-0500,42,0,0,0,30,45,80,13,0,0,67,525,253,112,4,8,92,12,0,0,0,5,0,0,83,27,3,0,0,4,0,0,26,0,0,0,10,15,2,7,5,0,5308,97,294,4546,467,0,0,0,180,0,0,4268,1141,2/13/2019,2019,2
2019-02-14T00:00:00.000-0500,34,119,0,0,28,42,21,5,0,0,33,540,242,75,1,5,54,15,1,0,0,4,0,0,49,21,1,0,0,3,0,0,20,1,0,0,16,3,1,1,3,1,2767,56,370,1517,877,2,0,0,94,0,0,1366,719,2/14/2019,2019,2
2019-02-15T00:00:00.000-0500,29,0,0,0,29,29,0,5,0,0,44,560,252,94,0,6,82,6,0,0,0,4,0,0,78,25,0,0,0,2,0,0,24,0,0,0,12,13,0,6,3,0,2189,0,73,1974,141,0,0,0,51,0,0,1922,736,2/15/2019,2019,2
2019-02-16T00:00:00.000-0500,51,0,0,0,52,51,0,1,0,0,11,554,255,22,0,0,22,0,0,0,0,3,0,0,19,5,0,0,0,3,0,0,5,0,0,0,1,4,0,0,0,0,701,0,0,701,0,0,0,0,107,0,0,593,259,2/16/2019,2019,2
2019-02-17T00:00:00.000-0500,55,64,0,0,66,52,55,11,0,0,41,555,251,58,5,4,50,4,0,0,0,3,0,0,42,10,0,0,0,2,0,0,10,1,0,0,1,7,1,1,2,0,2393,20,205,2054,134,0,0,0,117,0,0,1916,551,2/17/2019,2019,2
2019-02-18T00:00:00.000-0500,45,0,0,0,32,56,0,6,0,0,30,552,229,59,3,4,50,5,0,0,0,2,0,0,45,13,0,0,0,2,0,0,13,0,0,0,6,7,0,2,2,0,1861,0,36,1651,174,0,0,0,107,0,0,1542,592,2/18/2019,2019,2
2019-02-19T00:00:00.000-0500,42,0,0,0,38,47,51,12,0,0,57,557,235,94,2,10,74,10,0,0,0,4,0,0,68,25,2,0,0,3,0,0,25,0,0,0,16,6,3,7,5,0,3605,83,258,2916,430,0,0,0,104,0,0,2728,1052,2/19/2019,2019,2
2019-02-20T00:00:00.000-0500,39,0,0,0,35,46,31,13,0,0,71,579,233,113,4,11,97,5,0,0,0,15,0,0,78,30,2,0,0,9,0,0,29,0,0,0,16,12,2,10,4,0,3635,81,429,3001,204,0,0,0,385,0,0,2534,1188,2/20/2019,2019,2
2019-02-21T00:00:00.000-0500,43,0,0,0,47,39,27,14,0,0,67,589,244,112,4,5,97,10,0,0,0,7,0,0,86,29,3,0,0,4,0,0,29,0,0,0,18,9,2,4,5,0,3279,133,69,2882,326,0,0,0,190,0,0,2558,1265,2/21/2019,2019,2
2019-02-22T00:00:00.000-0500,37,0,0,0,30,48,0,10,0,0,35,600,242,56,1,5,45,6,0,0,0,7,0,0,37,14,1,0,0,4,0,0,14,0,0,0,9,5,0,4,2,0,1673,33,258,1266,148,0,0,0,173,0,0,1059,518,2/22/2019,2019,2
2019-02-23T00:00:00.000-0500,52,0,0,0,7,142,0,2,0,0,8,582,243,11,1,2,9,0,0,0,0,1,0,0,7,3,1,0,0,1,0,0,3,0,0,0,2,1,0,1,0,0,474,14,2,471,0,0,0,0,142,0,0,314,158,2/23/2019,2019,2
2019-02-24T00:00:00.000-0500,40,50,0,0,48,36,0,7,0,0,43,573,247,79,6,3,71,5,0,0,0,17,0,0,48,14,2,0,0,6,0,0,14,1,0,0,3,10,0,3,2,0,2039,48,66,1888,84,0,0,0,314,0,0,1525,560,2/24/2019,2019,2
2019-02-25T00:00:00.000-0500,27,69,0,0,21,27,31,10,0,0,56,590,267,90,5,6,74,10,0,0,0,4,0,0,65,19,3,0,0,2,0,0,19,1,0,0,10,6,2,3,5,0,2177,85,122,1885,169,0,0,0,68,0,0,1731,515,2/25/2019,2019,2
2019-02-26T00:00:00.000-0500,43,0,0,0,36,51,39,12,0,0,60,596,268,105,2,4,87,14,0,0,0,2,0,0,83,22,2,0,0,2,0,0,20,0,0,0,10,10,2,2,5,0,3520,76,81,3079,360,0,0,0,62,0,0,2940,954,2/26/2019,2019,2
2019-02-27T00:00:00.000-0500,39,0,0,0,28,44,49,11,0,0,56,598,255,80,1,4,67,9,0,0,0,5,0,0,61,18,1,0,0,4,0,0,18,0,0,0,6,11,1,3,5,0,2554,41,168,2164,220,0,0,0,145,0,0,1978,704,2/27/2019,2019,2
2019-02-28T00:00:00.000-0500,36,16,0,0,38,35,0,7,0,0,52,603,244,106,2,3,85,18,0,0,0,6,1,0,76,22,2,0,0,4,1,0,22,1,0,0,10,11,0,1,9,0,3371,123,70,2854,446,0,0,0,158,5,0,2566,792,2/28/2019,2019,2
2019-03-01T00:00:00.000-0500,44,0,0,0,39,41,54,7,0,0,55,604,251,111,4,23,69,19,0,0,0,5,0,0,60,20,3,0,0,5,0,0,20,0,0,0,5,9,6,6,7,0,4139,50,631,2778,729,0,0,0,143,0,0,2583,899,3/1/2019,2019,3
2019-03-02T00:00:00.000-0500,20,0,0,0,20,0,0,6,0,0,6,597,248,10,6,0,10,0,0,0,0,0,0,0,4,2,1,0,0,0,0,0,2,0,0,0,2,0,0,0,0,0,112,36,0,112,0,0,0,0,0,0,0,75,40,3/2/2019,2019,3
2019-03-03T00:00:00.000-0500,28,0,0,0,25,36,0,3,0,0,8,584,230,14,1,1,11,2,0,0,0,4,0,0,6,4,1,0,0,3,0,0,3,0,0,0,3,1,0,1,1,0,2394,2083,27,2295,70,0,0,0,55,0,0,156,113,3/3/2019,2019,3
2019-03-04T00:00:00.000-0500,36,0,0,0,29,32,97,1,0,0,30,592,214,40,2,4,35,1,0,0,0,3,0,0,30,12,2,0,0,3,0,0,12,0,0,0,6,5,1,2,1,0,1479,48,82,1340,57,0,0,0,84,0,0,1207,433,3/4/2019,2019,3
2019-03-05T00:00:00.000-0500,28,0,0,0,25,38,0,2,0,0,8,592,178,30,2,4,23,3,0,0,0,1,0,0,20,9,1,0,0,1,0,0,9,0,0,0,7,2,0,2,2,0,579,6,52,455,71,0,0,0,48,0,0,400,253,3/5/2019,2019,3
2019-03-06T00:00:00.000-0500,42,0,0,0,27,54,0,4,0,0,31,590,156,57,2,10,42,5,0,0,0,2,0,0,38,15,2,0,0,2,0,0,13,0,0,0,7,8,0,6,3,0,2040,23,446,1408,185,0,0,0,35,0,0,1349,630,3/6/2019,2019,3
2019-03-07T00:00:00.000-0500,37,0,0,0,33,47,30,5,0,0,45,581,149,76,3,8,58,10,0,0,0,3,0,0,52,22,2,0,0,3,0,0,21,0,0,0,14,7,1,4,5,0,2299,15,275,1561,462,0,0,0,153,0,0,1392,831,3/7/2019,2019,3
2019-03-08T00:00:00.000-0500,42,0,0,0,30,50,95,4,0,0,25,566,124,50,2,3,42,5,0,0,0,1,0,0,39,14,2,0,0,1,0,0,12,0,0,0,8,5,1,3,3,0,1706,19,32,1521,152,0,0,0,26,0,0,1475,589,3/8/2019,2019,3
2019-03-09T00:00:00.000-0500,55,0,0,0,0,0,55,2,0,0,6,551,122,12,0,0,6,6,0,0,0,2,0,0,4,1,0,0,0,1,0,0,1,0,0,0,0,0,1,0,1,0,725,0,0,629,95,0,0,0,40,0,0,589,55,3/9/2019,2019,3
2019-03-10T00:00:00.000-0500,47,0,0,0,55,39,0,6,0,0,26,548,136,37,2,1,33,2,1,0,0,2,0,0,29,10,0,0,0,2,0,0,10,0,0,0,5,5,0,1,2,1,1379,0,21,1322,35,0,0,0,46,0,0,1275,475,3/10/2019,2019,3
2019-03-11T00:00:00.000-0400,33,0,0,0,29,47,61,4,0,0,46,555,151,68,5,6,59,3,0,0,0,1,0,0,53,20,2,0,0,1,0,0,20,0,0,0,16,3,1,3,3,0,2586,152,487,2042,57,0,0,0,46,0,0,1843,674,3/11/2019,2019,3
2019-03-12T00:00:00.000-0400,48,0,0,0,41,59,66,25,0,0,63,554,188,109,2,11,93,5,0,0,0,1,0,0,90,25,1,0,0,1,0,0,25,0,0,0,16,7,2,5,4,0,5257,38,337,4767,152,0,0,0,32,0,0,4696,1204,3/12/2019,2019,3
2019-03-13T00:00:00.000-0400,51,0,0,0,65,45,37,8,0,0,38,540,198,77,1,6,64,7,0,0,0,12,0,0,51,14,1,0,0,3,0,0,13,0,0,0,5,8,1,4,3,0,2184,30,211,1838,134,0,0,0,97,0,0,1710,727,3/13/2019,2019,3
2019-03-14T00:00:00.000-0400,35,0,0,0,29,58,0,2,0,0,37,542,194,51,0,6,45,0,0,0,0,7,0,0,38,17,0,0,0,5,0,0,17,0,0,0,13,4,0,3,0,0,1631,0,49,1581,0,0,0,0,281,0,0,1300,611,3/14/2019,2019,3
2019-03-15T00:00:00.000-0400,44,0,0,0,56,25,32,8,0,0,41,537,206,58,1,5,50,3,0,0,0,5,0,0,44,15,1,0,0,4,0,0,15,0,0,0,9,4,2,2,1,0,1854,29,163,1619,70,0,0,0,213,0,0,1375,670,3/15/2019,2019,3
2019-03-16T00:00:00.000-0400,27,0,0,0,28,21,0,3,0,0,13,527,212,23,0,0,21,2,0,0,0,3,0,0,18,6,0,0,0,2,0,0,6,0,0,0,5,1,0,0,1,0,407,0,0,386,21,0,0,0,34,0,0,351,162,3/16/2019,2019,3
2019-03-17T00:00:00.000-0400,69,0,0,0,61,74,0,6,0,0,24,515,211,33,0,1,29,3,0,0,0,5,0,0,24,8,0,0,0,3,0,0,8,0,0,0,3,5,0,1,2,0,1671,0,58,1563,50,0,0,0,121,0,0,1442,559,3/17/2019,2019,3
2019-03-18T00:00:00.000-0400,23,0,0,0,17,39,46,8,0,0,34,531,208,54,5,7,46,1,0,0,0,2,0,0,39,15,2,0,0,2,0,0,15,0,0,0,11,3,1,6,1,0,1136,69,136,999,0,0,0,0,47,0,0,883,358,3/18/2019,2019,3
2019-03-19T00:00:00.000-0400,50,0,0,0,54,22,58,7,0,0,32,529,186,53,1,3,47,3,0,0,0,4,0,0,42,13,1,0,0,1,0,0,13,0,0,0,10,2,1,2,2,0,2886,59,61,2792,33,0,0,0,43,0,0,2689,653,3/19/2019,2019,3
2019-03-20T00:00:00.000-0400,43,0,0,0,42,43,49,17,0,0,72,545,219,138,18,11,121,6,0,0,0,12,0,0,91,27,7,0,0,4,0,0,26,0,0,0,11,13,3,4,3,0,3773,222,301,3320,151,0,0,0,260,0,0,2836,1179,3/20/2019,2019,3
2019-03-21T00:00:00.000-0400,30,46,0,0,23,42,108,19,0,0,80,582,253,159,5,14,138,7,0,0,0,13,0,0,120,39,3,0,0,8,0,0,39,1,0,0,28,9,1,9,3,0,4038,108,281,3504,251,0,0,0,338,0,0,3057,1192,3/21/2019,2019,3
2019-03-22T00:00:00.000-0400,37,0,0,0,29,34,74,13,0,0,39,578,257,64,2,5,55,4,0,0,0,7,0,0,46,15,2,0,0,2,0,0,15,0,0,0,7,6,2,2,2,0,1753,17,335,1231,186,0,0,0,88,0,0,1125,558,3/22/2019,2019,3
2019-03-23T00:00:00.000-0400,20,0,0,0,9,25,62,1,0,0,21,569,266,32,1,5,26,1,0,0,0,1,0,0,24,9,1,0,0,1,0,0,9,0,0,0,5,3,1,4,1,0,873,62,79,782,11,0,0,0,10,0,0,710,188,3/23/2019,2019,3
2019-03-24T00:00:00.000-0400,47,0,0,0,32,79,46,4,0,0,38,564,275,54,2,3,49,2,0,0,0,12,0,0,35,17,1,0,0,7,0,0,17,0,0,0,11,5,1,3,2,0,2283,85,167,2021,94,0,0,0,384,0,0,1551,805,3/24/2019,2019,3
2019-03-25T00:00:00.000-0400,29,0,0,0,29,26,45,5,0,0,48,570,283,66,9,5,58,3,0,0,0,3,0,0,46,19,3,0,0,2,0,0,19,0,0,0,13,5,1,4,3,0,1622,148,131,1439,51,0,0,0,89,0,0,1201,561,3/25/2019,2019,3
2019-03-26T00:00:00.000-0400,24,0,0,0,13,42,56,10,0,0,62,587,300,121,3,5,107,9,0,0,0,2,0,0,102,33,2,0,0,2,0,0,32,0,0,0,21,11,1,4,5,0,5708,92,182,5306,219,0,0,0,54,0,0,5160,801,3/26/2019,2019,3
2019-03-27T00:00:00.000-0400,41,0,0,0,45,34,22,13,0,0,64,590,286,93,0,6,85,2,0,0,0,11,0,0,74,25,0,0,0,5,0,0,25,0,0,0,16,8,1,5,2,0,7274,0,152,7076,45,0,0,0,219,0,0,6857,1026,3/27/2019,2019,3
2019-03-28T00:00:00.000-0400,27,0,0,0,19,39,7,5,0,0,51,599,266,89,2,7,76,4,2,0,0,9,0,0,65,24,2,0,0,6,0,0,24,0,0,0,13,10,1,6,3,2,2363,119,132,2133,97,0,0,0,246,0,0,1767,658,3/28/2019,2019,3
2019-03-29T00:00:00.000-0400,31,0,0,0,25,33,37,7,0,0,36,603,269,54,2,7,43,4,0,0,0,9,0,0,32,10,2,0,0,4,0,0,10,0,0,0,3,6,1,5,2,0,1338,12,235,1067,35,0,0,0,213,0,0,842,314,3/29/2019,2019,3
2019-03-30T00:00:00.000-0400,36,0,0,0,18,68,79,6,0,0,25,601,268,36,1,4,30,2,0,0,0,6,0,0,23,9,0,0,0,5,0,0,9,0,0,0,6,2,1,3,2,0,1179,6,130,998,51,0,0,0,228,0,0,762,328,3/30/2019,2019,3
2019-03-31T00:00:00.000-0400,49,0,0,0,32,58,72,6,0,0,39,586,270,56,0,2,49,4,1,0,0,11,0,0,38,14,0,0,0,6,0,0,13,0,0,0,6,6,2,2,2,1,2548,0,157,2312,78,0,0,0,479,0,0,1832,692,3/31/2019,2019,3
2019-04-01T00:00:00.000-0400,29,0,0,0,23,41,31,11,0,0,52,602,265,93,1,6,79,8,0,0,0,1,0,0,77,20,1,0,0,1,0,0,20,0,0,0,12,6,2,4,5,0,2029,12,67,1796,165,0,0,0,14,0,0,1769,590,4/1/2019,2019,4
2019-04-02T00:00:00.000-0400,39,0,0,0,37,42,58,24,0,0,44,616,253,82,1,3,72,7,0,0,0,2,0,0,69,21,1,0,0,2,0,0,20,0,0,0,17,3,1,3,3,0,3944,52,102,3579,263,0,0,0,27,0,0,3499,827,4/2/2019,2019,4
2019-04-03T00:00:00.000-0400,40,0,0,0,31,53,48,12,0,0,78,627,270,119,2,6,105,8,0,0,0,9,0,0,94,32,1,0,0,6,0,0,31,0,0,0,19,11,2,5,6,0,4164,38,193,3617,354,0,0,0,263,0,0,3316,1284,4/3/2019,2019,4
2019-04-04T00:00:00.000-0400,34,0,0,0,35,33,0,17,0,0,59,640,269,99,2,12,83,3,1,0,0,13,0,0,68,31,2,0,0,6,0,0,31,0,0,0,25,6,0,10,3,1,2515,76,328,2121,42,21,0,0,193,0,0,1851,1083,4/4/2019,2019,4
2019-04-05T00:00:00.000-0400,31,0,0,0,29,36,0,8,0,0,24,640,256,44,0,3,39,2,0,0,0,2,0,0,37,12,0,0,0,1,0,0,12,0,0,0,9,3,0,2,1,0,1020,0,92,919,7,0,0,0,96,0,0,823,379,4/5/2019,2019,4
2019-04-06T00:00:00.000-0400,26,0,0,0,20,30,0,2,0,0,8,627,247,10,0,0,9,1,0,0,0,1,0,0,8,3,0,0,0,1,0,0,3,0,0,0,1,2,0,0,0,0,219,0,0,218,0,0,0,0,21,0,0,197,80,4/6/2019,2019,4
2019-04-07T00:00:00.000-0400,40,0,0,0,32,46,61,7,0,0,39,620,243,65,3,0,60,1,4,0,0,9,0,0,48,15,2,0,0,7,0,0,15,0,0,0,7,7,1,0,1,1,1809,37,0,1736,13,59,0,0,326,0,0,1372,611,4/7/2019,2019,4
2019-04-08T00:00:00.000-0400,30,0,0,0,21,45,63,9,0,0,43,631,241,91,8,11,73,6,1,0,0,9,0,0,56,23,3,0,0,4,0,0,23,0,0,0,16,5,2,9,5,1,2536,123,279,2028,227,0,0,0,453,0,0,1451,702,4/8/2019,2019,4
2019-04-09T00:00:00.000-0400,35,0,0,0,31,44,0,10,0,0,55,638,248,94,4,3,77,13,1,0,0,5,0,0,68,28,4,0,0,4,0,0,26,0,0,0,19,9,0,3,9,1,4399,120,131,3649,597,19,0,0,145,0,0,3383,1004,4/9/2019,2019,4
2019-04-10T00:00:00.000-0400,40,0,0,0,26,52,54,4,0,0,59,638,235,80,4,9,70,1,0,0,0,6,0,0,60,19,3,0,0,4,0,0,19,0,0,0,9,9,1,6,1,0,2506,162,88,2389,28,0,0,0,160,0,0,2066,767,4/10/2019,2019,4
2019-04-11T00:00:00.000-0400,41,108,0,0,28,55,0,15,0,0,42,630,226,98,6,16,71,11,0,0,0,9,0,0,56,19,4,0,0,5,0,0,18,1,0,0,12,6,0,5,3,0,3273,196,845,1675,751,0,0,0,217,0,0,1261,789,4/11/2019,2019,4
2019-04-12T00:00:00.000-0400,40,0,0,0,32,69,0,15,0,0,34,637,230,62,1,3,59,0,0,0,0,8,0,0,50,17,1,0,0,3,0,0,17,0,0,0,13,4,0,3,0,0,1953,47,147,1806,0,0,0,0,120,0,0,1637,694,4/12/2019,2019,4
2019-04-13T00:00:00.000-0400,131,0,0,0,156,54,0,4,0,0,10,630,235,23,0,0,22,1,0,0,0,2,0,0,20,4,0,0,0,2,0,0,4,0,0,0,3,1,0,0,1,0,1250,0,0,1202,47,0,0,0,448,0,0,754,525,4/13/2019,2019,4
2019-04-14T00:00:00.000-0400,52,0,0,0,87,39,0,3,0,0,20,622,221,27,0,0,26,1,0,0,0,7,0,0,19,7,0,0,0,3,0,0,7,0,0,0,2,5,0,0,1,0,883,0,0,865,17,0,0,0,261,0,0,604,370,4/14/2019,2019,4
2019-04-15T00:00:00.000-0400,35,0,0,0,24,45,26,8,0,0,40,634,217,65,2,2,56,7,0,0,0,10,0,0,44,16,1,0,0,6,0,0,16,0,0,0,7,8,1,1,4,0,2108,365,25,1882,200,0,0,0,387,0,0,1129,567,4/15/2019,2019,4
2019-04-16T00:00:00.000-0400,44,0,0,0,33,60,60,3,0,0,62,646,217,94,3,4,82,8,0,0,0,3,0,0,76,26,2,0,0,3,0,0,26,0,0,0,16,9,1,3,5,0,3447,28,136,3058,251,0,0,0,114,0,0,2916,1149,4/16/2019,2019,4
2019-04-17T00:00:00.000-0400,61,0,0,0,29,110,65,2,0,0,37,640,202,55,2,3,47,5,0,0,0,10,0,0,35,16,2,0,0,5,0,0,16,0,0,0,9,6,1,3,2,0,3321,88,117,2921,282,0,0,0,155,0,0,2677,991,4/17/2019,2019,4
2019-04-18T00:00:00.000-0400,30,0,0,0,28,33,0,5,0,0,36,643,191,49,3,4,44,1,0,0,0,10,0,0,31,15,3,0,0,6,0,0,15,0,0,0,8,7,0,1,1,0,1326,108,158,1133,34,0,0,0,141,0,0,884,456,4/18/2019,2019,4
2019-04-19T00:00:00.000-0400,20,0,0,0,20,17,0,6,0,0,13,622,179,26,0,2,23,1,0,0,0,1,0,0,22,7,0,0,0,1,0,0,7,0,0,0,6,1,0,1,1,0,367,0,36,313,17,0,0,0,34,0,0,278,140,4/19/2019,2019,4
2019-04-20T00:00:00.000-0400,43,0,0,0,19,67,0,1,0,0,6,586,178,8,2,0,7,1,0,0,0,0,0,0,5,2,1,0,0,0,0,0,2,0,0,0,1,1,0,0,0,0,312,19,0,312,0,0,0,0,0,0,0,292,86,4/20/2019,2019,4
2019-04-21T00:00:00.000-0400,66,0,0,0,65,73,0,6,0,0,12,571,175,35,4,3,27,1,4,0,0,1,0,0,22,9,2,0,0,1,0,0,8,0,0,0,8,1,0,1,1,1,2941,1564,9,2916,12,2,0,0,59,0,0,1293,597,4/21/2019,2019,4
2019-04-22T00:00:00.000-0400,38,0,0,0,27,45,49,12,0,0,54,593,185,87,10,4,76,7,0,0,0,4,0,0,62,21,3,0,0,3,0,0,21,0,0,0,9,11,1,3,3,0,3286,881,149,2914,222,0,0,0,31,0,0,2001,802,4/22/2019,2019,4
2019-04-23T00:00:00.000-0400,26,0,0,0,26,27,0,17,0,0,57,601,178,91,0,2,83,5,1,0,0,12,0,0,71,26,0,0,0,7,0,0,26,0,0,0,20,6,0,2,4,1,1871,0,43,1642,185,0,0,0,102,0,0,1540,697,4/23/2019,2019,4
2019-04-24T00:00:00.000-0400,33,0,0,0,25,53,0,18,0,0,47,601,179,96,4,3,91,2,0,0,0,19,0,0,68,24,2,0,0,8,0,0,23,0,0,0,17,7,0,3,1,0,3517,48,117,3393,6,0,0,0,1534,0,0,1810,809,4/24/2019,2019,4
2019-04-25T00:00:00.000-0400,38,0,0,0,33,34,88,9,0,0,53,597,193,82,0,3,75,4,0,0,0,7,0,0,68,23,0,0,0,5,0,0,23,0,0,0,15,6,2,3,3,0,2547,0,155,2323,68,0,0,0,183,0,0,2139,881,4/25/2019,2019,4
2019-04-26T00:00:00.000-0400,35,0,0,0,21,54,69,3,0,0,20,586,202,39,1,14,22,3,0,0,0,4,0,0,17,13,1,0,0,3,0,0,11,0,0,0,8,4,1,8,2,0,1365,20,529,749,87,0,0,0,124,0,0,604,459,4/26/2019,2019,4
2019-04-27T00:00:00.000-0400,35,0,0,0,0,35,0,0,0,0,11,572,204,17,0,0,16,1,0,0,0,2,0,0,14,3,0,0,0,1,0,0,3,0,0,0,0,3,0,0,1,0,370,0,0,340,30,0,0,0,49,0,0,290,105,4/27/2019,2019,4
2019-04-28T00:00:00.000-0400,26,0,0,0,19,46,0,8,0,0,18,558,205,41,1,5,30,2,4,0,0,2,0,0,27,11,0,0,0,2,0,0,11,0,0,0,8,3,0,2,1,4,919,0,56,808,51,2,0,0,76,0,0,732,292,4/28/2019,2019,4
2019-04-29T00:00:00.000-0400,38,0,0,0,26,44,62,4,0,0,48,560,203,68,5,4,59,5,0,0,0,6,0,0,48,18,3,0,0,3,0,0,18,0,0,0,8,8,2,4,3,0,2201,82,158,1770,272,0,0,0,159,0,0,1528,692,4/29/2019,2019,4
2019-04-30T00:00:00.000-0400,27,0,0,0,28,23,0,8,0,0,42,564,193,69,3,1,65,3,0,0,0,3,0,0,59,24,2,0,0,3,0,0,24,0,0,0,20,4,0,1,3,0,1871,63,48,1779,44,0,0,0,48,0,0,1666,663,4/30/2019,2019,4
2019-05-01T00:00:00.000-0400,34,0,0,0,33,44,0,7,0,0,35,558,186,52,0,3,48,1,0,0,0,3,0,0,45,19,0,0,0,3,0,0,19,0,0,0,16,3,0,3,1,0,1597,0,138,1457,1,0,0,0,57,0,0,1400,664,5/1/2019,2019,5
2019-05-02T00:00:00.000-0400,32,0,0,0,34,26,0,0,0,0,20,548,156,32,0,5,26,1,0,0,0,3,0,0,23,11,0,0,0,2,0,0,11,0,0,0,8,3,0,3,1,0,845,0,156,645,43,0,0,0,77,0,0,567,354,5/2/2019,2019,5
2019-05-03T00:00:00.000-0400,48,0,0,0,40,50,96,2,0,0,33,542,164,42,3,2,37,3,0,0,0,2,0,0,32,13,2,0,0,1,0,0,13,0,0,0,8,4,1,1,2,0,2219,121,158,1864,196,0,0,0,23,0,0,1719,626,5/3/2019,2019,5
2019-05-04T00:00:00.000-0400,120,0,0,0,0,120,0,2,0,0,5,521,160,6,0,0,5,1,0,0,0,0,0,0,5,1,0,0,0,0,0,0,1,0,0,0,0,1,0,0,1,0,472,0,0,366,106,0,0,0,0,0,0,366,120,5/4/2019,2019,5
2019-05-05T00:00:00.000-0400,8,0,0,0,1,15,0,0,0,0,6,513,152,8,0,2,6,0,0,0,0,1,0,0,5,2,0,0,0,1,0,0,2,0,0,0,1,1,0,1,0,0,142,0,3,138,0,0,0,0,14,0,0,124,16,5/5/2019,2019,5
2019-05-06T00:00:00.000-0400,42,0,0,0,55,23,0,8,0,0,17,524,132,25,0,0,24,1,0,0,0,2,0,0,22,5,0,0,0,2,0,0,5,0,0,0,3,2,0,0,1,0,588,0,0,551,36,0,0,0,54,0,0,497,213,5/6/2019,2019,5
2019-05-07T00:00:00.000-0400,27,0,0,0,14,65,0,10,0,0,31,529,122,51,0,2,48,1,0,0,0,0,0,0,48,16,0,0,0,0,0,0,16,0,0,0,12,4,0,2,1,0,1524,0,34,1481,8,0,0,0,0,0,0,1481,437,5/7/2019,2019,5
2019-05-08T00:00:00.000-0400,29,0,0,0,29,0,0,6,0,0,19,511,112,30,0,4,26,0,0,0,0,1,1,0,24,10,0,0,0,0,1,0,10,0,0,0,10,0,0,3,0,0,676,0,48,628,0,0,0,0,0,0,0,627,291,5/8/2019,2019,5
2019-05-09T00:00:00.000-0400,43,0,0,0,16,78,0,3,0,0,14,499,109,23,0,1,21,1,0,0,0,1,0,0,20,7,0,0,0,1,0,0,7,0,0,0,4,3,0,1,1,0,3838,0,23,3762,52,0,0,0,27,0,0,3734,303,5/9/2019,2019,5
2019-05-10T00:00:00.000-0400,40,0,0,0,24,61,0,0,0,0,16,491,92,24,1,4,19,1,0,0,0,0,0,0,18,9,1,0,0,0,0,0,9,0,0,0,5,4,0,3,1,0,4882,14,136,4746,0,0,0,0,0,0,0,4732,367,5/10/2019,2019,5
2019-05-11T00:00:00.000-0400,23,0,0,0,12,45,0,0,0,0,5,471,90,7,0,0,7,0,0,0,0,2,0,0,5,3,0,0,0,2,0,0,3,0,0,0,2,1,0,0,0,0,232,0,0,232,0,0,0,0,50,0,0,182,70,5/11/2019,2019,5
2019-05-12T00:00:00.000-0400,52,0,0,0,52,0,0,0,0,0,2,454,84,2,0,0,2,0,0,0,0,0,0,0,2,1,0,0,0,0,0,0,1,0,0,0,1,0,0,0,0,0,118,0,0,118,0,0,0,0,0,0,0,118,52,5/12/2019,2019,5
2019-05-13T00:00:00.000-0400,34,29,0,0,28,45,0,5,0,0,18,458,82,38,0,12,22,4,0,0,0,1,0,0,21,9,0,0,0,0,0,0,8,1,0,0,5,3,0,3,2,0,1176,0,332,602,242,0,0,0,0,0,0,601,308,5/13/2019,2019,5
2019-05-14T00:00:00.000-0400,23,0,0,0,25,15,0,8,0,0,19,465,76,28,0,2,26,0,0,0,0,2,0,0,24,9,0,0,0,2,0,0,9,0,0,0,7,2,0,2,0,0,531,0,82,448,0,0,0,0,22,0,0,426,211,5/14/2019,2019,5
2019-05-15T00:00:00.000-0400,27,0,0,0,28,26,0,9,0,0,25,458,81,35,1,2,31,2,0,0,0,4,0,0,26,11,1,0,0,3,0,0,11,0,0,0,8,3,0,2,1,0,842,1,18,805,18,0,0,0,115,0,0,689,305,5/15/2019,2019,5
2019-05-16T00:00:00.000-0400,36,0,0,0,26,72,0,5,0,0,43,461,103,63,0,2,57,4,0,0,0,3,0,0,54,19,0,0,0,3,0,0,19,0,0,0,15,4,0,2,3,0,2119,0,70,1930,118,0,0,0,29,0,0,1900,694,5/16/2019,2019,5
2019-05-17T00:00:00.000-0400,48,0,0,0,45,54,0,4,0,0,21,452,107,30,0,2,27,1,0,0,0,0,0,0,27,11,0,0,0,0,0,0,11,0,0,0,8,3,0,2,1,0,1268,0,137,1063,68,0,0,0,0,0,0,1063,530,5/17/2019,2019,5
2019-05-18T00:00:00.000-0400,0,0,0,0,0,0,0,1,0,0,1,440,105,1,0,0,1,0,0,0,0,0,0,0,1,0,0,0,0,0,0,0,0,0,0,0,0,0,0,0,0,0,0,0,0,0,0,0,0,0,0,0,0,0,0,5/18/2019,2019,5
2019-05-19T00:00:00.000-0400,59,0,0,0,59,0,0,5,0,0,7,438,109,9,0,0,9,0,0,0,0,0,0,0,9,2,0,0,0,0,0,0,2,0,0,0,2,0,0,0,0,0,283,0,0,283,0,0,0,0,0,0,0,283,119,5/19/2019,2019,5
2019-05-20T00:00:00.000-0400,29,0,0,0,24,56,23,17,0,0,49,462,136,77,6,3,71,2,1,0,0,0,0,0,65,20,2,0,0,0,0,0,20,0,0,0,16,3,1,2,2,1,1667,38,25,1502,115,22,0,0,0,0,0,1464,583,5/20/2019,2019,5
2019-05-21T00:00:00.000-0400,33,0,0,0,27,43,0,4,0,0,54,488,156,84,7,0,80,4,0,0,0,6,0,0,67,26,2,0,0,6,0,0,26,0,0,0,17,9,0,0,4,0,2900,27,0,2763,136,0,0,0,747,0,0,1988,866,5/21/2019,2019,5
2019-05-22T00:00:00.000-0400,37,0,0,0,34,46,0,14,0,0,47,483,173,71,2,1,69,0,1,0,0,8,0,0,59,20,1,0,0,4,0,0,20,0,0,0,16,4,0,1,0,1,2073,25,110,1961,0,0,0,0,101,0,0,1834,741,5/22/2019,2019,5
2019-05-23T00:00:00.000-0400,23,0,0,0,22,49,0,7,0,0,52,482,181,85,5,2,78,5,0,0,0,5,0,0,68,34,3,0,0,4,0,0,34,0,0,0,32,2,0,2,4,0,2157,3,158,1911,88,0,0,0,104,0,0,1803,807,5/23/2019,2019,5
2019-06-04T00:00:00.000-0400,0,0,0,0,0,0,0,0,0,0,34,469,190,0,0,0,0,0,0,0,0,0,0,0,0,0,0,0,0,0,0,0,0,0,0,0,0,0,0,0,0,0,0,0,0,0,0,0,0,0,0,0,0,0,0,6/4/2019,2019,6
2019-06-05T00:00:00.000-0400,0,0,0,0,0,0,0,0,0,0,33,465,185,0,0,0,0,0,0,0,0,0,0,0,0,0,0,0,0,0,0,0,0,0,0,0,0,0,0,0,0,0,0,0,0,0,0,0,0,0,0,0,0,0,0,6/5/2019,2019,6
2019-06-06T00:00:00.000-0400,36,0,0,0,21,58,107,16,0,0,47,467,171,68,2,5,56,6,1,0,0,4,0,0,50,18,1,0,0,4,0,0,17,0,0,0,12,5,1,3,4,1,2216,4,80,1989,145,0,0,0,89,0,0,1895,664,6/6/2019,2019,6
2019-06-07T00:00:00.000-0400,44,0,0,0,33,62,0,10,0,0,38,487,187,58,0,7,48,3,0,0,0,1,0,0,47,16,0,0,0,1,0,0,16,0,0,0,10,6,0,3,2,0,2087,0,260,1778,47,0,0,0,34,0,0,1744,706,6/7/2019,2019,6
2019-06-08T00:00:00.000-0400,35,0,0,0,35,0,0,1,0,0,3,479,186,3,0,1,2,0,0,0,0,0,0,0,2,1,0,0,0,0,0,0,1,0,0,0,1,0,0,1,0,0,73,0,36,37,0,0,0,0,0,0,0,37,35,6/8/2019,2019,6
2019-06-09T00:00:00.000-0400,41,0,0,0,42,36,62,4,0,0,25,486,197,43,3,2,40,1,0,0,0,3,0,0,34,9,2,0,0,1,0,0,9,0,0,0,3,5,1,1,1,0,1142,82,51,1069,21,0,0,0,85,0,0,901,373,6/9/2019,2019,6
2019-06-10T00:00:00.000-0400,48,0,189,0,36,45,0,5,0,0,36,493,189,71,1,19,48,4,0,0,0,3,0,0,44,17,1,0,0,3,0,0,17,0,1,0,11,5,0,2,3,0,4170,13,2138,1899,131,0,0,0,113,0,0,1772,819,6/10/2019,2019,6
2019-06-11T00:00:00.000-0400,34,0,0,0,28,43,0,17,0,0,68,521,212,103,0,11,88,4,0,0,0,4,0,0,84,29,0,0,0,3,0,0,29,0,0,0,17,12,0,6,4,0,2702,0,294,2235,171,0,0,0,201,0,0,2034,995,6/11/2019,2019,6
2019-06-12T00:00:00.000-0400,22,34,0,0,22,20,0,13,0,0,66,532,227,100,6,11,87,1,1,0,0,12,0,0,69,25,4,0,0,7,0,0,25,1,0,0,16,8,0,3,1,1,1969,92,256,1709,0,2,0,0,180,0,0,1436,559,6/12/2019,2019,6
2019-06-13T00:00:00.000-0400,44,33,145,0,39,30,0,12,0,0,37,528,217,81,1,10,53,18,0,0,0,3,0,0,49,13,1,0,0,1,0,0,13,1,1,0,7,4,0,2,3,0,3171,7,614,1511,1046,0,0,0,46,0,0,1457,575,6/13/2019,2019,6
2019-06-14T00:00:00.000-0400,27,0,0,0,29,25,0,9,0,0,30,530,208,49,0,4,40,5,0,0,0,3,0,0,37,12,0,0,0,3,0,0,12,0,0,0,7,5,0,2,3,0,953,0,14,840,98,0,0,0,145,0,0,694,333,6/14/2019,2019,6
2019-06-15T00:00:00.000-0400,8,0,0,0,8,0,0,4,0,0,6,510,206,6,0,0,6,0,0,0,0,0,0,0,6,1,0,0,0,0,0,0,1,0,0,0,1,0,0,0,0,0,49,0,0,49,0,0,0,0,0,0,0,49,8,6/15/2019,2019,6
2019-06-16T00:00:00.000-0400,29,0,0,0,19,59,0,3,0,0,11,502,197,13,0,0,13,0,0,0,0,2,0,0,11,4,0,0,0,1,0,0,4,0,0,0,3,1,0,0,0,0,381,0,0,381,0,0,0,0,57,0,0,324,118,6/16/2019,2019,6
2019-06-17T00:00:00.000-0400,24,0,0,0,19,67,63,16,0,0,59,519,209,127,2,9,115,3,0,0,0,5,0,0,108,38,1,0,0,4,0,0,38,0,0,0,34,3,1,6,1,0,2585,79,214,2298,71,0,0,0,183,0,0,2035,945,6/17/2019,2019,6
2019-06-18T00:00:00.000-0400,28,0,0,0,18,45,0,14,0,0,34,530,188,57,3,1,55,1,0,0,0,2,0,0,50,14,1,0,0,2,0,0,14,0,0,0,9,5,0,1,1,0,1422,49,47,1372,1,0,0,0,54,0,0,1267,396,6/18/2019,2019,6
2019-06-19T00:00:00.000-0400,35,57,0,0,25,56,0,10,0,0,0,0,0,74,1,5,67,2,0,0,0,0,0,0,66,19,0,0,0,0,0,0,19,1,0,0,13,5,0,4,2,0,2672,0,155,2420,95,0,0,0,0,0,0,2420,674,6/19/2019,2019,6
2019-06-20T00:00:00.000-0400,17,0,0,0,18,11,0,11,0,0,45,522,190,54,2,4,43,4,3,0,0,0,0,0,41,17,1,0,0,0,0,0,17,0,0,0,14,3,0,2,2,3,902,83,63,822,13,2,0,0,0,0,0,738,298,6/20/2019,2019,6
2019-06-21T00:00:00.000-0400,40,27,0,0,17,118,59,4,0,0,37,525,194,83,2,3,72,7,1,0,0,2,0,0,68,24,2,0,0,2,0,0,22,1,0,0,17,5,1,3,6,1,3840,13,79,3575,184,0,0,0,25,0,0,3537,969,6/21/2019,2019,6
2019-06-22T00:00:00.000-0400,0,0,0,0,0,0,0,0,0,0,0,506,191,0,0,0,0,0,0,0,0,0,0,0,0,0,0,0,0,0,0,0,0,0,0,0,0,0,0,0,0,0,0,0,0,0,0,0,0,0,0,0,0,0,0,6/22/2019,2019,6
2019-06-23T00:00:00.000-0400,42,0,0,0,57,26,0,4,0,0,7,494,190,10,0,0,10,0,0,0,0,1,0,0,9,2,0,0,0,1,0,0,2,0,0,0,1,1,0,0,0,0,228,0,0,228,0,0,0,0,26,0,0,201,84,6/23/2019,2019,6
2019-06-24T00:00:00.000-0400,33,0,0,0,30,41,48,13,0,0,33,506,161,53,0,3,44,6,0,0,0,2,0,0,42,14,0,0,0,1,0,0,14,0,0,0,11,2,1,3,2,0,1429,0,166,1202,60,0,0,0,16,0,0,1185,467,6/24/2019,2019,6
2019-06-25T00:00:00.000-0400,26,0,0,0,20,43,0,6,0,0,0,0,0,38,1,1,36,1,0,0,0,1,0,0,34,11,1,0,0,1,0,0,11,0,0,0,8,3,0,1,1,0,895,52,3,869,22,0,0,0,3,0,0,813,291,6/25/2019,2019,6
2019-06-26T00:00:00.000-0400,23,0,0,0,17,41,0,11,0,0,51,538,155,87,2,4,75,8,0,0,0,9,0,0,64,30,2,0,0,7,0,0,30,0,0,0,23,7,0,3,6,0,2299,53,87,1997,213,0,0,0,103,0,0,1841,704,6/26/2019,2019,6
2019-06-27T00:00:00.000-0400,25,0,0,0,21,62,45,9,0,0,0,0,0,91,3,1,84,6,0,0,0,3,0,0,78,32,1,0,0,2,0,0,32,0,0,0,28,2,2,1,3,0,2461,42,17,2270,173,0,0,0,56,0,0,2171,829,6/27/2019,2019,6
2019-06-28T00:00:00.000-0400,50,0,0,0,46,62,0,7,0,0,19,541,159,29,0,7,22,0,0,0,0,1,0,0,21,8,0,0,0,1,0,0,8,0,0,0,6,2,0,4,0,0,2355,0,417,1937,0,0,0,0,15,0,0,1922,405,6/28/2019,2019,6
2019-06-29T00:00:00.000-0400,18,0,0,0,0,18,0,3,0,0,9,519,162,11,0,0,11,0,0,0,0,1,0,0,10,2,0,0,0,1,0,0,2,0,0,0,0,2,0,0,0,0,146,0,0,146,0,0,0,0,13,0,0,132,36,6/29/2019,2019,6
2019-06-30T00:00:00.000-0400,30,0,0,0,30,0,0,1,0,0,4,512,162,6,0,2,4,0,0,0,0,2,0,0,2,2,0,0,0,0,0,0,2,0,0,0,2,0,0,2,0,0,129,0,63,65,0,0,0,0,0,0,0,65,60,6/30/2019,2019,6
2019-07-01T00:00:00.000-0400,35,0,0,0,24,57,0,8,0,0,39,527,162,68,0,2,65,1,0,0,0,7,0,0,58,22,0,0,0,5,0,0,22,0,0,0,15,7,0,1,1,0,7623,0,43,7526,53,0,0,0,86,0,0,7440,775,7/1/2019,2019,7
2019-07-02T00:00:00.000-0400,37,0,0,0,35,39,65,8,0,0,51,550,178,74,0,1,70,3,0,0,0,4,0,0,66,23,0,0,0,2,0,0,23,0,0,0,18,4,1,1,3,0,2558,0,54,2418,85,0,0,0,127,0,0,2291,870,7/2/2019,2019,7
2019-07-03T00:00:00.000-0400,32,0,0,0,30,41,0,4,0,0,28,541,160,42,0,5,37,0,0,0,0,1,0,0,36,16,0,0,0,1,0,0,16,0,0,0,13,3,0,5,0,0,1381,0,106,1274,0,0,0,0,30,0,0,1244,523,7/3/2019,2019,7
2019-07-04T00:00:00.000-0400,17,0,0,0,17,0,0,1,0,0,4,527,119,6,1,1,5,0,0,0,0,0,0,0,4,2,1,0,0,0,0,0,2,0,0,0,2,0,0,1,0,0,112,23,11,100,0,0,0,0,0,0,0,77,34,7/4/2019,2019,7
2019-07-05T00:00:00.000-0400,54,0,0,0,29,67,0,4,0,0,12,523,125,14,0,1,11,2,0,0,0,1,0,0,10,3,0,0,0,0,0,0,3,0,0,0,1,2,0,1,1,0,478,0,52,355,70,0,0,0,0,0,0,355,164,7/5/2019,2019,7
2019-07-06T00:00:00.000-0400,0,0,0,0,0,0,0,3,0,0,2,507,121,4,0,0,4,0,0,0,0,0,0,0,4,0,0,0,0,0,0,0,0,0,0,0,0,0,0,0,0,0,3,0,0,3,0,0,0,0,0,0,0,3,0,7/6/2019,2019,7
2019-07-07T00:00:00.000-0400,43,0,0,0,43,0,0,0,0,0,2,489,119,2,0,0,2,0,0,0,0,0,0,0,2,1,0,0,0,0,0,0,1,0,0,0,1,0,0,0,0,0,87,0,0,87,0,0,0,0,0,0,0,87,43,7/7/2019,2019,7
2019-07-08T00:00:00.000-0400,26,0,0,0,24,29,0,5,0,0,32,499,114,44,0,1,41,2,0,0,0,2,0,0,39,15,0,0,0,2,0,0,15,0,0,0,10,5,0,1,1,0,1034,0,18,992,23,0,0,0,43,0,0,949,396,7/8/2019,2019,7
2019-07-09T00:00:00.000-0400,32,0,0,0,32,32,0,7,0,0,43,506,106,60,1,0,58,2,0,0,0,2,0,0,55,22,1,0,0,2,0,0,22,0,0,0,18,4,0,0,2,0,1834,4,0,1780,53,0,0,0,31,0,0,1745,719,7/9/2019,2019,7
2019-07-10T00:00:00.000-0400,33,0,0,0,30,50,0,9,0,0,28,504,103,36,1,2,33,1,0,0,0,1,0,0,31,12,1,0,0,1,0,0,12,0,0,0,10,2,0,2,1,0,1023,20,60,922,40,0,0,0,24,0,0,877,401,7/10/2019,2019,7
2019-07-11T00:00:00.000-0400,50,0,35,0,24,44,205,5,0,0,36,494,131,55,1,4,41,10,0,0,0,1,0,0,39,8,1,0,0,1,0,0,8,0,1,0,5,1,1,3,3,0,1908,29,247,1080,579,0,0,0,37,0,0,1013,406,7/11/2019,2019,7
2019-07-12T00:00:00.000-0400,33,0,0,0,24,41,36,4,0,0,31,481,138,42,0,4,36,2,0,0,0,3,1,0,32,10,0,0,0,2,0,0,10,0,0,0,4,5,1,2,2,0,1071,0,111,898,61,0,0,0,66,0,0,831,338,7/12/2019,2019,7
2019-07-13T00:00:00.000-0400,36,0,0,0,36,0,0,4,0,0,3,474,138,6,1,0,6,0,0,0,0,0,0,0,5,1,0,0,0,0,0,0,1,0,0,0,1,0,0,0,0,0,119,0,0,119,0,0,0,0,0,0,0,119,36,7/13/2019,2019,7
2019-07-14T00:00:00.000-0400,73,0,0,0,73,0,0,2,0,0,4,463,140,6,0,2,4,0,0,0,0,0,0,0,4,2,0,0,0,0,0,0,2,0,0,0,2,0,0,2,0,0,336,0,147,189,0,0,0,0,0,0,0,189,147,7/14/2019,2019,7
2019-07-15T00:00:00.000-0400,37,0,0,0,26,73,0,3,0,0,34,475,140,49,5,5,42,2,0,0,0,3,0,0,34,17,3,0,0,2,0,0,15,0,0,0,13,4,0,5,2,0,1730,54,86,1614,29,0,0,0,198,0,0,1362,633,7/15/2019,2019,7
2019-07-16T00:00:00.000-0400,41,0,0,0,38,62,17,5,0,0,40,482,145,55,0,5,49,1,0,0,0,0,0,0,49,17,0,0,0,0,0,0,17,0,0,0,13,3,1,5,1,0,1886,0,283,1579,23,0,0,0,0,0,0,1579,706,7/16/2019,2019,7
2019-07-17T00:00:00.000-0400,43,46,0,0,38,54,0,3,0,0,0,0,0,56,1,4,48,4,0,0,0,2,0,0,45,14,0,0,0,2,0,0,14,1,0,0,9,4,0,3,3,0,1984,0,226,1588,169,0,0,0,72,0,0,1515,607,7/17/2019,2019,7
2019-07-18T00:00:00.000-0400,37,0,28,0,36,42,23,7,0,0,59,453,168,88,0,2,76,10,0,0,0,9,0,0,67,22,0,0,0,6,0,0,22,0,1,0,11,9,1,2,4,0,2703,0,52,2447,203,0,0,0,256,0,0,2190,831,7/18/2019,2019,7
2019-07-19T00:00:00.000-0400,31,0,42,0,21,65,37,7,0,0,42,453,178,74,0,4,59,11,0,0,0,3,0,0,56,17,0,0,0,2,0,0,17,0,1,0,12,3,1,2,3,0,4075,0,53,3783,238,0,0,0,109,0,0,3673,537,7/19/2019,2019,7
2019-07-20T00:00:00.000-0400,85,0,0,0,85,0,0,1,0,0,3,435,179,4,0,2,2,0,0,0,0,0,0,0,2,1,0,0,0,0,0,0,1,0,0,0,1,0,0,1,0,0,179,0,85,94,0,0,0,0,0,0,0,94,85,7/20/2019,2019,7
2019-07-21T00:00:00.000-0400,124,0,0,0,124,0,0,1,0,0,5,418,182,5,0,0,5,0,0,0,0,0,0,0,5,2,0,0,0,0,0,0,2,0,0,0,2,0,0,0,0,0,503,0,0,503,0,0,0,0,0,0,0,503,249,7/21/2019,2019,7
2019-07-22T00:00:00.000-0400,35,0,0,0,36,28,59,3,0,0,43,437,189,55,4,4,49,2,0,0,0,4,0,0,41,15,1,0,0,2,0,0,14,0,0,0,9,5,1,3,2,0,1916,40,83,1789,43,0,0,0,79,0,0,1669,529,7/22/2019,2019,7
2019-07-23T00:00:00.000-0400,35,0,0,0,28,54,0,6,0,0,0,0,0,54,3,1,51,1,1,0,0,2,0,0,46,19,1,0,0,2,0,0,19,0,0,0,14,5,0,1,1,1,2094,29,68,1968,56,1,0,0,110,0,0,1828,676,7/23/2019,2019,7
2019-07-25T00:00:00.000-0400,29,32,0,0,24,70,0,3,0,0,34,466,177,61,0,6,50,5,0,0,0,2,0,0,48,19,0,0,0,2,0,0,19,1,0,0,16,2,0,6,2,0,1782,0,221,1436,123,0,0,0,37,0,0,1398,563,7/25/2019,2019,7
2019-07-26T00:00:00.000-0400,37,0,0,0,23,42,82,1,0,0,23,456,159,35,0,5,26,4,0,0,0,1,0,0,25,11,0,0,0,1,0,0,11,0,0,0,5,5,1,2,3,0,1470,0,355,890,223,0,0,0,31,0,0,859,410,7/26/2019,2019,7
2019-07-27T00:00:00.000-0400,0,0,0,0,0,0,0,0,0,0,0,436,156,0,0,0,0,0,0,0,0,0,0,0,0,0,0,0,0,0,0,0,0,0,0,0,0,0,0,0,0,0,0,0,0,0,0,0,0,0,0,0,0,0,0,7/27/2019,2019,7
2019-07-28T00:00:00.000-0400,0,0,0,0,0,0,0,0,0,0,1,432,151,0,0,0,0,0,0,0,0,0,0,0,0,0,0,0,0,0,0,0,0,0,0,0,0,0,0,0,0,0,0,0,0,0,0,0,0,0,0,0,0,0,0,7/28/2019,2019,7
2019-07-29T00:00:00.000-0400,28,0,0,0,23,35,0,3,0,0,31,438,138,49,3,5,44,0,0,0,0,1,1,0,39,18,2,0,0,1,1,0,18,0,0,0,11,7,0,4,0,0,1430,29,172,1257,0,0,0,0,20,1,0,1206,508,7/29/2019,2019,7
2019-07-30T00:00:00.000-0400,33,0,0,0,28,42,0,2,0,0,21,439,121,24,0,1,21,2,0,0,0,2,0,0,19,8,0,0,0,1,0,0,8,0,0,0,5,3,0,1,1,0,661,0,30,628,2,0,0,0,22,0,0,606,271,7/30/2019,2019,7
2019-07-31T00:00:00.000-0400,34,0,0,0,31,41,58,5,0,0,35,444,114,46,0,10,35,1,0,0,0,6,0,0,29,13,0,0,0,5,0,0,13,0,0,0,10,2,1,4,1,0,1766,0,309,1433,23,0,0,0,229,0,0,1203,452,7/31/2019,2019,7
2019-08-02T00:00:00.000-0400,29,0,52,0,26,37,0,5,0,0,36,435,130,71,0,4,56,8,3,0,0,7,0,0,49,17,0,0,0,1,0,0,16,0,1,0,13,3,0,4,2,1,2645,0,118,2403,121,2,0,0,319,0,0,2084,507,8/2/2019,2019,8
2019-08-03T00:00:00.000-0400,16,0,0,0,16,0,0,0,0,0,1,435,131,4,0,1,3,0,0,0,0,0,0,0,3,2,0,0,0,0,0,0,2,0,0,0,2,0,0,1,0,0,76,0,33,43,0,0,0,0,0,0,0,43,33,8/3/2019,2019,8
2019-08-04T00:00:00.000-0400,19,0,0,0,19,0,0,0,0,0,2,427,130,2,0,0,2,0,0,0,0,0,0,0,2,1,0,0,0,0,0,0,1,0,0,0,1,0,0,0,0,0,39,0,0,39,0,0,0,0,0,0,0,39,19,8/4/2019,2019,8
2019-08-05T00:00:00.000-0400,30,0,0,0,26,38,0,0,0,0,34,438,137,49,0,2,43,4,0,0,0,4,0,0,39,17,0,0,0,2,0,0,17,0,0,0,12,5,0,2,3,0,1435,0,73,1306,55,0,0,0,195,0,0,1111,517,8/5/2019,2019,8
2019-08-06T00:00:00.000-0400,41,0,0,0,40,43,0,2,0,0,33,447,141,49,0,4,39,6,0,0,0,2,0,0,37,17,0,0,0,2,0,0,16,0,0,0,12,5,0,3,4,0,3491,0,217,3113,161,0,0,0,62,0,0,3051,708,8/6/2019,2019,8
2019-08-07T00:00:00.000-0400,31,0,0,0,30,37,0,10,0,0,37,452,142,63,1,3,57,3,0,0,0,2,2,0,52,23,1,0,0,1,2,0,23,0,0,0,21,2,0,3,2,0,5472,24,43,5336,92,0,0,0,20,19,0,5272,719,8/7/2019,2019,8
2019-08-08T00:00:00.000-0400,36,0,0,0,34,39,0,3,0,0,21,444,124,21,0,0,17,4,0,0,0,2,0,0,15,6,0,0,0,1,0,0,6,0,0,0,3,3,0,0,2,0,576,0,0,502,73,0,0,0,28,0,0,473,221,8/8/2019,2019,8
2019-08-09T00:00:00.000-0400,29,0,0,0,20,56,40,3,0,0,25,434,114,42,0,3,37,2,0,0,0,1,0,0,36,14,0,0,0,1,0,0,14,0,0,0,10,3,1,3,2,0,1351,0,31,1221,98,0,0,0,2,0,0,1219,409,8/9/2019,2019,8
2019-08-10T00:00:00.000-0400,0,0,0,0,0,0,0,0,0,0,0,421,113,0,0,0,0,0,0,0,0,0,0,0,0,0,0,0,0,0,0,0,0,0,0,0,0,0,0,0,0,0,0,0,0,0,0,0,0,0,0,0,0,0,0,8/10/2019,2019,8
2019-08-11T00:00:00.000-0400,0,0,0,0,0,0,0,2,0,0,4,414,117,2,0,0,2,0,0,0,0,0,0,0,2,0,0,0,0,0,0,0,0,0,0,0,0,0,0,0,0,0,0,0,0,0,0,0,0,0,0,0,0,0,0,8/11/2019,2019,8
2019-08-12T00:00:00.000-0400,48,125,0,0,27,52,0,2,0,0,40,432,124,57,2,4,47,6,0,0,0,3,0,0,42,13,1,0,0,1,0,0,12,1,0,0,5,7,0,2,3,0,4985,24,86,4809,90,0,0,0,200,0,0,4583,628,8/12/2019,2019,8
2019-08-13T00:00:00.000-0400,19,0,0,0,14,31,0,8,0,0,22,437,120,26,1,0,25,1,0,0,0,0,0,0,24,7,1,0,0,0,0,0,7,0,0,0,5,2,0,0,1,0,467,41,0,453,13,0,0,0,0,0,0,412,134,8/13/2019,2019,8
2019-08-14T00:00:00.000-0400,42,0,0,0,48,38,0,4,0,0,34,436,109,45,0,2,40,3,0,0,0,0,0,0,40,11,0,0,0,0,0,0,11,0,0,0,5,6,0,2,3,0,1524,0,24,1382,116,0,0,0,0,0,0,1382,470,8/14/2019,2019,8
2019-08-15T00:00:00.000-0400,26,27,0,0,17,48,0,6,0,0,32,434,117,47,0,2,40,5,0,0,0,2,0,0,38,11,0,0,0,1,0,0,11,1,0,0,7,3,0,2,2,0,1319,0,101,1094,123,0,0,0,29,0,0,1065,296,8/15/2019,2019,8
2019-08-16T00:00:00.000-0400,16,0,0,0,13,0,46,0,0,0,19,424,115,28,0,0,26,2,0,0,0,0,0,0,26,9,0,0,0,0,0,0,9,0,0,0,8,0,1,0,2,0,821,0,0,772,49,0,0,0,0,0,0,772,152,8/16/2019,2019,8
2019-08-17T00:00:00.000-0400,0,0,0,0,0,0,0,0,0,0,1,393,115,0,0,0,0,0,0,0,0,0,0,0,0,0,0,0,0,0,0,0,0,0,0,0,0,0,0,0,0,0,0,0,0,0,0,0,0,0,0,0,0,0,0,8/17/2019,2019,8
